2026-08-21T21:29:53.877983Z  INFO herdr::api::server: api server listening path=/home/mbv/.config/herdr/herdr.sock
2026-08-21T21:29:53.879087Z  INFO herdr::app: using pane scrollback configuration pane_scrollback_limit_bytes=10000000
2026-08-21T21:29:53.893940Z  INFO herdr::logging: checking for updates event="update.check.start" subsystem="update" outcome="started"
2026-08-21T21:29:53.895300Z  INFO herdr::logging: spawning pane terminal event="pane.spawn.start" subsystem="pane" outcome="started" pane_id=1 rows=24 cols=80 scrollback_limit_bytes=10000000
2026-08-21T21:29:53.896279Z  INFO herdr::logging: pane child spawned event="pane.spawned" subsystem="pane" outcome="ok" pane_id=1 pid=676585
2026-08-21T21:29:53.896425Z  INFO herdr::logging: workspace created event="workspace.create" subsystem="workspace" outcome="ok" workspace_id="w1" pane_id=1
2026-08-21T21:29:53.896430Z  INFO herdr::logging: workspace focused event="workspace.focus" subsystem="workspace" outcome="ok" workspace_id="w1"
2026-08-21T21:29:53.896770Z  INFO herdr::logging: tab focused event="tab.focus" subsystem="tab" outcome="ok" workspace_id="w1" tab_id="w1:t1"
2026-08-21T21:29:53.896774Z  INFO herdr::server::headless: created startup workspace cwd=/home/mbv
2026-08-21T21:29:53.896822Z  INFO herdr::server::headless: client protocol socket listening path=/home/mbv/.config/herdr/herdr-client.sock
2026-08-21T21:29:53.896837Z  INFO herdr::server::headless: herdr server started api_socket=/home/mbv/.config/herdr/herdr.sock client_socket=/home/mbv/.config/herdr/herdr-client.sock
2026-08-21T21:29:53.896950Z  INFO herdr::logging: herdr starting event="app.startup" subsystem="server" outcome="started" pid=676545
2026-08-21T21:29:53.946557Z  INFO herdr::server::headless: client connected client_id=2 cols=358 rows=80 cell_width_px=0 cell_height_px=0 render_encoding=SemanticFrame
2026-08-21T21:29:54.009015Z  WARN herdr::detect::manifest_update: skipping unknown remote manifest agent agent="qwen"
2026-08-21T21:29:54.041591Z  INFO herdr::logging: update available event="update.available" subsystem="update" outcome="ok" version="0.8.2"
2026-08-21T21:29:54.041603Z  INFO herdr::update: new stable build available at https://github.com/herdrdev/herdr/releases/download/v0.8.2/herdr-linux-x86_64
2026-08-21T21:29:54.041688Z  INFO herdr::update: auto-update check: 0.8.2 available, waiting for explicit install
2026-08-21T21:29:55.598259Z  INFO herdr::logging: pane child exited event="pane.exit" subsystem="pane" outcome="completed" pane_id=1 status="ExitStatus { code: 0, signal: None }"
2026-08-21T21:29:55.602312Z  INFO herdr::pane: pane session terminated pane=1 pid=676585 signal=Hangup
2026-08-21T21:29:55.602396Z  INFO herdr::logging: spawning pane terminal event="pane.spawn.start" subsystem="pane" outcome="started" pane_id=2 rows=79 cols=332 scrollback_limit_bytes=10000000
2026-08-21T21:29:55.603664Z  INFO herdr::logging: pane child spawned event="pane.spawned" subsystem="pane" outcome="ok" pane_id=2 pid=676964
2026-08-21T21:29:55.603803Z  INFO herdr::logging: workspace created event="workspace.create" subsystem="workspace" outcome="ok" workspace_id="w2" pane_id=2
2026-08-21T21:29:55.603809Z  INFO herdr::logging: workspace focused event="workspace.focus" subsystem="workspace" outcome="ok" workspace_id="w2"
2026-08-21T21:29:55.603816Z  INFO herdr::logging: tab focused event="tab.focus" subsystem="tab" outcome="ok" workspace_id="w2" tab_id="w2:t1"
2026-08-21T21:29:56.815342Z  INFO herdr::logging: pane child exited event="pane.exit" subsystem="pane" outcome="completed" pane_id=2 status="ExitStatus { code: 130, signal: None }"
2026-08-21T21:29:56.819414Z  INFO herdr::pane: pane session terminated pane=2 pid=676964 signal=Hangup
2026-08-21T21:29:56.819507Z  INFO herdr::logging: spawning pane terminal event="pane.spawn.start" subsystem="pane" outcome="started" pane_id=3 rows=79 cols=332 scrollback_limit_bytes=10000000
2026-08-21T21:29:56.820708Z  INFO herdr::logging: pane child spawned event="pane.spawned" subsystem="pane" outcome="ok" pane_id=3 pid=677284
2026-08-21T21:29:56.820816Z  INFO herdr::logging: workspace created event="workspace.create" subsystem="workspace" outcome="ok" workspace_id="w3" pane_id=3
2026-08-21T21:29:56.820831Z  INFO herdr::logging: workspace focused event="workspace.focus" subsystem="workspace" outcome="ok" workspace_id="w3"
2026-08-21T21:29:56.820846Z  INFO herdr::logging: tab focused event="tab.focus" subsystem="tab" outcome="ok" workspace_id="w3" tab_id="w3:t1"
2026-08-21T21:30:01.822367Z  INFO herdr::logging: session saved event="persist.save" subsystem="persist" outcome="ok" path=/home/mbv/.config/herdr/session.json workspaces=1
2026-08-21T21:30:07.809291Z  INFO herdr::logging: pane child exited event="pane.exit" subsystem="pane" outcome="completed" pane_id=3 status="ExitStatus { code: 0, signal: None }"
2026-08-21T21:30:07.811937Z  INFO herdr::pane: pane session terminated pane=3 pid=677284 signal=Hangup
2026-08-21T21:30:07.812013Z  INFO herdr::logging: spawning pane terminal event="pane.spawn.start" subsystem="pane" outcome="started" pane_id=4 rows=79 cols=332 scrollback_limit_bytes=10000000
2026-08-21T21:30:07.813217Z  INFO herdr::logging: pane child spawned event="pane.spawned" subsystem="pane" outcome="ok" pane_id=4 pid=677777
2026-08-21T21:30:07.813352Z  INFO herdr::logging: workspace created event="workspace.create" subsystem="workspace" outcome="ok" workspace_id="w4" pane_id=4
2026-08-21T21:30:07.813359Z  INFO herdr::logging: workspace focused event="workspace.focus" subsystem="workspace" outcome="ok" workspace_id="w4"
2026-08-21T21:30:07.813368Z  INFO herdr::logging: tab focused event="tab.focus" subsystem="tab" outcome="ok" workspace_id="w4" tab_id="w4:t1"
2026-08-21T21:30:08.359745Z  INFO herdr::server::headless: client resize client_id=2 cols=80 rows=24 cell_width_px=0 cell_height_px=0
2026-08-21T21:30:08.361094Z  INFO herdr::server::headless: client detached client_id=2
2026-08-21T21:30:08.361116Z  INFO herdr::server::headless: client disconnected client_id=2
2026-08-21T21:30:12.814830Z  INFO herdr::logging: session saved event="persist.save" subsystem="persist" outcome="ok" path=/home/mbv/.config/herdr/session.json workspaces=1
2026-08-21T21:34:42.756531Z  INFO herdr::server::headless: client connected client_id=4 cols=176 rows=80 cell_width_px=0 cell_height_px=0 render_encoding=SemanticFrame
2026-08-21T21:35:00.851363Z  INFO herdr::logging: pane child exited event="pane.exit" subsystem="pane" outcome="completed" pane_id=4 status="ExitStatus { code: 0, signal: None }"
2026-08-21T21:35:00.852501Z  INFO herdr::pane: pane session terminated pane=4 pid=677777 signal=Hangup
2026-08-21T21:35:00.852576Z  INFO herdr::logging: spawning pane terminal event="pane.spawn.start" subsystem="pane" outcome="started" pane_id=5 rows=79 cols=150 scrollback_limit_bytes=10000000
2026-08-21T21:35:00.853855Z  INFO herdr::logging: pane child spawned event="pane.spawned" subsystem="pane" outcome="ok" pane_id=5 pid=687299
2026-08-21T21:35:00.853971Z  INFO herdr::logging: workspace created event="workspace.create" subsystem="workspace" outcome="ok" workspace_id="w5" pane_id=5
2026-08-21T21:35:00.853976Z  INFO herdr::logging: workspace focused event="workspace.focus" subsystem="workspace" outcome="ok" workspace_id="w5"
2026-08-21T21:35:00.853983Z  INFO herdr::logging: tab focused event="tab.focus" subsystem="tab" outcome="ok" workspace_id="w5" tab_id="w5:t1"
2026-08-21T21:35:05.854704Z  INFO herdr::logging: session saved event="persist.save" subsystem="persist" outcome="ok" path=/home/mbv/.config/herdr/session.json workspaces=1
2026-08-21T21:35:14.443330Z  INFO herdr::server::headless: client detach requested via keybind client_id=4
2026-08-21T21:35:14.444482Z  INFO herdr::server::headless: client disconnected client_id=4
2026-08-21T21:38:26.054057Z  INFO herdr::server::headless: client connected client_id=6 cols=176 rows=80 cell_width_px=0 cell_height_px=0 render_encoding=SemanticFrame
2026-08-21T21:38:50.749746Z  INFO herdr::logging: spawning pane terminal event="pane.spawn.start" subsystem="pane" outcome="started" pane_id=6 rows=79 cols=150 scrollback_limit_bytes=10000000
2026-08-21T21:38:50.751136Z  INFO herdr::logging: pane child spawned event="pane.spawned" subsystem="pane" outcome="ok" pane_id=6 pid=696202
2026-08-21T21:38:50.751259Z  INFO herdr::logging: tab focused event="tab.focus" subsystem="tab" outcome="ok" workspace_id="w5" tab_id="w5:t1"
2026-08-21T21:38:55.752736Z  INFO herdr::logging: session saved event="persist.save" subsystem="persist" outcome="ok" path=/home/mbv/.config/herdr/session.json workspaces=1
2026-08-21T21:39:03.043814Z  INFO herdr::logging: pane child exited event="pane.exit" subsystem="pane" outcome="completed" pane_id=6 status="ExitStatus { code: 0, signal: None }"
2026-08-21T21:39:03.044776Z  INFO herdr::pane: pane session terminated pane=6 pid=696202 signal=Hangup
2026-08-21T21:39:08.045860Z  INFO herdr::logging: session saved event="persist.save" subsystem="persist" outcome="ok" path=/home/mbv/.config/herdr/session.json workspaces=1
2026-08-21T21:39:08.992324Z  INFO herdr::server::headless: client detach requested via keybind client_id=6
2026-08-21T21:39:08.993413Z  INFO herdr::server::headless: client disconnected client_id=6
2026-08-21T21:40:51.197892Z  INFO herdr::server::headless: client connected client_id=8 cols=176 rows=80 cell_width_px=0 cell_height_px=0 render_encoding=SemanticFrame
2026-08-21T21:40:55.744203Z  WARN herdr::config::keybinds: config diagnostic alt+left: kept keys.previous_tab, disabled keys.focus_pane_left
2026-08-21T21:40:55.744223Z  WARN herdr::config::keybinds: config diagnostic alt+down: kept keys.next_workspace, disabled keys.focus_pane_down
2026-08-21T21:40:55.744228Z  WARN herdr::config::keybinds: config diagnostic alt+up: kept keys.previous_workspace, disabled keys.focus_pane_up
2026-08-21T21:40:55.744233Z  WARN herdr::config::keybinds: config diagnostic alt+right: kept keys.next_tab, disabled keys.focus_pane_right
2026-08-21T21:40:55.744411Z  WARN herdr::config::keybinds: config diagnostic alt+left: kept keys.previous_tab, disabled keys.focus_pane_left
2026-08-21T21:40:55.744418Z  WARN herdr::config::keybinds: config diagnostic alt+down: kept keys.next_workspace, disabled keys.focus_pane_down
2026-08-21T21:40:55.744422Z  WARN herdr::config::keybinds: config diagnostic alt+up: kept keys.previous_workspace, disabled keys.focus_pane_up
2026-08-21T21:40:55.744427Z  WARN herdr::config::keybinds: config diagnostic alt+right: kept keys.next_tab, disabled keys.focus_pane_right
2026-08-21T21:41:02.183074Z  INFO herdr::logging: spawning pane terminal event="pane.spawn.start" subsystem="pane" outcome="started" pane_id=7 rows=79 cols=150 scrollback_limit_bytes=10000000
2026-08-21T21:41:02.184616Z  INFO herdr::logging: pane child spawned event="pane.spawned" subsystem="pane" outcome="ok" pane_id=7 pid=700560
2026-08-21T21:41:02.184731Z  INFO herdr::logging: tab focused event="tab.focus" subsystem="tab" outcome="ok" workspace_id="w5" tab_id="w5:t1"
2026-08-21T21:41:05.174486Z  INFO herdr::logging: pane child exited event="pane.exit" subsystem="pane" outcome="completed" pane_id=7 status="ExitStatus { code: 0, signal: None }"
2026-08-21T21:41:05.175506Z  INFO herdr::pane: pane session terminated pane=7 pid=700560 signal=Hangup
2026-08-21T21:41:07.949793Z  INFO herdr::server::headless: client detach requested via keybind client_id=8
2026-08-21T21:41:07.950937Z  INFO herdr::server::headless: client disconnected client_id=8
2026-08-21T21:41:10.177243Z  INFO herdr::server::headless: client connected client_id=10 cols=176 rows=80 cell_width_px=0 cell_height_px=0 render_encoding=SemanticFrame
2026-08-21T21:41:10.177461Z  INFO herdr::logging: session saved event="persist.save" subsystem="persist" outcome="ok" path=/home/mbv/.config/herdr/session.json workspaces=1
2026-08-21T21:41:15.198804Z  INFO herdr::server::headless: client detach requested via keybind client_id=10
2026-08-21T21:41:15.200008Z  INFO herdr::server::headless: client disconnected client_id=10
2026-08-21T21:41:52.125384Z  INFO herdr::server::headless: client connected client_id=12 cols=176 rows=38 cell_width_px=0 cell_height_px=0 render_encoding=SemanticFrame
2026-08-21T21:41:54.680111Z  INFO herdr::server::headless: client detach requested via keybind client_id=12
2026-08-21T21:41:54.680942Z  INFO herdr::server::headless: client disconnected client_id=12
2026-08-21T21:42:41.647309Z  INFO herdr::server::headless: client connected client_id=14 cols=176 rows=38 cell_width_px=0 cell_height_px=0 render_encoding=SemanticFrame
2026-08-21T21:42:43.940316Z  INFO herdr::logging: spawning pane terminal event="pane.spawn.start" subsystem="pane" outcome="started" pane_id=8 rows=37 cols=150 scrollback_limit_bytes=10000000
2026-08-21T21:42:43.941694Z  INFO herdr::logging: pane child spawned event="pane.spawned" subsystem="pane" outcome="ok" pane_id=8 pid=703853
2026-08-21T21:42:43.941803Z  INFO herdr::logging: tab focused event="tab.focus" subsystem="tab" outcome="ok" workspace_id="w5" tab_id="w5:t1"
2026-08-21T21:42:48.943626Z  INFO herdr::logging: session saved event="persist.save" subsystem="persist" outcome="ok" path=/home/mbv/.config/herdr/session.json workspaces=1
2026-08-21T21:43:07.410250Z  INFO herdr::logging: spawning pane terminal event="pane.spawn.start" subsystem="pane" outcome="started" pane_id=9 rows=37 cols=75 scrollback_limit_bytes=10000000
2026-08-21T21:43:07.411666Z  INFO herdr::logging: pane child spawned event="pane.spawned" subsystem="pane" outcome="ok" pane_id=9 pid=704758
2026-08-21T21:43:07.411775Z  INFO herdr::logging: tab focused event="tab.focus" subsystem="tab" outcome="ok" workspace_id="w5" tab_id="w5:t1"
2026-08-21T21:43:11.297069Z  INFO herdr::logging: workspace closed event="workspace.close" subsystem="workspace" outcome="ok" workspace_id="w5"
2026-08-21T21:43:11.297702Z  INFO herdr::logging: pane child exited event="pane.exit" subsystem="pane" outcome="completed" pane_id=8 status="ExitStatus { code: 1, signal: Some(\"Hangup\") }"
2026-08-21T21:43:11.302190Z  INFO herdr::pane: pane session terminated pane=8 pid=703853 signal=Hangup
2026-08-21T21:43:11.302813Z  INFO herdr::logging: pane child exited event="pane.exit" subsystem="pane" outcome="completed" pane_id=9 status="ExitStatus { code: 1, signal: Some(\"Hangup\") }"
2026-08-21T21:43:11.306222Z  INFO herdr::pane: pane session terminated pane=9 pid=704758 signal=Hangup
2026-08-21T21:43:11.306688Z  INFO herdr::logging: pane child exited event="pane.exit" subsystem="pane" outcome="completed" pane_id=5 status="ExitStatus { code: 1, signal: Some(\"Hangup\") }"
2026-08-21T21:43:11.310230Z  INFO herdr::pane: pane session terminated pane=5 pid=687299 signal=Hangup
2026-08-21T21:43:11.310294Z  WARN herdr::app::actions: PaneDied for unknown pane pane=8
2026-08-21T21:43:11.310298Z  WARN herdr::app::actions: PaneDied for unknown pane pane=9
2026-08-21T21:43:11.310301Z  WARN herdr::app::actions: PaneDied for unknown pane pane=5
2026-08-21T21:43:11.310344Z  INFO herdr::logging: spawning pane terminal event="pane.spawn.start" subsystem="pane" outcome="started" pane_id=10 rows=37 cols=75 scrollback_limit_bytes=10000000
2026-08-21T21:43:11.311653Z  INFO herdr::logging: pane child spawned event="pane.spawned" subsystem="pane" outcome="ok" pane_id=10 pid=705108
2026-08-21T21:43:11.311754Z  INFO herdr::logging: workspace created event="workspace.create" subsystem="workspace" outcome="ok" workspace_id="w6" pane_id=10
2026-08-21T21:43:11.311758Z  INFO herdr::logging: workspace focused event="workspace.focus" subsystem="workspace" outcome="ok" workspace_id="w6"
2026-08-21T21:43:11.311765Z  INFO herdr::logging: tab focused event="tab.focus" subsystem="tab" outcome="ok" workspace_id="w6" tab_id="w6:t1"
2026-08-21T21:43:14.043240Z  INFO herdr::logging: spawning pane terminal event="pane.spawn.start" subsystem="pane" outcome="started" pane_id=11 rows=37 cols=150 scrollback_limit_bytes=10000000
2026-08-21T21:43:14.044640Z  INFO herdr::logging: pane child spawned event="pane.spawned" subsystem="pane" outcome="ok" pane_id=11 pid=705432
2026-08-21T21:43:14.044728Z  INFO herdr::logging: tab focused event="tab.focus" subsystem="tab" outcome="ok" workspace_id="w6" tab_id="w6:t1"
2026-08-21T21:43:19.047364Z  INFO herdr::logging: session saved event="persist.save" subsystem="persist" outcome="ok" path=/home/mbv/.config/herdr/session.json workspaces=1
2026-08-21T21:43:28.076898Z  INFO herdr::server::headless: client detach requested via keybind client_id=14
2026-08-21T21:43:28.077756Z  INFO herdr::server::headless: client disconnected client_id=14
2026-08-21T21:43:42.450897Z  INFO herdr::logging: api request received event="api.request.start" subsystem="api" outcome="started" request_id="cli:server:reload-config" method="server.reload_config" changes_ui=true
2026-08-21T21:43:42.451205Z  INFO herdr::logging: api request completed event="api.request.complete" subsystem="api" outcome="ok" request_id="cli:server:reload-config" method="server.reload_config"
2026-08-21T21:43:46.708620Z  INFO herdr::server::headless: client connected client_id=16 cols=176 rows=38 cell_width_px=0 cell_height_px=0 render_encoding=SemanticFrame
2026-08-21T21:43:47.642694Z  INFO herdr::logging: tab focused event="tab.focus" subsystem="tab" outcome="ok" workspace_id="w6" tab_id="w6:t1"
2026-08-21T21:43:48.029630Z  INFO herdr::logging: tab focused event="tab.focus" subsystem="tab" outcome="ok" workspace_id="w6" tab_id="w6:t1"
2026-08-21T21:43:48.145484Z  INFO herdr::logging: tab focused event="tab.focus" subsystem="tab" outcome="ok" workspace_id="w6" tab_id="w6:t1"
2026-08-21T21:43:48.264737Z  INFO herdr::logging: tab focused event="tab.focus" subsystem="tab" outcome="ok" workspace_id="w6" tab_id="w6:t1"
2026-08-21T21:43:48.347310Z  INFO herdr::logging: tab focused event="tab.focus" subsystem="tab" outcome="ok" workspace_id="w6" tab_id="w6:t1"
2026-08-21T21:43:48.463299Z  INFO herdr::logging: tab focused event="tab.focus" subsystem="tab" outcome="ok" workspace_id="w6" tab_id="w6:t1"
2026-08-21T21:43:53.465122Z  INFO herdr::logging: session saved event="persist.save" subsystem="persist" outcome="ok" path=/home/mbv/.config/herdr/session.json workspaces=1
2026-08-21T21:44:08.885266Z  INFO herdr::logging: spawning pane terminal event="pane.spawn.start" subsystem="pane" outcome="started" pane_id=12 rows=37 cols=75 scrollback_limit_bytes=10000000
2026-08-21T21:44:08.886724Z  INFO herdr::logging: pane child spawned event="pane.spawned" subsystem="pane" outcome="ok" pane_id=12 pid=706985
2026-08-21T21:44:08.886835Z  INFO herdr::logging: tab focused event="tab.focus" subsystem="tab" outcome="ok" workspace_id="w6" tab_id="w6:t1"
2026-08-21T21:44:13.889190Z  INFO herdr::logging: session saved event="persist.save" subsystem="persist" outcome="ok" path=/home/mbv/.config/herdr/session.json workspaces=1
2026-08-21T21:44:20.956180Z  INFO herdr::server::headless: client detach requested via keybind client_id=16
2026-08-21T21:44:20.957157Z  INFO herdr::server::headless: client disconnected client_id=16
2026-08-21T21:44:22.629040Z  INFO herdr::logging: api request received event="api.request.start" subsystem="api" outcome="started" request_id="cli:server:reload-config" method="server.reload_config" changes_ui=true
2026-08-21T21:44:22.629325Z  INFO herdr::logging: api request completed event="api.request.complete" subsystem="api" outcome="ok" request_id="cli:server:reload-config" method="server.reload_config"
2026-08-21T21:44:24.638674Z  INFO herdr::server::headless: client connected client_id=18 cols=176 rows=38 cell_width_px=0 cell_height_px=0 render_encoding=SemanticFrame
2026-08-21T21:44:26.165516Z  INFO herdr::logging: pane child exited event="pane.exit" subsystem="pane" outcome="completed" pane_id=12 status="ExitStatus { code: 0, signal: None }"
2026-08-21T21:44:26.165858Z  INFO herdr::pane: pane session terminated pane=12 pid=706985 signal=Hangup
2026-08-21T21:44:27.219321Z  INFO herdr::logging: spawning pane terminal event="pane.spawn.start" subsystem="pane" outcome="started" pane_id=13 rows=37 cols=75 scrollback_limit_bytes=10000000
2026-08-21T21:44:27.221015Z  INFO herdr::logging: pane child spawned event="pane.spawned" subsystem="pane" outcome="ok" pane_id=13 pid=707757
2026-08-21T21:44:27.221100Z  INFO herdr::logging: tab focused event="tab.focus" subsystem="tab" outcome="ok" workspace_id="w6" tab_id="w6:t1"
2026-08-21T21:44:28.960091Z  INFO herdr::logging: tab focused event="tab.focus" subsystem="tab" outcome="ok" workspace_id="w6" tab_id="w6:t1"
2026-08-21T21:44:29.239125Z  INFO herdr::logging: tab focused event="tab.focus" subsystem="tab" outcome="ok" workspace_id="w6" tab_id="w6:t1"
2026-08-21T21:44:29.887045Z  INFO herdr::logging: tab focused event="tab.focus" subsystem="tab" outcome="ok" workspace_id="w6" tab_id="w6:t1"
2026-08-21T21:44:30.227811Z  INFO herdr::logging: tab focused event="tab.focus" subsystem="tab" outcome="ok" workspace_id="w6" tab_id="w6:t1"
2026-08-21T21:44:30.437093Z  INFO herdr::logging: tab focused event="tab.focus" subsystem="tab" outcome="ok" workspace_id="w6" tab_id="w6:t1"
2026-08-21T21:44:30.571806Z  INFO herdr::logging: tab focused event="tab.focus" subsystem="tab" outcome="ok" workspace_id="w6" tab_id="w6:t1"
2026-08-21T21:44:35.573243Z  INFO herdr::logging: session saved event="persist.save" subsystem="persist" outcome="ok" path=/home/mbv/.config/herdr/session.json workspaces=1
2026-08-21T21:44:57.763042Z  INFO herdr::server::headless: client resize client_id=18 cols=176 rows=80 cell_width_px=0 cell_height_px=0
2026-08-21T21:45:02.342695Z  INFO herdr::logging: spawning pane terminal event="pane.spawn.start" subsystem="pane" outcome="started" pane_id=14 rows=79 cols=75 scrollback_limit_bytes=10000000
2026-08-21T21:45:02.344089Z  INFO herdr::logging: pane child spawned event="pane.spawned" subsystem="pane" outcome="ok" pane_id=14 pid=710159
2026-08-21T21:45:02.344242Z  INFO herdr::logging: tab focused event="tab.focus" subsystem="tab" outcome="ok" workspace_id="w6" tab_id="w6:t2"
2026-08-21T21:45:04.143708Z  INFO herdr::logging: tab focused event="tab.focus" subsystem="tab" outcome="ok" workspace_id="w6" tab_id="w6:t1"
2026-08-21T21:45:09.145285Z  INFO herdr::logging: session saved event="persist.save" subsystem="persist" outcome="ok" path=/home/mbv/.config/herdr/session.json workspaces=1
2026-08-21T21:45:15.959663Z  INFO herdr::logging: tab renamed event="tab.rename" subsystem="tab" outcome="ok" workspace_id="w6" tab_id="w6:t1"
2026-08-21T21:45:16.799527Z  INFO herdr::logging: tab focused event="tab.focus" subsystem="tab" outcome="ok" workspace_id="w6" tab_id="w6:t2"
2026-08-21T21:45:21.801304Z  INFO herdr::logging: session saved event="persist.save" subsystem="persist" outcome="ok" path=/home/mbv/.config/herdr/session.json workspaces=1
2026-08-21T21:45:22.855138Z  INFO herdr::logging: tab renamed event="tab.rename" subsystem="tab" outcome="ok" workspace_id="w6" tab_id="w6:t2"
2026-08-21T21:45:23.855631Z  INFO herdr::logging: spawning pane terminal event="pane.spawn.start" subsystem="pane" outcome="started" pane_id=15 rows=79 cols=150 scrollback_limit_bytes=10000000
2026-08-21T21:45:23.857151Z  INFO herdr::logging: pane child spawned event="pane.spawned" subsystem="pane" outcome="ok" pane_id=15 pid=710938
2026-08-21T21:45:23.857262Z  INFO herdr::logging: tab focused event="tab.focus" subsystem="tab" outcome="ok" workspace_id="w6" tab_id="w6:t3"
2026-08-21T21:45:26.971168Z  INFO herdr::logging: tab renamed event="tab.rename" subsystem="tab" outcome="ok" workspace_id="w6" tab_id="w6:t3"
2026-08-21T21:45:31.474372Z  INFO herdr::logging: spawning pane terminal event="pane.spawn.start" subsystem="pane" outcome="started" pane_id=16 rows=79 cols=150 scrollback_limit_bytes=10000000
2026-08-21T21:45:31.475852Z  INFO herdr::logging: pane child spawned event="pane.spawned" subsystem="pane" outcome="ok" pane_id=16 pid=711366
2026-08-21T21:45:31.475972Z  INFO herdr::logging: tab focused event="tab.focus" subsystem="tab" outcome="ok" workspace_id="w6" tab_id="w6:t4"
2026-08-21T21:45:33.716295Z  INFO herdr::logging: pane child exited event="pane.exit" subsystem="pane" outcome="completed" pane_id=16 status="ExitStatus { code: 0, signal: None }"
2026-08-21T21:45:33.718850Z  INFO herdr::pane: pane session terminated pane=16 pid=711366 signal=Hangup
2026-08-21T21:45:38.720888Z  INFO herdr::logging: session saved event="persist.save" subsystem="persist" outcome="ok" path=/home/mbv/.config/herdr/session.json workspaces=1
2026-08-21T21:45:53.966259Z  INFO herdr::logging: spawning pane terminal event="pane.spawn.start" subsystem="pane" outcome="started" pane_id=17 rows=79 cols=150 scrollback_limit_bytes=10000000
2026-08-21T21:45:53.967894Z  INFO herdr::logging: pane child spawned event="pane.spawned" subsystem="pane" outcome="ok" pane_id=17 pid=712101
2026-08-21T21:45:53.968025Z  INFO herdr::logging: workspace created event="workspace.create" subsystem="workspace" outcome="ok" workspace_id="w7" pane_id=17
2026-08-21T21:45:53.968029Z  INFO herdr::logging: workspace focused event="workspace.focus" subsystem="workspace" outcome="ok" workspace_id="w7"
2026-08-21T21:45:53.968039Z  INFO herdr::logging: tab focused event="tab.focus" subsystem="tab" outcome="ok" workspace_id="w7" tab_id="w7:t1"
2026-08-21T21:45:58.970653Z  INFO herdr::logging: session saved event="persist.save" subsystem="persist" outcome="ok" path=/home/mbv/.config/herdr/session.json workspaces=2
2026-08-21T21:46:13.867776Z  INFO herdr::logging: workspace focused event="workspace.focus" subsystem="workspace" outcome="ok" workspace_id="w7"
2026-08-21T21:46:13.867808Z  INFO herdr::logging: tab focused event="tab.focus" subsystem="tab" outcome="ok" workspace_id="w7" tab_id="w7:t1"
2026-08-21T21:46:18.869426Z  INFO herdr::logging: session saved event="persist.save" subsystem="persist" outcome="ok" path=/home/mbv/.config/herdr/session.json workspaces=2
2026-08-21T21:46:37.458121Z  INFO herdr::logging: pane child exited event="pane.exit" subsystem="pane" outcome="completed" pane_id=17 status="ExitStatus { code: 0, signal: None }"
2026-08-21T21:46:37.459139Z  INFO herdr::pane: pane session terminated pane=17 pid=712101 signal=Hangup
2026-08-21T21:46:39.779267Z  INFO herdr::server::headless: client detach requested via keybind client_id=18
2026-08-21T21:46:39.780481Z  INFO herdr::server::headless: client disconnected client_id=18
2026-08-21T21:46:42.461636Z  INFO herdr::logging: session saved event="persist.save" subsystem="persist" outcome="ok" path=/home/mbv/.config/herdr/session.json workspaces=1
2026-08-21T21:46:46.728421Z  INFO herdr::server::headless: client connected client_id=20 cols=358 rows=80 cell_width_px=0 cell_height_px=0 render_encoding=SemanticFrame
2026-08-21T21:46:48.533376Z  INFO herdr::logging: tab focused event="tab.focus" subsystem="tab" outcome="ok" workspace_id="w6" tab_id="w6:t1"
2026-08-21T21:46:52.718641Z  INFO herdr::logging: tab focused event="tab.focus" subsystem="tab" outcome="ok" workspace_id="w6" tab_id="w6:t1"
2026-08-21T21:46:53.185083Z  INFO herdr::logging: pane child exited event="pane.exit" subsystem="pane" outcome="completed" pane_id=11 status="ExitStatus { code: 0, signal: None }"
2026-08-21T21:46:53.188413Z  INFO herdr::pane: pane session terminated pane=11 pid=705432 signal=Hangup
2026-08-21T21:46:53.694336Z  INFO herdr::logging: tab focused event="tab.focus" subsystem="tab" outcome="ok" workspace_id="w6" tab_id="w6:t1"
2026-08-21T21:46:54.254813Z  INFO herdr::logging: pane child exited event="pane.exit" subsystem="pane" outcome="completed" pane_id=13 status="ExitStatus { code: 0, signal: None }"
2026-08-21T21:46:54.258228Z  INFO herdr::pane: pane session terminated pane=13 pid=707757 signal=Hangup
2026-08-21T21:46:59.260467Z  INFO herdr::logging: session saved event="persist.save" subsystem="persist" outcome="ok" path=/home/mbv/.config/herdr/session.json workspaces=1
2026-08-21T21:47:24.775950Z  INFO herdr::logging: tab focused event="tab.focus" subsystem="tab" outcome="ok" workspace_id="w6" tab_id="w6:t2"
2026-08-21T21:47:29.776778Z  INFO herdr::logging: session saved event="persist.save" subsystem="persist" outcome="ok" path=/home/mbv/.config/herdr/session.json workspaces=1
2026-08-21T21:47:30.489658Z  INFO herdr::logging: tab focused event="tab.focus" subsystem="tab" outcome="ok" workspace_id="w6" tab_id="w6:t3"
2026-08-21T21:47:35.491169Z  INFO herdr::logging: session saved event="persist.save" subsystem="persist" outcome="ok" path=/home/mbv/.config/herdr/session.json workspaces=1
2026-08-21T21:47:36.681491Z  INFO herdr::logging: tab focused event="tab.focus" subsystem="tab" outcome="ok" workspace_id="w6" tab_id="w6:t1"
2026-08-21T21:47:41.682761Z  INFO herdr::logging: session saved event="persist.save" subsystem="persist" outcome="ok" path=/home/mbv/.config/herdr/session.json workspaces=1
2026-08-21T21:48:23.838716Z  INFO herdr::pane: agent changed pane=10 previous_agent=None agent=Some(Codex) process=codex pgid=Some(716995)
2026-08-21T21:48:28.839772Z  INFO herdr::logging: session saved event="persist.save" subsystem="persist" outcome="ok" path=/home/mbv/.config/herdr/session.json workspaces=1
2026-08-21T21:50:23.184416Z  INFO herdr::logging: spawning pane terminal event="pane.spawn.start" subsystem="pane" outcome="started" pane_id=18 rows=79 cols=332 scrollback_limit_bytes=10000000
2026-08-21T21:50:23.186020Z  INFO herdr::logging: pane child spawned event="pane.spawned" subsystem="pane" outcome="ok" pane_id=18 pid=720000
2026-08-21T21:50:23.186135Z  INFO herdr::logging: tab focused event="tab.focus" subsystem="tab" outcome="ok" workspace_id="w6" tab_id="w6:t5"
2026-08-21T21:50:24.292255Z  INFO herdr::logging: pane child exited event="pane.exit" subsystem="pane" outcome="completed" pane_id=18 status="ExitStatus { code: 0, signal: None }"
2026-08-21T21:50:24.292344Z  INFO herdr::pane: pane session terminated pane=18 pid=720000 signal=Hangup
2026-08-21T21:50:25.470265Z  INFO herdr::logging: tab focused event="tab.focus" subsystem="tab" outcome="ok" workspace_id="w6" tab_id="w6:t1"
2026-08-21T21:50:27.519395Z  INFO herdr::logging: spawning pane terminal event="pane.spawn.start" subsystem="pane" outcome="started" pane_id=19 rows=79 cols=332 scrollback_limit_bytes=10000000
2026-08-21T21:50:27.520804Z  INFO herdr::logging: pane child spawned event="pane.spawned" subsystem="pane" outcome="ok" pane_id=19 pid=720416
2026-08-21T21:50:27.520904Z  INFO herdr::logging: tab focused event="tab.focus" subsystem="tab" outcome="ok" workspace_id="w6" tab_id="w6:t6"
2026-08-21T21:50:28.665731Z  INFO herdr::logging: pane child exited event="pane.exit" subsystem="pane" outcome="completed" pane_id=19 status="ExitStatus { code: 0, signal: None }"
2026-08-21T21:50:28.669024Z  INFO herdr::pane: pane session terminated pane=19 pid=720416 signal=Hangup
2026-08-21T21:50:33.124401Z  INFO herdr::logging: spawning pane terminal event="pane.spawn.start" subsystem="pane" outcome="started" pane_id=20 rows=79 cols=332 scrollback_limit_bytes=10000000
2026-08-21T21:50:33.125984Z  INFO herdr::logging: pane child spawned event="pane.spawned" subsystem="pane" outcome="ok" pane_id=20 pid=720861
2026-08-21T21:50:33.126132Z  INFO herdr::logging: workspace created event="workspace.create" subsystem="workspace" outcome="ok" workspace_id="w8" pane_id=20
2026-08-21T21:50:33.126136Z  INFO herdr::logging: workspace focused event="workspace.focus" subsystem="workspace" outcome="ok" workspace_id="w8"
2026-08-21T21:50:33.126148Z  INFO herdr::logging: tab focused event="tab.focus" subsystem="tab" outcome="ok" workspace_id="w8" tab_id="w8:t1"
2026-08-21T21:50:38.127635Z  INFO herdr::logging: session saved event="persist.save" subsystem="persist" outcome="ok" path=/home/mbv/.config/herdr/session.json workspaces=2
2026-08-21T21:50:50.810084Z  INFO herdr::logging: workspace focused event="workspace.focus" subsystem="workspace" outcome="ok" workspace_id="w6"
2026-08-21T21:50:50.810113Z  INFO herdr::logging: tab focused event="tab.focus" subsystem="tab" outcome="ok" workspace_id="w6" tab_id="w6:t3"
2026-08-21T21:50:53.403800Z  INFO herdr::logging: tab focused event="tab.focus" subsystem="tab" outcome="ok" workspace_id="w6" tab_id="w6:t1"
2026-08-21T21:50:56.171823Z  INFO herdr::logging: workspace focused event="workspace.focus" subsystem="workspace" outcome="ok" workspace_id="w8"
2026-08-21T21:50:56.171847Z  INFO herdr::logging: tab focused event="tab.focus" subsystem="tab" outcome="ok" workspace_id="w8" tab_id="w8:t1"
2026-08-21T21:51:00.642049Z  INFO herdr::logging: workspace focused event="workspace.focus" subsystem="workspace" outcome="ok" workspace_id="w6"
2026-08-21T21:51:00.642081Z  INFO herdr::logging: tab focused event="tab.focus" subsystem="tab" outcome="ok" workspace_id="w6" tab_id="w6:t1"
2026-08-21T21:51:05.644205Z  INFO herdr::logging: session saved event="persist.save" subsystem="persist" outcome="ok" path=/home/mbv/.config/herdr/session.json workspaces=2
2026-08-21T21:57:31.697953Z  INFO herdr::server::headless: client resize client_id=20 cols=358 rows=81 cell_width_px=0 cell_height_px=0
2026-08-21T21:57:31.798044Z  INFO herdr::server::headless: client resize client_id=20 cols=358 rows=80 cell_width_px=0 cell_height_px=0
2026-08-21T21:57:32.498492Z  INFO herdr::server::headless: client resize client_id=20 cols=358 rows=78 cell_width_px=0 cell_height_px=0
2026-08-21T21:57:32.898795Z  INFO herdr::server::headless: client resize client_id=20 cols=358 rows=80 cell_width_px=0 cell_height_px=0
2026-08-21T21:57:42.778660Z  INFO herdr::logging: tab focused event="tab.focus" subsystem="tab" outcome="ok" workspace_id="w6" tab_id="w6:t2"
2026-08-21T21:57:47.780632Z  INFO herdr::logging: session saved event="persist.save" subsystem="persist" outcome="ok" path=/home/mbv/.config/herdr/session.json workspaces=2
2026-08-21T21:57:51.451555Z  INFO herdr::logging: tab focused event="tab.focus" subsystem="tab" outcome="ok" workspace_id="w6" tab_id="w6:t1"
2026-08-21T21:57:56.453532Z  INFO herdr::logging: session saved event="persist.save" subsystem="persist" outcome="ok" path=/home/mbv/.config/herdr/session.json workspaces=2
2026-08-21T21:57:58.091653Z  INFO herdr::logging: spawning pane terminal event="pane.spawn.start" subsystem="pane" outcome="started" pane_id=21 rows=79 cols=332 scrollback_limit_bytes=10000000
2026-08-21T21:57:58.093358Z  INFO herdr::logging: pane child spawned event="pane.spawned" subsystem="pane" outcome="ok" pane_id=21 pid=737030
2026-08-21T21:57:58.093476Z  INFO herdr::logging: tab focused event="tab.focus" subsystem="tab" outcome="ok" workspace_id="w6" tab_id="w6:t1"
2026-08-21T21:58:03.096216Z  INFO herdr::logging: session saved event="persist.save" subsystem="persist" outcome="ok" path=/home/mbv/.config/herdr/session.json workspaces=2
2026-08-21T21:58:06.109170Z  INFO herdr::logging: tab focused event="tab.focus" subsystem="tab" outcome="ok" workspace_id="w6" tab_id="w6:t1"
2026-08-21T21:58:07.210231Z  INFO herdr::logging: tab focused event="tab.focus" subsystem="tab" outcome="ok" workspace_id="w6" tab_id="w6:t1"
2026-08-21T21:58:07.659190Z  INFO herdr::logging: tab focused event="tab.focus" subsystem="tab" outcome="ok" workspace_id="w6" tab_id="w6:t1"
2026-08-21T21:58:08.232342Z  INFO herdr::logging: tab focused event="tab.focus" subsystem="tab" outcome="ok" workspace_id="w6" tab_id="w6:t1"
2026-08-21T21:58:08.579346Z  INFO herdr::logging: tab focused event="tab.focus" subsystem="tab" outcome="ok" workspace_id="w6" tab_id="w6:t1"
2026-08-21T21:58:08.878270Z  INFO herdr::logging: tab focused event="tab.focus" subsystem="tab" outcome="ok" workspace_id="w6" tab_id="w6:t1"
2026-08-21T21:58:12.444215Z  INFO herdr::logging: tab focused event="tab.focus" subsystem="tab" outcome="ok" workspace_id="w6" tab_id="w6:t1"
2026-08-21T21:58:15.860060Z  INFO herdr::logging: tab focused event="tab.focus" subsystem="tab" outcome="ok" workspace_id="w6" tab_id="w6:t3"
2026-08-21T21:58:16.617046Z  INFO herdr::logging: tab focused event="tab.focus" subsystem="tab" outcome="ok" workspace_id="w6" tab_id="w6:t1"
2026-08-21T21:58:19.572150Z  INFO herdr::logging: tab focused event="tab.focus" subsystem="tab" outcome="ok" workspace_id="w6" tab_id="w6:t1"
2026-08-21T21:58:22.063531Z  INFO herdr::logging: pane child exited event="pane.exit" subsystem="pane" outcome="completed" pane_id=21 status="ExitStatus { code: 0, signal: None }"
2026-08-21T21:58:22.066342Z  INFO herdr::pane: pane session terminated pane=21 pid=737030 signal=Hangup
2026-08-21T21:58:25.751986Z  INFO herdr::logging: tab focused event="tab.focus" subsystem="tab" outcome="ok" workspace_id="w6" tab_id="w6:t2"
2026-08-21T21:58:26.560003Z  INFO herdr::logging: tab focused event="tab.focus" subsystem="tab" outcome="ok" workspace_id="w6" tab_id="w6:t3"
2026-08-21T21:58:27.178047Z  INFO herdr::logging: tab focused event="tab.focus" subsystem="tab" outcome="ok" workspace_id="w6" tab_id="w6:t1"
2026-08-21T21:58:32.179883Z  INFO herdr::logging: session saved event="persist.save" subsystem="persist" outcome="ok" path=/home/mbv/.config/herdr/session.json workspaces=2
2026-08-21T21:58:33.809665Z  INFO herdr::logging: tab focused event="tab.focus" subsystem="tab" outcome="ok" workspace_id="w6" tab_id="w6:t2"
2026-08-21T21:58:36.232181Z  INFO herdr::logging: tab focused event="tab.focus" subsystem="tab" outcome="ok" workspace_id="w6" tab_id="w6:t2"
2026-08-21T21:58:41.234457Z  INFO herdr::logging: session saved event="persist.save" subsystem="persist" outcome="ok" path=/home/mbv/.config/herdr/session.json workspaces=2
2026-08-21T21:59:30.559104Z  INFO herdr::logging: tab focused event="tab.focus" subsystem="tab" outcome="ok" workspace_id="w6" tab_id="w6:t1"
2026-08-21T21:59:35.561085Z  INFO herdr::logging: session saved event="persist.save" subsystem="persist" outcome="ok" path=/home/mbv/.config/herdr/session.json workspaces=2
2026-08-21T21:59:54.008589Z  WARN herdr::detect::manifest_update: skipping unknown remote manifest agent agent="qwen"
2026-08-21T22:06:41.958187Z  INFO herdr::server::headless: client resize client_id=20 cols=358 rows=81 cell_width_px=0 cell_height_px=0
2026-08-21T22:06:42.058257Z  INFO herdr::server::headless: client resize client_id=20 cols=358 rows=80 cell_width_px=0 cell_height_px=0
2026-08-21T22:06:42.158377Z  INFO herdr::server::headless: client resize client_id=20 cols=358 rows=78 cell_width_px=0 cell_height_px=0
2026-08-21T22:06:42.559131Z  INFO herdr::server::headless: client resize client_id=20 cols=358 rows=80 cell_width_px=0 cell_height_px=0
2026-08-21T22:06:53.535022Z  INFO herdr::logging: tab focused event="tab.focus" subsystem="tab" outcome="ok" workspace_id="w6" tab_id="w6:t2"
2026-08-21T22:06:55.453092Z  INFO herdr::logging: tab focused event="tab.focus" subsystem="tab" outcome="ok" workspace_id="w6" tab_id="w6:t1"
2026-08-21T22:07:00.455098Z  INFO herdr::logging: session saved event="persist.save" subsystem="persist" outcome="ok" path=/home/mbv/.config/herdr/session.json workspaces=2
2026-08-21T22:07:03.407783Z  INFO herdr::logging: tab focused event="tab.focus" subsystem="tab" outcome="ok" workspace_id="w6" tab_id="w6:t2"
2026-08-21T22:07:04.297790Z  INFO herdr::logging: tab focused event="tab.focus" subsystem="tab" outcome="ok" workspace_id="w6" tab_id="w6:t1"
2026-08-21T22:07:04.777721Z  INFO herdr::logging: tab focused event="tab.focus" subsystem="tab" outcome="ok" workspace_id="w6" tab_id="w6:t3"
2026-08-21T22:07:05.272775Z  INFO herdr::logging: tab focused event="tab.focus" subsystem="tab" outcome="ok" workspace_id="w6" tab_id="w6:t1"
2026-08-21T22:07:10.274803Z  INFO herdr::logging: session saved event="persist.save" subsystem="persist" outcome="ok" path=/home/mbv/.config/herdr/session.json workspaces=2
2026-08-21T22:07:17.624652Z  INFO herdr::logging: tab focused event="tab.focus" subsystem="tab" outcome="ok" workspace_id="w6" tab_id="w6:t2"
2026-08-21T22:07:18.904580Z  INFO herdr::logging: tab focused event="tab.focus" subsystem="tab" outcome="ok" workspace_id="w6" tab_id="w6:t1"
2026-08-21T22:07:23.907505Z  INFO herdr::logging: session saved event="persist.save" subsystem="persist" outcome="ok" path=/home/mbv/.config/herdr/session.json workspaces=2
2026-08-21T22:13:18.653815Z  INFO herdr::logging: tab focused event="tab.focus" subsystem="tab" outcome="ok" workspace_id="w6" tab_id="w6:t2"
2026-08-21T22:13:22.772779Z  INFO herdr::logging: tab focused event="tab.focus" subsystem="tab" outcome="ok" workspace_id="w6" tab_id="w6:t1"
2026-08-21T22:13:25.712654Z  INFO herdr::logging: tab focused event="tab.focus" subsystem="tab" outcome="ok" workspace_id="w6" tab_id="w6:t2"
2026-08-21T22:13:30.714671Z  INFO herdr::logging: session saved event="persist.save" subsystem="persist" outcome="ok" path=/home/mbv/.config/herdr/session.json workspaces=2
2026-08-21T22:14:17.608146Z  INFO herdr::logging: tab focused event="tab.focus" subsystem="tab" outcome="ok" workspace_id="w6" tab_id="w6:t1"
2026-08-21T22:14:20.058159Z  INFO herdr::server::headless: client detach requested via keybind client_id=20
2026-08-21T22:14:20.062864Z  INFO herdr::server::headless: client disconnected client_id=20
2026-08-21T22:14:21.865774Z  INFO herdr::server::headless: client connected client_id=22 cols=358 rows=80 cell_width_px=0 cell_height_px=0 render_encoding=SemanticFrame
2026-08-21T22:14:22.610065Z  INFO herdr::logging: session saved event="persist.save" subsystem="persist" outcome="ok" path=/home/mbv/.config/herdr/session.json workspaces=2
2026-08-21T22:14:26.382963Z  INFO herdr::server::headless: client detach requested via keybind client_id=22
2026-08-21T22:14:26.384977Z  INFO herdr::server::headless: client disconnected client_id=22
2026-08-21T22:15:17.560152Z  INFO herdr::server::headless: client connected client_id=24 cols=358 rows=80 cell_width_px=0 cell_height_px=0 render_encoding=SemanticFrame
2026-08-21T22:18:12.461286Z  INFO herdr::logging: tab focused event="tab.focus" subsystem="tab" outcome="ok" workspace_id="w6" tab_id="w6:t2"
2026-08-21T22:18:17.463647Z  INFO herdr::logging: session saved event="persist.save" subsystem="persist" outcome="ok" path=/home/mbv/.config/herdr/session.json workspaces=2
2026-08-21T22:28:18.750405Z  INFO herdr::server::headless: client resize client_id=24 cols=358 rows=81 cell_width_px=0 cell_height_px=0
2026-08-21T22:28:18.850488Z  INFO herdr::server::headless: client resize client_id=24 cols=358 rows=80 cell_width_px=0 cell_height_px=0
2026-08-21T22:28:18.950553Z  INFO herdr::server::headless: client resize client_id=24 cols=358 rows=78 cell_width_px=0 cell_height_px=0
2026-08-21T22:28:19.250764Z  INFO herdr::server::headless: client resize client_id=24 cols=358 rows=80 cell_width_px=0 cell_height_px=0
2026-08-21T22:28:32.610382Z  INFO herdr::server::headless: client detach requested via keybind client_id=24
2026-08-21T22:28:32.613671Z  INFO herdr::server::headless: client disconnected client_id=24
2026-08-21T22:28:36.360939Z  INFO herdr::server::headless: server shutdown initiated
2026-08-21T22:28:36.411027Z  INFO herdr::server::headless: completing server shutdown
2026-08-21T22:28:36.411283Z  INFO herdr::logging: session saved event="persist.save" subsystem="persist" outcome="ok" path=/home/mbv/.config/herdr/session.json workspaces=2
2026-08-21T22:28:36.411296Z  INFO herdr::server::headless: headless server exiting
2026-08-21T22:28:36.411909Z  INFO herdr::logging: pane child exited event="pane.exit" subsystem="pane" outcome="completed" pane_id=15 status="ExitStatus { code: 1, signal: Some(\"Hangup\") }"
2026-08-21T22:28:36.416408Z  INFO herdr::pane: pane session terminated pane=15 pid=710938 signal=Hangup
2026-08-21T22:28:36.417023Z  INFO herdr::logging: pane child exited event="pane.exit" subsystem="pane" outcome="completed" pane_id=20 status="ExitStatus { code: 1, signal: Some(\"Hangup\") }"
2026-08-21T22:28:36.420648Z  INFO herdr::pane: pane session terminated pane=20 pid=720861 signal=Hangup
2026-08-21T22:28:36.421130Z  INFO herdr::logging: pane child exited event="pane.exit" subsystem="pane" outcome="completed" pane_id=10 status="ExitStatus { code: 1, signal: Some(\"Hangup\") }"
2026-08-21T22:28:36.424474Z  INFO herdr::pane: pane session terminated pane=10 pid=705108 signal=Hangup
2026-08-21T22:28:36.425166Z  INFO herdr::logging: pane child exited event="pane.exit" subsystem="pane" outcome="completed" pane_id=14 status="ExitStatus { code: 1, signal: Some(\"Hangup\") }"
2026-08-21T22:28:36.428727Z  INFO herdr::pane: pane session terminated pane=14 pid=710159 signal=Hangup
2026-08-21T22:28:36.429444Z  INFO herdr::logging: herdr exiting event="app.shutdown" subsystem="server" outcome="completed" pid=676545
2026-08-22T10:46:13.601444Z  INFO herdr::api::server: api server listening path=/home/mbv/.config/herdr/herdr.sock
2026-08-22T10:46:13.602985Z  INFO herdr::logging: spawning pane terminal event="pane.spawn.start" subsystem="pane" outcome="started" pane_id=1 rows=24 cols=80 scrollback_limit_bytes=10000000
2026-08-22T10:46:13.604060Z  INFO herdr::logging: pane child spawned event="pane.spawned" subsystem="pane" outcome="ok" pane_id=1 pid=19966
2026-08-22T10:46:13.604230Z  INFO herdr::logging: spawning pane terminal event="pane.spawn.start" subsystem="pane" outcome="started" pane_id=2 rows=24 cols=80 scrollback_limit_bytes=10000000
2026-08-22T10:46:13.605050Z  INFO herdr::logging: pane child spawned event="pane.spawned" subsystem="pane" outcome="ok" pane_id=2 pid=19969
2026-08-22T10:46:13.605193Z  INFO herdr::logging: spawning pane terminal event="pane.spawn.start" subsystem="pane" outcome="started" pane_id=3 rows=24 cols=80 scrollback_limit_bytes=10000000
2026-08-22T10:46:13.606048Z  INFO herdr::logging: pane child spawned event="pane.spawned" subsystem="pane" outcome="ok" pane_id=3 pid=19972
2026-08-22T10:46:13.606466Z  INFO herdr::logging: spawning pane terminal event="pane.spawn.start" subsystem="pane" outcome="started" pane_id=4 rows=24 cols=80 scrollback_limit_bytes=10000000
2026-08-22T10:46:13.607456Z  INFO herdr::logging: pane child spawned event="pane.spawned" subsystem="pane" outcome="ok" pane_id=4 pid=19975
2026-08-22T10:46:13.607626Z  INFO herdr::logging: session restore evaluated event="persist.restore" subsystem="persist" outcome="ok" workspaces=2
2026-08-22T10:46:13.607634Z  INFO herdr::app: using pane scrollback configuration pane_scrollback_limit_bytes=10000000
2026-08-22T10:46:13.628618Z  INFO herdr::logging: checking for updates event="update.check.start" subsystem="update" outcome="started"
2026-08-22T10:46:13.629918Z  INFO herdr::server::headless: restored session already has workspaces; ignoring startup cwd cwd=/home/mbv
2026-08-22T10:46:13.629973Z  INFO herdr::server::headless: client protocol socket listening path=/home/mbv/.config/herdr/herdr-client.sock
2026-08-22T10:46:13.629988Z  INFO herdr::server::headless: herdr server started api_socket=/home/mbv/.config/herdr/herdr.sock client_socket=/home/mbv/.config/herdr/herdr-client.sock
2026-08-22T10:46:13.630250Z  INFO herdr::logging: herdr starting event="app.startup" subsystem="server" outcome="started" pid=19932
2026-08-22T10:46:13.668253Z  INFO herdr::server::headless: client connected client_id=2 cols=358 rows=80 cell_width_px=0 cell_height_px=0 render_encoding=SemanticFrame
2026-08-22T10:46:13.732872Z  WARN herdr::detect::manifest_update: skipping unknown remote manifest agent agent="qwen"
2026-08-22T10:46:13.757081Z  INFO herdr::logging: update available event="update.available" subsystem="update" outcome="ok" version="0.8.2"
2026-08-22T10:46:13.757094Z  INFO herdr::update: new stable build available at https://github.com/herdrdev/herdr/releases/download/v0.8.2/herdr-linux-x86_64
2026-08-22T10:46:13.757406Z  INFO herdr::update: auto-update check: 0.8.2 available, waiting for explicit install
2026-08-22T10:46:43.000772Z  INFO herdr::server::headless: client detach requested via keybind client_id=2
2026-08-22T10:46:43.003991Z  INFO herdr::server::headless: client disconnected client_id=2
2026-08-22T10:46:50.553910Z  INFO herdr::server::headless: client connected client_id=4 cols=250 rows=61 cell_width_px=0 cell_height_px=0 render_encoding=SemanticFrame
2026-08-22T10:46:53.128732Z  INFO herdr::logging: tab focused event="tab.focus" subsystem="tab" outcome="ok" workspace_id="w6" tab_id="w6:t1"
2026-08-22T10:46:53.699207Z  INFO herdr::logging: tab focused event="tab.focus" subsystem="tab" outcome="ok" workspace_id="w6" tab_id="w6:t2"
2026-08-22T10:46:58.701329Z  INFO herdr::logging: session saved event="persist.save" subsystem="persist" outcome="ok" path=/home/mbv/.config/herdr/session.json workspaces=2
2026-08-22T10:47:01.802099Z  INFO herdr::server::headless: client detach requested via keybind client_id=4
2026-08-22T10:47:01.803505Z  INFO herdr::server::headless: client disconnected client_id=4
2026-08-22T10:47:07.849540Z  INFO herdr::server::headless: client connected client_id=6 cols=313 rows=75 cell_width_px=0 cell_height_px=0 render_encoding=SemanticFrame
2026-08-22T10:47:23.951937Z  INFO herdr::pane: agent changed pane=2 previous_agent=None agent=Some(OpenCode) process=opencode pgid=Some(23679)
2026-08-22T10:47:28.953923Z  INFO herdr::logging: session saved event="persist.save" subsystem="persist" outcome="ok" path=/home/mbv/.config/herdr/session.json workspaces=2
2026-08-22T10:50:13.513603Z  INFO herdr::server::headless: client resize client_id=6 cols=313 rows=77 cell_width_px=0 cell_height_px=0
2026-08-22T10:50:13.813833Z  INFO herdr::server::headless: client resize client_id=6 cols=313 rows=75 cell_width_px=0 cell_height_px=0
2026-08-22T11:03:57.288752Z  INFO herdr::server::headless: client resize client_id=6 cols=154 rows=75 cell_width_px=0 cell_height_px=0
2026-08-22T11:04:38.447774Z  INFO herdr::logging: workspace focused event="workspace.focus" subsystem="workspace" outcome="ok" workspace_id="w8"
2026-08-22T11:04:38.447804Z  INFO herdr::logging: tab focused event="tab.focus" subsystem="tab" outcome="ok" workspace_id="w8" tab_id="w8:t1"
2026-08-22T11:04:40.741810Z  INFO herdr::logging: workspace focused event="workspace.focus" subsystem="workspace" outcome="ok" workspace_id="w6"
2026-08-22T11:04:40.741836Z  INFO herdr::logging: tab focused event="tab.focus" subsystem="tab" outcome="ok" workspace_id="w6" tab_id="w6:t2"
2026-08-22T11:04:45.743665Z  INFO herdr::logging: session saved event="persist.save" subsystem="persist" outcome="ok" path=/home/mbv/.config/herdr/session.json workspaces=2
2026-08-22T11:09:39.652078Z  INFO herdr::server::headless: client resize client_id=6 cols=313 rows=75 cell_width_px=0 cell_height_px=0
2026-08-22T11:16:13.715383Z  WARN herdr::detect::manifest_update: skipping unknown remote manifest agent agent="qwen"
2026-08-22T11:19:30.222245Z  INFO herdr::logging: tab focused event="tab.focus" subsystem="tab" outcome="ok" workspace_id="w6" tab_id="w6:t1"
2026-08-22T11:19:35.223236Z  INFO herdr::logging: session saved event="persist.save" subsystem="persist" outcome="ok" path=/home/mbv/.config/herdr/session.json workspaces=2
2026-08-22T11:19:46.000466Z  INFO herdr::logging: tab focused event="tab.focus" subsystem="tab" outcome="ok" workspace_id="w6" tab_id="w6:t2"
2026-08-22T11:19:51.003043Z  INFO herdr::logging: session saved event="persist.save" subsystem="persist" outcome="ok" path=/home/mbv/.config/herdr/session.json workspaces=2
2026-08-22T11:46:13.715913Z  WARN herdr::detect::manifest_update: skipping unknown remote manifest agent agent="qwen"
2026-08-22T11:51:01.751731Z  INFO herdr::logging: tab focused event="tab.focus" subsystem="tab" outcome="ok" workspace_id="w6" tab_id="w6:t1"
2026-08-22T11:51:06.753518Z  INFO herdr::logging: session saved event="persist.save" subsystem="persist" outcome="ok" path=/home/mbv/.config/herdr/session.json workspaces=2
2026-08-22T11:51:09.211392Z  INFO herdr::logging: tab focused event="tab.focus" subsystem="tab" outcome="ok" workspace_id="w6" tab_id="w6:t2"
2026-08-22T11:51:14.213903Z  INFO herdr::logging: session saved event="persist.save" subsystem="persist" outcome="ok" path=/home/mbv/.config/herdr/session.json workspaces=2
2026-08-22T11:51:18.504766Z  INFO herdr::logging: tab focused event="tab.focus" subsystem="tab" outcome="ok" workspace_id="w6" tab_id="w6:t2"
2026-08-22T11:51:19.109622Z  INFO herdr::logging: tab focused event="tab.focus" subsystem="tab" outcome="ok" workspace_id="w6" tab_id="w6:t1"
2026-08-22T11:51:24.111807Z  INFO herdr::logging: session saved event="persist.save" subsystem="persist" outcome="ok" path=/home/mbv/.config/herdr/session.json workspaces=2
2026-08-22T11:51:26.390479Z  INFO herdr::logging: tab focused event="tab.focus" subsystem="tab" outcome="ok" workspace_id="w6" tab_id="w6:t2"
2026-08-22T11:51:27.284437Z  INFO herdr::logging: tab focused event="tab.focus" subsystem="tab" outcome="ok" workspace_id="w6" tab_id="w6:t1"
2026-08-22T11:51:32.287429Z  INFO herdr::logging: session saved event="persist.save" subsystem="persist" outcome="ok" path=/home/mbv/.config/herdr/session.json workspaces=2
2026-08-22T11:52:06.566921Z  INFO herdr::logging: tab focused event="tab.focus" subsystem="tab" outcome="ok" workspace_id="w6" tab_id="w6:t2"
2026-08-22T11:52:08.714870Z  INFO herdr::logging: tab focused event="tab.focus" subsystem="tab" outcome="ok" workspace_id="w6" tab_id="w6:t1"
2026-08-22T11:52:13.717106Z  INFO herdr::logging: session saved event="persist.save" subsystem="persist" outcome="ok" path=/home/mbv/.config/herdr/session.json workspaces=2
2026-08-22T11:52:16.944552Z  INFO herdr::logging: tab focused event="tab.focus" subsystem="tab" outcome="ok" workspace_id="w6" tab_id="w6:t2"
2026-08-22T11:52:21.767162Z  INFO herdr::logging: tab focused event="tab.focus" subsystem="tab" outcome="ok" workspace_id="w6" tab_id="w6:t2"
2026-08-22T11:52:22.352361Z  INFO herdr::logging: tab focused event="tab.focus" subsystem="tab" outcome="ok" workspace_id="w6" tab_id="w6:t1"
2026-08-22T11:52:23.687190Z  INFO herdr::logging: tab focused event="tab.focus" subsystem="tab" outcome="ok" workspace_id="w6" tab_id="w6:t2"
2026-08-22T11:52:25.002159Z  INFO herdr::logging: tab focused event="tab.focus" subsystem="tab" outcome="ok" workspace_id="w6" tab_id="w6:t1"
2026-08-22T11:52:25.820096Z  INFO herdr::logging: tab focused event="tab.focus" subsystem="tab" outcome="ok" workspace_id="w6" tab_id="w6:t2"
2026-08-22T11:52:28.356228Z  INFO herdr::logging: tab focused event="tab.focus" subsystem="tab" outcome="ok" workspace_id="w6" tab_id="w6:t1"
2026-08-22T11:52:29.171065Z  INFO herdr::logging: tab focused event="tab.focus" subsystem="tab" outcome="ok" workspace_id="w6" tab_id="w6:t2"
2026-08-22T11:52:34.172898Z  INFO herdr::logging: session saved event="persist.save" subsystem="persist" outcome="ok" path=/home/mbv/.config/herdr/session.json workspaces=2
2026-08-22T11:53:36.608715Z  INFO herdr::logging: tab focused event="tab.focus" subsystem="tab" outcome="ok" workspace_id="w6" tab_id="w6:t2"
2026-08-22T11:53:37.105711Z  INFO herdr::logging: tab focused event="tab.focus" subsystem="tab" outcome="ok" workspace_id="w6" tab_id="w6:t1"
2026-08-22T11:53:42.107817Z  INFO herdr::logging: session saved event="persist.save" subsystem="persist" outcome="ok" path=/home/mbv/.config/herdr/session.json workspaces=2
2026-08-22T11:54:09.053722Z  INFO herdr::logging: spawning pane terminal event="pane.spawn.start" subsystem="pane" outcome="started" pane_id=5 rows=74 cols=287 scrollback_limit_bytes=10000000
2026-08-22T11:54:09.055383Z  INFO herdr::logging: pane child spawned event="pane.spawned" subsystem="pane" outcome="ok" pane_id=5 pid=42722
2026-08-22T11:54:09.055513Z  INFO herdr::logging: tab focused event="tab.focus" subsystem="tab" outcome="ok" workspace_id="w6" tab_id="w6:t1"
2026-08-22T11:54:11.646038Z  INFO herdr::logging: pane child exited event="pane.exit" subsystem="pane" outcome="completed" pane_id=5 status="ExitStatus { code: 0, signal: None }"
2026-08-22T11:54:11.648458Z  INFO herdr::pane: pane session terminated pane=5 pid=42722 signal=Hangup
2026-08-22T11:54:12.867434Z  INFO herdr::logging: tab focused event="tab.focus" subsystem="tab" outcome="ok" workspace_id="w6" tab_id="w6:t2"
2026-08-22T11:54:17.869715Z  INFO herdr::logging: session saved event="persist.save" subsystem="persist" outcome="ok" path=/home/mbv/.config/herdr/session.json workspaces=2
2026-08-22T11:54:18.088401Z  INFO herdr::logging: tab focused event="tab.focus" subsystem="tab" outcome="ok" workspace_id="w6" tab_id="w6:t1"
2026-08-22T11:54:23.090615Z  INFO herdr::logging: session saved event="persist.save" subsystem="persist" outcome="ok" path=/home/mbv/.config/herdr/session.json workspaces=2
2026-08-22T11:54:23.426162Z  INFO herdr::logging: tab focused event="tab.focus" subsystem="tab" outcome="ok" workspace_id="w6" tab_id="w6:t2"
2026-08-22T11:54:28.427788Z  INFO herdr::logging: session saved event="persist.save" subsystem="persist" outcome="ok" path=/home/mbv/.config/herdr/session.json workspaces=2
2026-08-22T12:16:13.730497Z  WARN herdr::detect::manifest_update: skipping unknown remote manifest agent agent="qwen"
2026-08-22T12:22:06.052735Z  INFO herdr::logging: tab focused event="tab.focus" subsystem="tab" outcome="ok" workspace_id="w6" tab_id="w6:t2"
2026-08-22T12:22:06.506717Z  INFO herdr::logging: tab focused event="tab.focus" subsystem="tab" outcome="ok" workspace_id="w6" tab_id="w6:t1"
2026-08-22T12:22:11.508708Z  INFO herdr::logging: session saved event="persist.save" subsystem="persist" outcome="ok" path=/home/mbv/.config/herdr/session.json workspaces=2
2026-08-22T12:22:14.857297Z  INFO herdr::logging: tab focused event="tab.focus" subsystem="tab" outcome="ok" workspace_id="w6" tab_id="w6:t2"
2026-08-22T12:22:19.858262Z  INFO herdr::logging: session saved event="persist.save" subsystem="persist" outcome="ok" path=/home/mbv/.config/herdr/session.json workspaces=2
2026-08-22T12:25:13.718627Z  INFO herdr::pane: agent changed pane=2 previous_agent=Some(OpenCode) agent=None pgid=Some(19969)
2026-08-22T12:25:15.224190Z  INFO herdr::pane: agent changed pane=2 previous_agent=None agent=Some(Codex) process=codex pgid=Some(47640)
2026-08-22T12:25:20.226043Z  INFO herdr::logging: session saved event="persist.save" subsystem="persist" outcome="ok" path=/home/mbv/.config/herdr/session.json workspaces=2
2026-08-22T12:26:05.755535Z  INFO herdr::server::headless: client resize client_id=6 cols=313 rows=77 cell_width_px=0 cell_height_px=0
2026-08-22T12:26:06.055565Z  INFO herdr::server::headless: client resize client_id=6 cols=313 rows=75 cell_width_px=0 cell_height_px=0
2026-08-22T12:26:12.460919Z  INFO herdr::server::headless: client resize client_id=6 cols=313 rows=77 cell_width_px=0 cell_height_px=0
2026-08-22T12:26:12.760591Z  INFO herdr::server::headless: client resize client_id=6 cols=313 rows=75 cell_width_px=0 cell_height_px=0
2026-08-22T12:26:17.864237Z  INFO herdr::server::headless: client resize client_id=6 cols=313 rows=77 cell_width_px=0 cell_height_px=0
2026-08-22T12:26:18.064383Z  INFO herdr::server::headless: client resize client_id=6 cols=313 rows=75 cell_width_px=0 cell_height_px=0
2026-08-22T12:46:13.695267Z  WARN herdr::detect::manifest_update: skipping unknown remote manifest agent agent="qwen"
2026-08-22T13:16:13.714453Z  WARN herdr::detect::manifest_update: skipping unknown remote manifest agent agent="qwen"
2026-08-22T13:46:13.715387Z  WARN herdr::detect::manifest_update: skipping unknown remote manifest agent agent="qwen"
2026-08-22T14:16:13.726368Z  WARN herdr::detect::manifest_update: skipping unknown remote manifest agent agent="qwen"
2026-08-22T14:46:13.712567Z  WARN herdr::detect::manifest_update: skipping unknown remote manifest agent agent="qwen"
2026-08-22T15:05:53.173318Z  INFO herdr::logging: tab focused event="tab.focus" subsystem="tab" outcome="ok" workspace_id="w6" tab_id="w6:t1"
2026-08-22T15:05:58.174548Z  INFO herdr::logging: session saved event="persist.save" subsystem="persist" outcome="ok" path=/home/mbv/.config/herdr/session.json workspaces=2
2026-08-22T15:05:59.915514Z  INFO herdr::logging: tab focused event="tab.focus" subsystem="tab" outcome="ok" workspace_id="w6" tab_id="w6:t2"
2026-08-22T15:06:04.917259Z  INFO herdr::logging: session saved event="persist.save" subsystem="persist" outcome="ok" path=/home/mbv/.config/herdr/session.json workspaces=2
2026-08-22T15:16:13.705669Z  WARN herdr::detect::manifest_update: skipping unknown remote manifest agent agent="qwen"
2026-08-22T15:46:13.718877Z  WARN herdr::detect::manifest_update: skipping unknown remote manifest agent agent="qwen"
2026-08-22T16:16:13.727095Z  WARN herdr::detect::manifest_update: skipping unknown remote manifest agent agent="qwen"
2026-08-22T16:44:30.940840Z  INFO herdr::logging: tab focused event="tab.focus" subsystem="tab" outcome="ok" workspace_id="w6" tab_id="w6:t1"
2026-08-22T16:44:35.942678Z  INFO herdr::logging: session saved event="persist.save" subsystem="persist" outcome="ok" path=/home/mbv/.config/herdr/session.json workspaces=2
2026-08-22T16:44:39.260627Z  INFO herdr::logging: tab focused event="tab.focus" subsystem="tab" outcome="ok" workspace_id="w6" tab_id="w6:t2"
2026-08-22T16:44:41.376923Z  INFO herdr::logging: tab focused event="tab.focus" subsystem="tab" outcome="ok" workspace_id="w6" tab_id="w6:t1"
2026-08-22T16:44:42.037707Z  INFO herdr::logging: tab focused event="tab.focus" subsystem="tab" outcome="ok" workspace_id="w6" tab_id="w6:t2"
2026-08-22T16:44:43.624821Z  INFO herdr::logging: tab focused event="tab.focus" subsystem="tab" outcome="ok" workspace_id="w6" tab_id="w6:t1"
2026-08-22T16:44:45.394763Z  INFO herdr::logging: tab focused event="tab.focus" subsystem="tab" outcome="ok" workspace_id="w6" tab_id="w6:t2"
2026-08-22T16:44:46.767750Z  INFO herdr::logging: tab focused event="tab.focus" subsystem="tab" outcome="ok" workspace_id="w6" tab_id="w6:t1"
2026-08-22T16:44:47.561805Z  INFO herdr::logging: tab focused event="tab.focus" subsystem="tab" outcome="ok" workspace_id="w6" tab_id="w6:t2"
2026-08-22T16:44:48.684064Z  INFO herdr::logging: tab focused event="tab.focus" subsystem="tab" outcome="ok" workspace_id="w6" tab_id="w6:t1"
2026-08-22T16:44:52.904714Z  INFO herdr::logging: tab focused event="tab.focus" subsystem="tab" outcome="ok" workspace_id="w6" tab_id="w6:t2"
2026-08-22T16:44:53.955722Z  INFO herdr::logging: tab focused event="tab.focus" subsystem="tab" outcome="ok" workspace_id="w6" tab_id="w6:t1"
2026-08-22T16:44:55.779834Z  INFO herdr::logging: tab focused event="tab.focus" subsystem="tab" outcome="ok" workspace_id="w6" tab_id="w6:t3"
2026-08-22T16:44:56.731659Z  INFO herdr::logging: tab focused event="tab.focus" subsystem="tab" outcome="ok" workspace_id="w6" tab_id="w6:t2"
2026-08-22T16:44:57.208710Z  INFO herdr::logging: tab focused event="tab.focus" subsystem="tab" outcome="ok" workspace_id="w6" tab_id="w6:t1"
2026-08-22T16:44:59.912537Z  INFO herdr::logging: tab focused event="tab.focus" subsystem="tab" outcome="ok" workspace_id="w6" tab_id="w6:t2"
2026-08-22T16:45:00.324386Z  INFO herdr::logging: tab focused event="tab.focus" subsystem="tab" outcome="ok" workspace_id="w6" tab_id="w6:t1"
2026-08-22T16:45:01.522361Z  INFO herdr::logging: tab focused event="tab.focus" subsystem="tab" outcome="ok" workspace_id="w6" tab_id="w6:t3"
2026-08-22T16:45:02.064614Z  INFO herdr::logging: tab focused event="tab.focus" subsystem="tab" outcome="ok" workspace_id="w6" tab_id="w6:t1"
2026-08-22T16:45:02.536407Z  INFO herdr::logging: tab focused event="tab.focus" subsystem="tab" outcome="ok" workspace_id="w6" tab_id="w6:t2"
2026-08-22T16:45:02.968629Z  INFO herdr::logging: tab focused event="tab.focus" subsystem="tab" outcome="ok" workspace_id="w6" tab_id="w6:t1"
2026-08-22T16:45:05.013642Z  INFO herdr::logging: tab focused event="tab.focus" subsystem="tab" outcome="ok" workspace_id="w6" tab_id="w6:t2"
2026-08-22T16:45:05.434568Z  INFO herdr::logging: tab focused event="tab.focus" subsystem="tab" outcome="ok" workspace_id="w6" tab_id="w6:t1"
2026-08-22T16:45:07.591382Z  INFO herdr::logging: tab focused event="tab.focus" subsystem="tab" outcome="ok" workspace_id="w6" tab_id="w6:t2"
2026-08-22T16:45:12.593509Z  INFO herdr::logging: session saved event="persist.save" subsystem="persist" outcome="ok" path=/home/mbv/.config/herdr/session.json workspaces=2
2026-08-22T16:45:15.395510Z  INFO herdr::logging: tab focused event="tab.focus" subsystem="tab" outcome="ok" workspace_id="w6" tab_id="w6:t1"
2026-08-22T16:45:17.550356Z  INFO herdr::logging: tab focused event="tab.focus" subsystem="tab" outcome="ok" workspace_id="w6" tab_id="w6:t2"
2026-08-22T16:45:17.986397Z  INFO herdr::logging: tab focused event="tab.focus" subsystem="tab" outcome="ok" workspace_id="w6" tab_id="w6:t1"
2026-08-22T16:45:19.127298Z  INFO herdr::server::headless: client resize client_id=6 cols=154 rows=75 cell_width_px=0 cell_height_px=0
2026-08-22T16:45:22.988424Z  INFO herdr::logging: session saved event="persist.save" subsystem="persist" outcome="ok" path=/home/mbv/.config/herdr/session.json workspaces=2
2026-08-22T16:45:43.046787Z  INFO herdr::server::headless: client resize client_id=6 cols=313 rows=75 cell_width_px=0 cell_height_px=0
2026-08-22T16:45:45.072008Z  INFO herdr::server::headless: client detach requested via keybind client_id=6
2026-08-22T16:45:45.074389Z  INFO herdr::server::headless: client disconnected client_id=6
2026-08-22T16:45:49.610202Z  INFO herdr::server::headless: client connected client_id=8 cols=313 rows=75 cell_width_px=0 cell_height_px=0 render_encoding=SemanticFrame
2026-08-22T16:46:02.442848Z  INFO herdr::server::headless: client detach requested via keybind client_id=8
2026-08-22T16:46:02.444726Z  INFO herdr::server::headless: client disconnected client_id=8
2026-08-22T16:46:11.000243Z  INFO herdr::server::headless: client connected client_id=10 cols=313 rows=75 cell_width_px=0 cell_height_px=0 render_encoding=SemanticFrame
2026-08-22T16:46:13.782848Z  WARN herdr::detect::manifest_update: skipping unknown remote manifest agent agent="qwen"
2026-08-22T16:46:15.465541Z  INFO herdr::logging: workspace focused event="workspace.focus" subsystem="workspace" outcome="ok" workspace_id="w6"
2026-08-22T16:46:15.465572Z  INFO herdr::logging: tab focused event="tab.focus" subsystem="tab" outcome="ok" workspace_id="w6" tab_id="w6:t1"
2026-08-22T16:46:17.270566Z  INFO herdr::logging: workspace focused event="workspace.focus" subsystem="workspace" outcome="ok" workspace_id="w8"
2026-08-22T16:46:17.270601Z  INFO herdr::logging: tab focused event="tab.focus" subsystem="tab" outcome="ok" workspace_id="w8" tab_id="w8:t1"
2026-08-22T16:46:19.092541Z  INFO herdr::logging: workspace focused event="workspace.focus" subsystem="workspace" outcome="ok" workspace_id="w6"
2026-08-22T16:46:19.092573Z  INFO herdr::logging: tab focused event="tab.focus" subsystem="tab" outcome="ok" workspace_id="w6" tab_id="w6:t1"
2026-08-22T16:46:24.094004Z  INFO herdr::logging: session saved event="persist.save" subsystem="persist" outcome="ok" path=/home/mbv/.config/herdr/session.json workspaces=2
2026-08-22T16:46:27.209512Z  INFO herdr::logging: tab focused event="tab.focus" subsystem="tab" outcome="ok" workspace_id="w6" tab_id="w6:t2"
2026-08-22T16:46:27.858650Z  INFO herdr::logging: tab focused event="tab.focus" subsystem="tab" outcome="ok" workspace_id="w6" tab_id="w6:t3"
2026-08-22T16:46:28.319477Z  INFO herdr::logging: tab focused event="tab.focus" subsystem="tab" outcome="ok" workspace_id="w6" tab_id="w6:t1"
2026-08-22T16:46:28.932490Z  INFO herdr::logging: tab focused event="tab.focus" subsystem="tab" outcome="ok" workspace_id="w6" tab_id="w6:t2"
2026-08-22T16:46:33.934883Z  INFO herdr::logging: session saved event="persist.save" subsystem="persist" outcome="ok" path=/home/mbv/.config/herdr/session.json workspaces=2
2026-08-22T17:16:13.725175Z  WARN herdr::detect::manifest_update: skipping unknown remote manifest agent agent="qwen"
2026-08-22T17:46:13.705618Z  WARN herdr::detect::manifest_update: skipping unknown remote manifest agent agent="qwen"
2026-08-22T18:03:59.521843Z  INFO herdr::logging: tab focused event="tab.focus" subsystem="tab" outcome="ok" workspace_id="w6" tab_id="w6:t1"
2026-08-22T18:04:01.001644Z  INFO herdr::logging: tab focused event="tab.focus" subsystem="tab" outcome="ok" workspace_id="w6" tab_id="w6:t2"
2026-08-22T18:04:01.433684Z  INFO herdr::logging: tab focused event="tab.focus" subsystem="tab" outcome="ok" workspace_id="w6" tab_id="w6:t1"
2026-08-22T18:04:02.472654Z  INFO herdr::logging: tab focused event="tab.focus" subsystem="tab" outcome="ok" workspace_id="w6" tab_id="w6:t2"
2026-08-22T18:04:02.896770Z  INFO herdr::logging: tab focused event="tab.focus" subsystem="tab" outcome="ok" workspace_id="w6" tab_id="w6:t1"
2026-08-22T18:04:03.837850Z  INFO herdr::logging: tab focused event="tab.focus" subsystem="tab" outcome="ok" workspace_id="w6" tab_id="w6:t3"
2026-08-22T18:04:04.541559Z  INFO herdr::logging: tab focused event="tab.focus" subsystem="tab" outcome="ok" workspace_id="w6" tab_id="w6:t2"
2026-08-22T18:04:05.116584Z  INFO herdr::logging: tab focused event="tab.focus" subsystem="tab" outcome="ok" workspace_id="w6" tab_id="w6:t1"
2026-08-22T18:04:07.935704Z  INFO herdr::logging: tab focused event="tab.focus" subsystem="tab" outcome="ok" workspace_id="w6" tab_id="w6:t2"
2026-08-22T18:04:08.387641Z  INFO herdr::logging: tab focused event="tab.focus" subsystem="tab" outcome="ok" workspace_id="w6" tab_id="w6:t1"
2026-08-22T18:04:09.207479Z  INFO herdr::logging: tab focused event="tab.focus" subsystem="tab" outcome="ok" workspace_id="w6" tab_id="w6:t2"
2026-08-22T18:04:14.210062Z  INFO herdr::logging: session saved event="persist.save" subsystem="persist" outcome="ok" path=/home/mbv/.config/herdr/session.json workspaces=2
2026-08-22T18:04:54.356028Z  INFO herdr::logging: tab focused event="tab.focus" subsystem="tab" outcome="ok" workspace_id="w6" tab_id="w6:t1"
2026-08-22T18:04:57.494037Z  INFO herdr::logging: tab focused event="tab.focus" subsystem="tab" outcome="ok" workspace_id="w6" tab_id="w6:t2"
2026-08-22T18:05:02.496945Z  INFO herdr::logging: session saved event="persist.save" subsystem="persist" outcome="ok" path=/home/mbv/.config/herdr/session.json workspaces=2
2026-08-22T18:05:11.270609Z  INFO herdr::logging: tab focused event="tab.focus" subsystem="tab" outcome="ok" workspace_id="w6" tab_id="w6:t2"
2026-08-22T18:05:12.075591Z  INFO herdr::logging: tab focused event="tab.focus" subsystem="tab" outcome="ok" workspace_id="w6" tab_id="w6:t1"
2026-08-22T18:05:17.077114Z  INFO herdr::logging: session saved event="persist.save" subsystem="persist" outcome="ok" path=/home/mbv/.config/herdr/session.json workspaces=2
2026-08-22T18:16:13.716965Z  WARN herdr::detect::manifest_update: skipping unknown remote manifest agent agent="qwen"
2026-08-22T18:46:13.707200Z  WARN herdr::detect::manifest_update: skipping unknown remote manifest agent agent="qwen"
2026-08-22T19:16:13.722065Z  WARN herdr::detect::manifest_update: skipping unknown remote manifest agent agent="qwen"
2026-08-22T19:46:13.719214Z  WARN herdr::detect::manifest_update: skipping unknown remote manifest agent agent="qwen"
2026-08-22T20:16:13.757682Z  WARN herdr::detect::manifest_update: skipping unknown remote manifest agent agent="qwen"
2026-08-22T20:46:13.725874Z  WARN herdr::detect::manifest_update: skipping unknown remote manifest agent agent="qwen"
2026-08-22T21:16:13.723531Z  WARN herdr::detect::manifest_update: skipping unknown remote manifest agent agent="qwen"
2026-08-22T21:46:13.759862Z  WARN herdr::detect::manifest_update: skipping unknown remote manifest agent agent="qwen"
2026-08-22T22:16:13.794113Z  WARN herdr::detect::manifest_update: skipping unknown remote manifest agent agent="qwen"
2026-08-22T22:46:13.791857Z  WARN herdr::detect::manifest_update: skipping unknown remote manifest agent agent="qwen"
2026-08-23T10:04:20.413965Z  INFO herdr::api::server: api server listening path=/home/mbv/.config/herdr/herdr.sock
2026-08-23T10:04:20.415307Z  INFO herdr::logging: spawning pane terminal event="pane.spawn.start" subsystem="pane" outcome="started" pane_id=1 rows=24 cols=80 scrollback_limit_bytes=10000000
2026-08-23T10:04:20.416127Z  INFO herdr::logging: pane child spawned event="pane.spawned" subsystem="pane" outcome="ok" pane_id=1 pid=4646
2026-08-23T10:04:20.416284Z  INFO herdr::logging: spawning pane terminal event="pane.spawn.start" subsystem="pane" outcome="started" pane_id=2 rows=24 cols=80 scrollback_limit_bytes=10000000
2026-08-23T10:04:20.416959Z  INFO herdr::logging: pane child spawned event="pane.spawned" subsystem="pane" outcome="ok" pane_id=2 pid=4649
2026-08-23T10:04:20.417071Z  INFO herdr::logging: spawning pane terminal event="pane.spawn.start" subsystem="pane" outcome="started" pane_id=3 rows=24 cols=80 scrollback_limit_bytes=10000000
2026-08-23T10:04:20.417824Z  INFO herdr::logging: pane child spawned event="pane.spawned" subsystem="pane" outcome="ok" pane_id=3 pid=4652
2026-08-23T10:04:20.418506Z  INFO herdr::logging: spawning pane terminal event="pane.spawn.start" subsystem="pane" outcome="started" pane_id=4 rows=24 cols=80 scrollback_limit_bytes=10000000
2026-08-23T10:04:20.419456Z  INFO herdr::logging: pane child spawned event="pane.spawned" subsystem="pane" outcome="ok" pane_id=4 pid=4655
2026-08-23T10:04:20.419749Z  INFO herdr::logging: session restore evaluated event="persist.restore" subsystem="persist" outcome="ok" workspaces=2
2026-08-23T10:04:20.419757Z  INFO herdr::app: using pane scrollback configuration pane_scrollback_limit_bytes=10000000
2026-08-23T10:04:20.440967Z  INFO herdr::logging: checking for updates event="update.check.start" subsystem="update" outcome="started"
2026-08-23T10:04:20.442272Z  INFO herdr::server::headless: restored session already has workspaces; ignoring startup cwd cwd=/home/mbv
2026-08-23T10:04:20.442392Z  INFO herdr::server::headless: client protocol socket listening path=/home/mbv/.config/herdr/herdr-client.sock
2026-08-23T10:04:20.442564Z  INFO herdr::server::headless: herdr server started api_socket=/home/mbv/.config/herdr/herdr.sock client_socket=/home/mbv/.config/herdr/herdr-client.sock
2026-08-23T10:04:20.442947Z  INFO herdr::logging: herdr starting event="app.startup" subsystem="server" outcome="started" pid=4612
2026-08-23T10:04:20.466541Z  INFO herdr::server::headless: client connected client_id=2 cols=313 rows=75 cell_width_px=0 cell_height_px=0 render_encoding=SemanticFrame
2026-08-23T10:04:20.548181Z  WARN herdr::detect::manifest_update: skipping unknown remote manifest agent agent="qwen"
2026-08-23T10:04:20.575572Z  INFO herdr::logging: update available event="update.available" subsystem="update" outcome="ok" version="0.8.2"
2026-08-23T10:04:20.575579Z  INFO herdr::update: new stable build available at https://github.com/herdrdev/herdr/releases/download/v0.8.2/herdr-linux-x86_64
2026-08-23T10:04:20.575779Z  INFO herdr::update: auto-update check: 0.8.2 available, waiting for explicit install
2026-08-23T10:04:27.306251Z  INFO herdr::logging: pane child exited event="pane.exit" subsystem="pane" outcome="completed" pane_id=1 status="ExitStatus { code: 0, signal: None }"
2026-08-23T10:04:27.309192Z  INFO herdr::pane: pane session terminated pane=1 pid=4646 signal=Hangup
2026-08-23T10:04:32.311138Z  INFO herdr::logging: session saved event="persist.save" subsystem="persist" outcome="ok" path=/home/mbv/.config/herdr/session.json workspaces=2
2026-08-23T10:04:34.202128Z  INFO herdr::logging: spawning pane terminal event="pane.spawn.start" subsystem="pane" outcome="started" pane_id=5 rows=74 cols=287 scrollback_limit_bytes=10000000
2026-08-23T10:04:34.203598Z  INFO herdr::logging: pane child spawned event="pane.spawned" subsystem="pane" outcome="ok" pane_id=5 pid=5563
2026-08-23T10:04:34.203723Z  INFO herdr::logging: tab focused event="tab.focus" subsystem="tab" outcome="ok" workspace_id="w6" tab_id="w6:t7"
2026-08-23T10:04:38.017694Z  INFO herdr::logging: tab renamed event="tab.rename" subsystem="tab" outcome="ok" workspace_id="w6" tab_id="w6:t7"
2026-08-23T10:04:41.485291Z  INFO herdr::logging: tab focused event="tab.focus" subsystem="tab" outcome="ok" workspace_id="w6" tab_id="w6:t2"
2026-08-23T10:04:46.487660Z  INFO herdr::logging: session saved event="persist.save" subsystem="persist" outcome="ok" path=/home/mbv/.config/herdr/session.json workspaces=2
2026-08-23T10:04:50.407179Z  INFO herdr::logging: tab renamed event="tab.rename" subsystem="tab" outcome="ok" workspace_id="w6" tab_id="w6:t2"
2026-08-23T10:04:55.408513Z  INFO herdr::logging: session saved event="persist.save" subsystem="persist" outcome="ok" path=/home/mbv/.config/herdr/session.json workspaces=2
2026-08-23T10:06:19.531638Z  INFO herdr::server::headless: client detach requested via keybind client_id=2
2026-08-23T10:06:19.534469Z  INFO herdr::server::headless: client disconnected client_id=2
2026-08-23T10:34:20.550821Z  WARN herdr::detect::manifest_update: skipping unknown remote manifest agent agent="qwen"
2026-08-23T11:04:20.539858Z  WARN herdr::detect::manifest_update: skipping unknown remote manifest agent agent="qwen"
2026-08-23T11:34:20.552146Z  WARN herdr::detect::manifest_update: skipping unknown remote manifest agent agent="qwen"
2026-08-23T12:04:20.524632Z  WARN herdr::detect::manifest_update: skipping unknown remote manifest agent agent="qwen"
2026-08-23T12:34:20.546810Z  WARN herdr::detect::manifest_update: skipping unknown remote manifest agent agent="qwen"
2026-08-23T13:04:20.532474Z  WARN herdr::detect::manifest_update: skipping unknown remote manifest agent agent="qwen"
2026-08-23T13:34:20.589308Z  WARN herdr::detect::manifest_update: skipping unknown remote manifest agent agent="qwen"
2026-08-23T14:04:20.539376Z  WARN herdr::detect::manifest_update: skipping unknown remote manifest agent agent="qwen"
2026-08-23T14:34:20.536496Z  WARN herdr::detect::manifest_update: skipping unknown remote manifest agent agent="qwen"
2026-08-23T15:04:20.551145Z  WARN herdr::detect::manifest_update: skipping unknown remote manifest agent agent="qwen"
2026-08-23T15:34:38.466667Z  WARN herdr::detect::manifest_update: agent detection manifest update failed: failed to fetch https://herdr.dev/agent-detection/index.toml
2026-08-23T16:04:38.467668Z  WARN herdr::detect::manifest_update: agent detection manifest update failed: failed to fetch https://herdr.dev/agent-detection/index.toml
2026-08-23T16:34:38.467211Z  WARN herdr::detect::manifest_update: agent detection manifest update failed: failed to fetch https://herdr.dev/agent-detection/index.toml
2026-08-24T08:21:59.007804Z  INFO herdr::api::server: api server listening path=/home/mbv/.config/herdr/herdr.sock
2026-08-24T08:21:59.009093Z  INFO herdr::logging: spawning pane terminal event="pane.spawn.start" subsystem="pane" outcome="started" pane_id=1 rows=24 cols=80 scrollback_limit_bytes=10000000
2026-08-24T08:21:59.009984Z  INFO herdr::logging: pane child spawned event="pane.spawned" subsystem="pane" outcome="ok" pane_id=1 pid=8019
2026-08-24T08:21:59.010375Z  INFO herdr::logging: spawning pane terminal event="pane.spawn.start" subsystem="pane" outcome="started" pane_id=2 rows=24 cols=80 scrollback_limit_bytes=10000000
2026-08-24T08:21:59.011171Z  INFO herdr::logging: pane child spawned event="pane.spawned" subsystem="pane" outcome="ok" pane_id=2 pid=8022
2026-08-24T08:21:59.011296Z  INFO herdr::logging: spawning pane terminal event="pane.spawn.start" subsystem="pane" outcome="started" pane_id=3 rows=24 cols=80 scrollback_limit_bytes=10000000
2026-08-24T08:21:59.012025Z  INFO herdr::logging: pane child spawned event="pane.spawned" subsystem="pane" outcome="ok" pane_id=3 pid=8025
2026-08-24T08:21:59.012200Z  INFO herdr::logging: spawning pane terminal event="pane.spawn.start" subsystem="pane" outcome="started" pane_id=4 rows=24 cols=80 scrollback_limit_bytes=10000000
2026-08-24T08:21:59.013017Z  INFO herdr::logging: pane child spawned event="pane.spawned" subsystem="pane" outcome="ok" pane_id=4 pid=8028
2026-08-24T08:21:59.013427Z  INFO herdr::logging: session restore evaluated event="persist.restore" subsystem="persist" outcome="ok" workspaces=2
2026-08-24T08:21:59.013443Z  INFO herdr::app: using pane scrollback configuration pane_scrollback_limit_bytes=10000000
2026-08-24T08:21:59.035267Z  INFO herdr::logging: checking for updates event="update.check.start" subsystem="update" outcome="started"
2026-08-24T08:21:59.036593Z  INFO herdr::server::headless: restored session already has workspaces; ignoring startup cwd cwd=/home/mbv
2026-08-24T08:21:59.036693Z  INFO herdr::server::headless: client protocol socket listening path=/home/mbv/.config/herdr/herdr-client.sock
2026-08-24T08:21:59.036719Z  INFO herdr::server::headless: herdr server started api_socket=/home/mbv/.config/herdr/herdr.sock client_socket=/home/mbv/.config/herdr/herdr-client.sock
2026-08-24T08:21:59.037105Z  INFO herdr::logging: herdr starting event="app.startup" subsystem="server" outcome="started" pid=7985
2026-08-24T08:21:59.061966Z  INFO herdr::server::headless: client connected client_id=2 cols=313 rows=75 cell_width_px=0 cell_height_px=0 render_encoding=SemanticFrame
2026-08-24T08:21:59.173412Z  WARN herdr::detect::manifest_update: skipping unknown remote manifest agent agent="qwen"
2026-08-24T08:21:59.191750Z  INFO herdr::logging: update available event="update.available" subsystem="update" outcome="ok" version="0.8.2"
2026-08-24T08:21:59.191760Z  INFO herdr::update: new stable build available at https://github.com/herdrdev/herdr/releases/download/v0.8.2/herdr-linux-x86_64
2026-08-24T08:21:59.192002Z  INFO herdr::update: auto-update check: 0.8.2 available, waiting for explicit install
2026-08-24T08:23:37.300203Z  INFO herdr::logging: workspace focused event="workspace.focus" subsystem="workspace" outcome="ok" workspace_id="w8"
2026-08-24T08:23:37.300234Z  INFO herdr::logging: tab focused event="tab.focus" subsystem="tab" outcome="ok" workspace_id="w8" tab_id="w8:t1"
2026-08-24T08:23:41.952115Z  INFO herdr::logging: workspace focused event="workspace.focus" subsystem="workspace" outcome="ok" workspace_id="w8"
2026-08-24T08:23:41.952145Z  INFO herdr::logging: tab focused event="tab.focus" subsystem="tab" outcome="ok" workspace_id="w8" tab_id="w8:t1"
2026-08-24T08:23:44.261158Z  INFO herdr::logging: workspace focused event="workspace.focus" subsystem="workspace" outcome="ok" workspace_id="w6"
2026-08-24T08:23:44.261190Z  INFO herdr::logging: tab focused event="tab.focus" subsystem="tab" outcome="ok" workspace_id="w6" tab_id="w6:t2"
2026-08-24T08:23:49.263253Z  INFO herdr::logging: session saved event="persist.save" subsystem="persist" outcome="ok" path=/home/mbv/.config/herdr/session.json workspaces=2
2026-08-24T08:26:11.531475Z  INFO herdr::pane: agent changed pane=1 previous_agent=None agent=Some(Codex) process=codex pgid=Some(9681)
2026-08-24T08:26:14.242425Z  INFO herdr::pane: agent changed pane=1 previous_agent=Some(Codex) agent=None pgid=Some(8019)
2026-08-24T08:26:16.533388Z  INFO herdr::logging: session saved event="persist.save" subsystem="persist" outcome="ok" path=/home/mbv/.config/herdr/session.json workspaces=2
2026-08-24T08:26:18.257612Z  INFO herdr::pane: agent changed pane=1 previous_agent=None agent=Some(Codex) process=codex pgid=Some(10178)
2026-08-24T08:26:27.828960Z  INFO herdr::logging: workspace focused event="workspace.focus" subsystem="workspace" outcome="ok" workspace_id="w8"
2026-08-24T08:26:27.828989Z  INFO herdr::logging: tab focused event="tab.focus" subsystem="tab" outcome="ok" workspace_id="w8" tab_id="w8:t1"
2026-08-24T08:26:32.831478Z  INFO herdr::logging: session saved event="persist.save" subsystem="persist" outcome="ok" path=/home/mbv/.config/herdr/session.json workspaces=2
2026-08-24T08:27:06.747156Z  INFO herdr::pane: agent changed pane=4 previous_agent=None agent=Some(Codex) process=codex pgid=Some(11035)
2026-08-24T08:27:11.749419Z  INFO herdr::logging: session saved event="persist.save" subsystem="persist" outcome="ok" path=/home/mbv/.config/herdr/session.json workspaces=2
2026-08-24T08:27:30.859498Z  INFO herdr::pane: agent changed pane=4 previous_agent=Some(Codex) agent=None pgid=Some(8028)
2026-08-24T08:27:32.365327Z  INFO herdr::pane: agent changed pane=4 previous_agent=None agent=Some(Pi) process=pi pgid=Some(11591)
2026-08-24T08:27:37.367154Z  INFO herdr::logging: session saved event="persist.save" subsystem="persist" outcome="ok" path=/home/mbv/.config/herdr/session.json workspaces=2
2026-08-24T08:51:59.128209Z  WARN herdr::detect::manifest_update: skipping unknown remote manifest agent agent="qwen"
2026-08-24T08:58:29.536332Z  INFO herdr::logging: workspace focused event="workspace.focus" subsystem="workspace" outcome="ok" workspace_id="w6"
2026-08-24T08:58:29.536365Z  INFO herdr::logging: tab focused event="tab.focus" subsystem="tab" outcome="ok" workspace_id="w6" tab_id="w6:t2"
2026-08-24T08:58:31.346024Z  INFO herdr::pane: agent changed pane=1 previous_agent=Some(Codex) agent=None pgid=Some(8019)
2026-08-24T08:58:34.539564Z  INFO herdr::logging: session saved event="persist.save" subsystem="persist" outcome="ok" path=/home/mbv/.config/herdr/session.json workspaces=2
2026-08-24T08:58:41.370142Z  INFO herdr::logging: tab focused event="tab.focus" subsystem="tab" outcome="ok" workspace_id="w6" tab_id="w6:t3"
2026-08-24T08:58:43.328299Z  INFO herdr::logging: tab focused event="tab.focus" subsystem="tab" outcome="ok" workspace_id="w6" tab_id="w6:t2"
2026-08-24T08:58:48.329806Z  INFO herdr::logging: session saved event="persist.save" subsystem="persist" outcome="ok" path=/home/mbv/.config/herdr/session.json workspaces=2
2026-08-24T08:59:28.109450Z  INFO herdr::logging: workspace focused event="workspace.focus" subsystem="workspace" outcome="ok" workspace_id="w8"
2026-08-24T08:59:28.109480Z  INFO herdr::logging: tab focused event="tab.focus" subsystem="tab" outcome="ok" workspace_id="w8" tab_id="w8:t1"
2026-08-24T08:59:33.113436Z  INFO herdr::logging: session saved event="persist.save" subsystem="persist" outcome="ok" path=/home/mbv/.config/herdr/session.json workspaces=2
2026-08-24T09:00:40.043593Z  INFO herdr::logging: tab renamed event="tab.rename" subsystem="tab" outcome="ok" workspace_id="w8" tab_id="w8:t1"
2026-08-24T09:00:41.918619Z  INFO herdr::logging: spawning pane terminal event="pane.spawn.start" subsystem="pane" outcome="started" pane_id=5 rows=74 cols=287 scrollback_limit_bytes=10000000
2026-08-24T09:00:41.920571Z  INFO herdr::logging: pane child spawned event="pane.spawned" subsystem="pane" outcome="ok" pane_id=5 pid=43720
2026-08-24T09:00:41.920757Z  INFO herdr::logging: tab focused event="tab.focus" subsystem="tab" outcome="ok" workspace_id="w8" tab_id="w8:t2"
2026-08-24T09:00:44.870479Z  INFO herdr::logging: tab renamed event="tab.rename" subsystem="tab" outcome="ok" workspace_id="w8" tab_id="w8:t2"
2026-08-24T09:00:49.872306Z  INFO herdr::logging: session saved event="persist.save" subsystem="persist" outcome="ok" path=/home/mbv/.config/herdr/session.json workspaces=2
2026-08-24T09:00:55.815350Z  INFO herdr::logging: tab focused event="tab.focus" subsystem="tab" outcome="ok" workspace_id="w8" tab_id="w8:t1"
2026-08-24T09:01:00.818826Z  INFO herdr::logging: session saved event="persist.save" subsystem="persist" outcome="ok" path=/home/mbv/.config/herdr/session.json workspaces=2
2026-08-24T09:01:25.874010Z  INFO herdr::logging: workspace focused event="workspace.focus" subsystem="workspace" outcome="ok" workspace_id="w6"
2026-08-24T09:01:25.874038Z  INFO herdr::logging: tab focused event="tab.focus" subsystem="tab" outcome="ok" workspace_id="w6" tab_id="w6:t2"
2026-08-24T09:01:30.877550Z  INFO herdr::logging: session saved event="persist.save" subsystem="persist" outcome="ok" path=/home/mbv/.config/herdr/session.json workspaces=2
2026-08-24T09:01:31.868058Z  INFO herdr::logging: spawning pane terminal event="pane.spawn.start" subsystem="pane" outcome="started" pane_id=6 rows=74 cols=287 scrollback_limit_bytes=10000000
2026-08-24T09:01:31.869802Z  INFO herdr::logging: pane child spawned event="pane.spawned" subsystem="pane" outcome="ok" pane_id=6 pid=44607
2026-08-24T09:01:31.869946Z  INFO herdr::logging: tab focused event="tab.focus" subsystem="tab" outcome="ok" workspace_id="w6" tab_id="w6:t2"
2026-08-24T09:01:33.425693Z  INFO herdr::pane: agent changed pane=6 previous_agent=None agent=Some(Pi) process=pi pgid=Some(44917)
2026-08-24T09:01:38.427512Z  INFO herdr::logging: session saved event="persist.save" subsystem="persist" outcome="ok" path=/home/mbv/.config/herdr/session.json workspaces=2
2026-08-24T09:02:52.413937Z  INFO herdr::logging: workspace focused event="workspace.focus" subsystem="workspace" outcome="ok" workspace_id="w6"
2026-08-24T09:02:52.413972Z  INFO herdr::logging: tab focused event="tab.focus" subsystem="tab" outcome="ok" workspace_id="w6" tab_id="w6:t2"
2026-08-24T09:02:53.997917Z  INFO herdr::logging: workspace focused event="workspace.focus" subsystem="workspace" outcome="ok" workspace_id="w6"
2026-08-24T09:02:53.997948Z  INFO herdr::logging: tab focused event="tab.focus" subsystem="tab" outcome="ok" workspace_id="w6" tab_id="w6:t2"
2026-08-24T09:02:55.728979Z  INFO herdr::logging: workspace focused event="workspace.focus" subsystem="workspace" outcome="ok" workspace_id="w8"
2026-08-24T09:02:55.729004Z  INFO herdr::logging: tab focused event="tab.focus" subsystem="tab" outcome="ok" workspace_id="w8" tab_id="w8:t1"
2026-08-24T09:03:00.734704Z  INFO herdr::logging: session saved event="persist.save" subsystem="persist" outcome="ok" path=/home/mbv/.config/herdr/session.json workspaces=2
2026-08-24T09:03:38.738245Z  INFO herdr::logging: workspace focused event="workspace.focus" subsystem="workspace" outcome="ok" workspace_id="w6"
2026-08-24T09:03:38.738274Z  INFO herdr::logging: tab focused event="tab.focus" subsystem="tab" outcome="ok" workspace_id="w6" tab_id="w6:t2"
2026-08-24T09:03:43.741471Z  INFO herdr::logging: session saved event="persist.save" subsystem="persist" outcome="ok" path=/home/mbv/.config/herdr/session.json workspaces=2
2026-08-24T09:03:56.527970Z  INFO herdr::logging: tab focused event="tab.focus" subsystem="tab" outcome="ok" workspace_id="w6" tab_id="w6:t2"
2026-08-24T09:03:57.064846Z  INFO herdr::logging: tab focused event="tab.focus" subsystem="tab" outcome="ok" workspace_id="w6" tab_id="w6:t2"
2026-08-24T09:03:57.856912Z  INFO herdr::logging: tab focused event="tab.focus" subsystem="tab" outcome="ok" workspace_id="w6" tab_id="w6:t2"
2026-08-24T09:04:02.858442Z  INFO herdr::logging: session saved event="persist.save" subsystem="persist" outcome="ok" path=/home/mbv/.config/herdr/session.json workspaces=2
2026-08-24T09:08:35.350094Z  INFO herdr::server::headless: server shutdown initiated
2026-08-24T09:08:35.400188Z  INFO herdr::server::headless: completing server shutdown
2026-08-24T09:08:35.451206Z  INFO herdr::logging: session saved event="persist.save" subsystem="persist" outcome="ok" path=/home/mbv/.config/herdr/session.json workspaces=2
2026-08-24T09:08:35.451224Z  INFO herdr::server::headless: headless server exiting
2026-08-24T09:08:35.451718Z  INFO herdr::logging: pane child exited event="pane.exit" subsystem="pane" outcome="completed" pane_id=5 status="ExitStatus { code: 1, signal: Some(\"Hangup\") }"
2026-08-24T09:08:35.456674Z  INFO herdr::pane: pane session terminated pane=5 pid=43720 signal=Hangup
2026-08-24T09:08:35.457240Z  INFO herdr::logging: pane child exited event="pane.exit" subsystem="pane" outcome="completed" pane_id=4 status="ExitStatus { code: 1, signal: Some(\"Hangup\") }"
2026-08-24T09:08:35.461418Z  INFO herdr::pane: pane session terminated pane=4 pid=8028 signal=Hangup
2026-08-24T09:08:35.462055Z  INFO herdr::logging: pane child exited event="pane.exit" subsystem="pane" outcome="completed" pane_id=1 status="ExitStatus { code: 1, signal: Some(\"Hangup\") }"
2026-08-24T09:08:35.466007Z  INFO herdr::pane: pane session terminated pane=1 pid=8019 signal=Hangup
2026-08-24T09:08:35.466516Z  INFO herdr::logging: pane child exited event="pane.exit" subsystem="pane" outcome="completed" pane_id=6 status="ExitStatus { code: 1, signal: Some(\"Hangup\") }"
2026-08-24T09:08:35.470547Z  INFO herdr::pane: pane session terminated pane=6 pid=44607 signal=Hangup
2026-08-24T09:08:35.471009Z  INFO herdr::logging: pane child exited event="pane.exit" subsystem="pane" outcome="completed" pane_id=2 status="ExitStatus { code: 1, signal: Some(\"Hangup\") }"
2026-08-24T09:08:35.474998Z  INFO herdr::pane: pane session terminated pane=2 pid=8022 signal=Hangup
2026-08-24T09:08:35.475528Z  INFO herdr::logging: pane child exited event="pane.exit" subsystem="pane" outcome="completed" pane_id=3 status="ExitStatus { code: 1, signal: Some(\"Hangup\") }"
2026-08-24T09:08:35.479433Z  INFO herdr::pane: pane session terminated pane=3 pid=8025 signal=Hangup
2026-08-24T09:08:35.480400Z  INFO herdr::logging: herdr exiting event="app.shutdown" subsystem="server" outcome="completed" pid=7985
2026-08-24T09:11:04.368602Z  INFO herdr::api::server: api server listening path=/home/mbv/.config/herdr/herdr.sock
2026-08-24T09:11:04.369824Z  INFO herdr::logging: spawning pane terminal event="pane.spawn.start" subsystem="pane" outcome="started" pane_id=1 rows=24 cols=80 scrollback_limit_bytes=10000000
2026-08-24T09:11:04.370677Z  INFO herdr::logging: pane child spawned event="pane.spawned" subsystem="pane" outcome="ok" pane_id=1 pid=5326
2026-08-24T09:11:04.371023Z  INFO herdr::logging: spawning pane terminal event="pane.spawn.start" subsystem="pane" outcome="started" pane_id=2 rows=24 cols=80 scrollback_limit_bytes=10000000
2026-08-24T09:11:04.371805Z  INFO herdr::logging: pane child spawned event="pane.spawned" subsystem="pane" outcome="ok" pane_id=2 pid=5329
2026-08-24T09:11:04.371932Z  INFO herdr::logging: spawning pane terminal event="pane.spawn.start" subsystem="pane" outcome="started" pane_id=3 rows=24 cols=80 scrollback_limit_bytes=10000000
2026-08-24T09:11:04.372641Z  INFO herdr::logging: pane child spawned event="pane.spawned" subsystem="pane" outcome="ok" pane_id=3 pid=5332
2026-08-24T09:11:04.372788Z  INFO herdr::logging: spawning pane terminal event="pane.spawn.start" subsystem="pane" outcome="started" pane_id=4 rows=24 cols=80 scrollback_limit_bytes=10000000
2026-08-24T09:11:04.373601Z  INFO herdr::logging: pane child spawned event="pane.spawned" subsystem="pane" outcome="ok" pane_id=4 pid=5335
2026-08-24T09:11:04.373781Z  INFO herdr::logging: spawning pane terminal event="pane.spawn.start" subsystem="pane" outcome="started" pane_id=5 rows=24 cols=80 scrollback_limit_bytes=10000000
2026-08-24T09:11:04.374544Z  INFO herdr::logging: pane child spawned event="pane.spawned" subsystem="pane" outcome="ok" pane_id=5 pid=5338
2026-08-24T09:11:04.374678Z  INFO herdr::logging: spawning pane terminal event="pane.spawn.start" subsystem="pane" outcome="started" pane_id=6 rows=24 cols=80 scrollback_limit_bytes=10000000
2026-08-24T09:11:04.375505Z  INFO herdr::logging: pane child spawned event="pane.spawned" subsystem="pane" outcome="ok" pane_id=6 pid=5341
2026-08-24T09:11:04.375653Z  INFO herdr::logging: session restore evaluated event="persist.restore" subsystem="persist" outcome="ok" workspaces=2
2026-08-24T09:11:04.375667Z  INFO herdr::app: using pane scrollback configuration pane_scrollback_limit_bytes=10000000
2026-08-24T09:11:04.397996Z  INFO herdr::logging: checking for updates event="update.check.start" subsystem="update" outcome="started"
2026-08-24T09:11:04.399129Z  INFO herdr::server::headless: restored session already has workspaces; ignoring startup cwd cwd=/home/mbv
2026-08-24T09:11:04.399185Z  INFO herdr::server::headless: client protocol socket listening path=/home/mbv/.config/herdr/herdr-client.sock
2026-08-24T09:11:04.399199Z  INFO herdr::server::headless: herdr server started api_socket=/home/mbv/.config/herdr/herdr.sock client_socket=/home/mbv/.config/herdr/herdr-client.sock
2026-08-24T09:11:04.399395Z  INFO herdr::logging: herdr starting event="app.startup" subsystem="server" outcome="started" pid=5292
2026-08-24T09:11:04.422261Z  INFO herdr::server::headless: client connected client_id=2 cols=154 rows=75 cell_width_px=0 cell_height_px=0 render_encoding=SemanticFrame
2026-08-24T09:11:04.461755Z  WARN herdr::detect::manifest_update: skipping unknown remote manifest agent agent="qwen"
2026-08-24T09:11:04.489521Z  INFO herdr::logging: update available event="update.available" subsystem="update" outcome="ok" version="0.8.2"
2026-08-24T09:11:04.489531Z  INFO herdr::update: new stable build available at https://github.com/herdrdev/herdr/releases/download/v0.8.2/herdr-linux-x86_64
2026-08-24T09:11:04.489783Z  INFO herdr::update: auto-update check: 0.8.2 available, waiting for explicit install
2026-08-24T09:11:08.342618Z  INFO herdr::logging: workspace focused event="workspace.focus" subsystem="workspace" outcome="ok" workspace_id="w8"
2026-08-24T09:11:08.342654Z  INFO herdr::logging: tab focused event="tab.focus" subsystem="tab" outcome="ok" workspace_id="w8" tab_id="w8:t1"
2026-08-24T09:11:12.450345Z  INFO herdr::pane: agent changed pane=5 previous_agent=None agent=Some(Pi) process=pi pgid=Some(6311)
2026-08-24T09:11:17.268408Z  INFO herdr::pane: agent changed pane=5 previous_agent=Some(Pi) agent=None pgid=Some(5338)
2026-08-24T09:11:17.452452Z  INFO herdr::logging: session saved event="persist.save" subsystem="persist" outcome="ok" path=/home/mbv/.config/herdr/session.json workspaces=2
2026-08-24T09:11:18.302655Z  INFO herdr::logging: tab focused event="tab.focus" subsystem="tab" outcome="ok" workspace_id="w8" tab_id="w8:t2"
2026-08-24T09:11:19.378710Z  INFO herdr::logging: tab focused event="tab.focus" subsystem="tab" outcome="ok" workspace_id="w8" tab_id="w8:t1"
2026-08-24T09:11:21.606738Z  INFO herdr::logging: workspace focused event="workspace.focus" subsystem="workspace" outcome="ok" workspace_id="w8"
2026-08-24T09:11:21.606771Z  INFO herdr::logging: tab focused event="tab.focus" subsystem="tab" outcome="ok" workspace_id="w8" tab_id="w8:t1"
2026-08-24T09:11:23.228632Z  INFO herdr::logging: workspace focused event="workspace.focus" subsystem="workspace" outcome="ok" workspace_id="w6"
2026-08-24T09:11:23.228666Z  INFO herdr::logging: tab focused event="tab.focus" subsystem="tab" outcome="ok" workspace_id="w6" tab_id="w6:t2"
2026-08-24T09:11:26.724228Z  INFO herdr::logging: pane child exited event="pane.exit" subsystem="pane" outcome="completed" pane_id=1 status="ExitStatus { code: 0, signal: None }"
2026-08-24T09:11:26.725433Z  INFO herdr::pane: pane session terminated pane=1 pid=5326 signal=Hangup
2026-08-24T09:11:27.988093Z  INFO herdr::pane: agent changed pane=2 previous_agent=None agent=Some(Pi) process=pi pgid=Some(6617)
2026-08-24T09:11:32.989955Z  INFO herdr::logging: session saved event="persist.save" subsystem="persist" outcome="ok" path=/home/mbv/.config/herdr/session.json workspaces=2
2026-08-24T09:41:04.485945Z  WARN herdr::detect::manifest_update: skipping unknown remote manifest agent agent="qwen"
2026-08-24T10:11:04.485110Z  WARN herdr::detect::manifest_update: skipping unknown remote manifest agent agent="qwen"
2026-08-24T10:41:04.502853Z  WARN herdr::detect::manifest_update: skipping unknown remote manifest agent agent="qwen"
2026-08-24T11:11:04.526062Z  WARN herdr::detect::manifest_update: skipping unknown remote manifest agent agent="qwen"
2026-08-24T11:18:25.030250Z  INFO herdr::server::headless: client resize client_id=2 cols=313 rows=75 cell_width_px=0 cell_height_px=0
2026-08-24T11:18:26.561727Z  INFO herdr::logging: tab focused event="tab.focus" subsystem="tab" outcome="ok" workspace_id="w6" tab_id="w6:t3"
2026-08-24T11:18:31.566740Z  INFO herdr::logging: session saved event="persist.save" subsystem="persist" outcome="ok" path=/home/mbv/.config/herdr/session.json workspaces=2
2026-08-24T11:19:04.744163Z  INFO herdr::logging: tab focused event="tab.focus" subsystem="tab" outcome="ok" workspace_id="w6" tab_id="w6:t2"
2026-08-24T11:19:09.749126Z  INFO herdr::logging: session saved event="persist.save" subsystem="persist" outcome="ok" path=/home/mbv/.config/herdr/session.json workspaces=2
2026-08-24T11:21:09.673734Z  INFO herdr::logging: tab focused event="tab.focus" subsystem="tab" outcome="ok" workspace_id="w6" tab_id="w6:t3"
2026-08-24T11:21:14.679222Z  INFO herdr::logging: session saved event="persist.save" subsystem="persist" outcome="ok" path=/home/mbv/.config/herdr/session.json workspaces=2
2026-08-24T11:21:20.425534Z  INFO herdr::logging: tab focused event="tab.focus" subsystem="tab" outcome="ok" workspace_id="w6" tab_id="w6:t2"
2026-08-24T11:21:25.430974Z  INFO herdr::logging: session saved event="persist.save" subsystem="persist" outcome="ok" path=/home/mbv/.config/herdr/session.json workspaces=2
2026-08-24T11:41:04.538239Z  WARN herdr::detect::manifest_update: skipping unknown remote manifest agent agent="qwen"
2026-08-24T11:57:28.156852Z  INFO herdr::logging: tab focused event="tab.focus" subsystem="tab" outcome="ok" workspace_id="w6" tab_id="w6:t3"
2026-08-24T11:57:32.541759Z  INFO herdr::logging: tab focused event="tab.focus" subsystem="tab" outcome="ok" workspace_id="w6" tab_id="w6:t2"
2026-08-24T11:57:37.546797Z  INFO herdr::logging: session saved event="persist.save" subsystem="persist" outcome="ok" path=/home/mbv/.config/herdr/session.json workspaces=2
2026-08-24T12:03:35.186528Z  INFO herdr::logging: tab focused event="tab.focus" subsystem="tab" outcome="ok" workspace_id="w6" tab_id="w6:t3"
2026-08-24T12:03:36.154513Z  INFO herdr::logging: tab focused event="tab.focus" subsystem="tab" outcome="ok" workspace_id="w6" tab_id="w6:t2"
2026-08-24T12:03:41.160175Z  INFO herdr::logging: session saved event="persist.save" subsystem="persist" outcome="ok" path=/home/mbv/.config/herdr/session.json workspaces=2
2026-08-24T12:11:04.570500Z  WARN herdr::detect::manifest_update: skipping unknown remote manifest agent agent="qwen"
2026-08-24T12:41:04.558346Z  WARN herdr::detect::manifest_update: skipping unknown remote manifest agent agent="qwen"
2026-08-24T13:11:04.493226Z  WARN herdr::detect::manifest_update: skipping unknown remote manifest agent agent="qwen"
2026-08-24T13:30:04.814479Z  INFO herdr::logging: tab focused event="tab.focus" subsystem="tab" outcome="ok" workspace_id="w6" tab_id="w6:t3"
2026-08-24T13:30:09.823389Z  INFO herdr::logging: session saved event="persist.save" subsystem="persist" outcome="ok" path=/home/mbv/.config/herdr/session.json workspaces=2
2026-08-24T13:41:04.483196Z  WARN herdr::detect::manifest_update: skipping unknown remote manifest agent agent="qwen"
2026-08-24T14:11:04.505492Z  WARN herdr::detect::manifest_update: skipping unknown remote manifest agent agent="qwen"
2026-08-24T14:41:04.516106Z  WARN herdr::detect::manifest_update: skipping unknown remote manifest agent agent="qwen"
2026-08-24T14:59:11.960226Z  INFO herdr::logging: tab focused event="tab.focus" subsystem="tab" outcome="ok" workspace_id="w6" tab_id="w6:t2"
2026-08-24T14:59:14.927188Z  INFO herdr::logging: tab focused event="tab.focus" subsystem="tab" outcome="ok" workspace_id="w6" tab_id="w6:t3"
2026-08-24T14:59:19.936876Z  INFO herdr::logging: session saved event="persist.save" subsystem="persist" outcome="ok" path=/home/mbv/.config/herdr/session.json workspaces=2
2026-08-24T14:59:27.034001Z  INFO herdr::logging: tab focused event="tab.focus" subsystem="tab" outcome="ok" workspace_id="w6" tab_id="w6:t2"
2026-08-24T14:59:32.042934Z  INFO herdr::logging: session saved event="persist.save" subsystem="persist" outcome="ok" path=/home/mbv/.config/herdr/session.json workspaces=2
2026-08-24T15:02:06.142765Z  INFO herdr::logging: tab focused event="tab.focus" subsystem="tab" outcome="ok" workspace_id="w6" tab_id="w6:t3"
2026-08-24T15:02:11.151043Z  INFO herdr::logging: session saved event="persist.save" subsystem="persist" outcome="ok" path=/home/mbv/.config/herdr/session.json workspaces=2
2026-08-24T15:02:13.196781Z  INFO herdr::logging: tab focused event="tab.focus" subsystem="tab" outcome="ok" workspace_id="w6" tab_id="w6:t2"
2026-08-24T15:02:18.205222Z  INFO herdr::logging: session saved event="persist.save" subsystem="persist" outcome="ok" path=/home/mbv/.config/herdr/session.json workspaces=2
2026-08-24T15:10:06.638513Z  INFO herdr::logging: tab focused event="tab.focus" subsystem="tab" outcome="ok" workspace_id="w6" tab_id="w6:t3"
2026-08-24T15:10:11.648984Z  INFO herdr::logging: session saved event="persist.save" subsystem="persist" outcome="ok" path=/home/mbv/.config/herdr/session.json workspaces=2
2026-08-24T15:10:38.906024Z  INFO herdr::logging: tab focused event="tab.focus" subsystem="tab" outcome="ok" workspace_id="w6" tab_id="w6:t2"
2026-08-24T15:10:43.917828Z  INFO herdr::logging: session saved event="persist.save" subsystem="persist" outcome="ok" path=/home/mbv/.config/herdr/session.json workspaces=2
2026-08-24T15:11:04.489074Z  WARN herdr::detect::manifest_update: skipping unknown remote manifest agent agent="qwen"
2026-08-24T15:23:43.000461Z  INFO herdr::logging: tab focused event="tab.focus" subsystem="tab" outcome="ok" workspace_id="w6" tab_id="w6:t3"
2026-08-24T15:23:48.013193Z  INFO herdr::logging: session saved event="persist.save" subsystem="persist" outcome="ok" path=/home/mbv/.config/herdr/session.json workspaces=2
2026-08-24T15:24:33.022805Z  INFO herdr::logging: tab focused event="tab.focus" subsystem="tab" outcome="ok" workspace_id="w6" tab_id="w6:t2"
2026-08-24T15:24:38.040065Z  INFO herdr::logging: session saved event="persist.save" subsystem="persist" outcome="ok" path=/home/mbv/.config/herdr/session.json workspaces=2
2026-08-24T15:36:43.630782Z  INFO herdr::logging: tab focused event="tab.focus" subsystem="tab" outcome="ok" workspace_id="w6" tab_id="w6:t3"
2026-08-24T15:36:45.096847Z  INFO herdr::logging: tab focused event="tab.focus" subsystem="tab" outcome="ok" workspace_id="w6" tab_id="w6:t7"
2026-08-24T15:36:45.908614Z  INFO herdr::logging: tab focused event="tab.focus" subsystem="tab" outcome="ok" workspace_id="w6" tab_id="w6:t3"
2026-08-24T15:36:50.909558Z  INFO herdr::logging: session saved event="persist.save" subsystem="persist" outcome="ok" path=/home/mbv/.config/herdr/session.json workspaces=2
2026-08-24T15:36:58.893638Z  INFO herdr::logging: tab focused event="tab.focus" subsystem="tab" outcome="ok" workspace_id="w6" tab_id="w6:t2"
2026-08-24T15:37:03.906427Z  INFO herdr::logging: session saved event="persist.save" subsystem="persist" outcome="ok" path=/home/mbv/.config/herdr/session.json workspaces=2
2026-08-24T15:37:23.804446Z  INFO herdr::logging: tab focused event="tab.focus" subsystem="tab" outcome="ok" workspace_id="w6" tab_id="w6:t3"
2026-08-24T15:37:24.459116Z  INFO herdr::logging: tab focused event="tab.focus" subsystem="tab" outcome="ok" workspace_id="w6" tab_id="w6:t7"
2026-08-24T15:37:24.926358Z  INFO herdr::logging: tab focused event="tab.focus" subsystem="tab" outcome="ok" workspace_id="w6" tab_id="w6:t2"
2026-08-24T15:37:29.940326Z  INFO herdr::logging: session saved event="persist.save" subsystem="persist" outcome="ok" path=/home/mbv/.config/herdr/session.json workspaces=2
2026-08-24T15:41:04.499388Z  WARN herdr::detect::manifest_update: skipping unknown remote manifest agent agent="qwen"
2026-08-24T15:41:37.492932Z  INFO herdr::logging: workspace focused event="workspace.focus" subsystem="workspace" outcome="ok" workspace_id="w8"
2026-08-24T15:41:37.492955Z  INFO herdr::logging: tab focused event="tab.focus" subsystem="tab" outcome="ok" workspace_id="w8" tab_id="w8:t1"
2026-08-24T15:41:42.505564Z  INFO herdr::logging: session saved event="persist.save" subsystem="persist" outcome="ok" path=/home/mbv/.config/herdr/session.json workspaces=2
2026-08-24T15:42:05.354125Z  INFO herdr::pane: agent changed pane=5 previous_agent=None agent=Some(Codex) process=codex pgid=Some(82595)
2026-08-24T15:42:07.161484Z  INFO herdr::pane: agent changed pane=5 previous_agent=Some(Codex) agent=None pgid=Some(5338)
2026-08-24T15:42:08.165358Z  INFO herdr::pane: agent changed pane=5 previous_agent=None agent=Some(Pi) process=pi pgid=Some(82906)
2026-08-24T15:42:13.166270Z  INFO herdr::logging: session saved event="persist.save" subsystem="persist" outcome="ok" path=/home/mbv/.config/herdr/session.json workspaces=2
2026-08-24T16:09:47.371455Z  INFO herdr::logging: tab focused event="tab.focus" subsystem="tab" outcome="ok" workspace_id="w8" tab_id="w8:t2"
2026-08-24T16:09:52.373564Z  INFO herdr::logging: session saved event="persist.save" subsystem="persist" outcome="ok" path=/home/mbv/.config/herdr/session.json workspaces=2
2026-08-24T16:09:58.450375Z  INFO herdr::server::headless: client resize client_id=2 cols=313 rows=68 cell_width_px=0 cell_height_px=0
2026-08-24T16:09:58.650545Z  INFO herdr::server::headless: client resize client_id=2 cols=278 rows=68 cell_width_px=0 cell_height_px=0
2026-08-24T16:11:04.498186Z  WARN herdr::detect::manifest_update: skipping unknown remote manifest agent agent="qwen"
2026-08-24T16:11:35.445864Z  INFO herdr::logging: tab focused event="tab.focus" subsystem="tab" outcome="ok" workspace_id="w8" tab_id="w8:t1"
2026-08-24T16:11:40.449116Z  INFO herdr::logging: session saved event="persist.save" subsystem="persist" outcome="ok" path=/home/mbv/.config/herdr/session.json workspaces=2
2026-08-24T16:41:04.512644Z  WARN herdr::detect::manifest_update: skipping unknown remote manifest agent agent="qwen"
2026-08-24T17:11:04.523234Z  WARN herdr::detect::manifest_update: skipping unknown remote manifest agent agent="qwen"
2026-08-24T17:41:04.581662Z  WARN herdr::detect::manifest_update: skipping unknown remote manifest agent agent="qwen"
2026-08-24T18:02:03.250648Z  INFO herdr::logging: workspace focused event="workspace.focus" subsystem="workspace" outcome="ok" workspace_id="w6"
2026-08-24T18:02:03.250677Z  INFO herdr::logging: tab focused event="tab.focus" subsystem="tab" outcome="ok" workspace_id="w6" tab_id="w6:t2"
2026-08-24T18:02:08.271587Z  INFO herdr::logging: session saved event="persist.save" subsystem="persist" outcome="ok" path=/home/mbv/.config/herdr/session.json workspaces=2
2026-08-24T18:03:22.518420Z  INFO herdr::logging: workspace focused event="workspace.focus" subsystem="workspace" outcome="ok" workspace_id="w8"
2026-08-24T18:03:22.518443Z  INFO herdr::logging: tab focused event="tab.focus" subsystem="tab" outcome="ok" workspace_id="w8" tab_id="w8:t1"
2026-08-24T18:03:25.456472Z  INFO herdr::logging: tab focused event="tab.focus" subsystem="tab" outcome="ok" workspace_id="w8" tab_id="w8:t2"
2026-08-24T18:03:30.468123Z  INFO herdr::logging: session saved event="persist.save" subsystem="persist" outcome="ok" path=/home/mbv/.config/herdr/session.json workspaces=2
2026-08-24T18:04:07.033974Z  INFO herdr::logging: tab focused event="tab.focus" subsystem="tab" outcome="ok" workspace_id="w8" tab_id="w8:t1"
2026-08-24T18:04:09.804877Z  INFO herdr::logging: tab focused event="tab.focus" subsystem="tab" outcome="ok" workspace_id="w8" tab_id="w8:t2"
2026-08-24T18:04:14.815884Z  INFO herdr::logging: session saved event="persist.save" subsystem="persist" outcome="ok" path=/home/mbv/.config/herdr/session.json workspaces=2
2026-08-24T18:06:16.459296Z  INFO herdr::logging: tab focused event="tab.focus" subsystem="tab" outcome="ok" workspace_id="w8" tab_id="w8:t1"
2026-08-24T18:06:18.731330Z  INFO herdr::logging: tab focused event="tab.focus" subsystem="tab" outcome="ok" workspace_id="w8" tab_id="w8:t2"
2026-08-24T18:06:23.742212Z  INFO herdr::logging: session saved event="persist.save" subsystem="persist" outcome="ok" path=/home/mbv/.config/herdr/session.json workspaces=2
2026-08-24T18:06:24.051119Z  INFO herdr::logging: tab focused event="tab.focus" subsystem="tab" outcome="ok" workspace_id="w8" tab_id="w8:t1"
2026-08-24T18:06:29.065275Z  INFO herdr::logging: session saved event="persist.save" subsystem="persist" outcome="ok" path=/home/mbv/.config/herdr/session.json workspaces=2
2026-08-24T18:06:29.355040Z  INFO herdr::logging: tab focused event="tab.focus" subsystem="tab" outcome="ok" workspace_id="w8" tab_id="w8:t2"
2026-08-24T18:06:34.366386Z  INFO herdr::logging: session saved event="persist.save" subsystem="persist" outcome="ok" path=/home/mbv/.config/herdr/session.json workspaces=2
2026-08-24T18:07:08.604463Z  INFO herdr::logging: tab focused event="tab.focus" subsystem="tab" outcome="ok" workspace_id="w8" tab_id="w8:t1"
2026-08-24T18:07:13.615462Z  INFO herdr::logging: session saved event="persist.save" subsystem="persist" outcome="ok" path=/home/mbv/.config/herdr/session.json workspaces=2
2026-08-24T18:07:13.800456Z  INFO herdr::logging: tab focused event="tab.focus" subsystem="tab" outcome="ok" workspace_id="w8" tab_id="w8:t2"
2026-08-24T18:07:18.812127Z  INFO herdr::logging: session saved event="persist.save" subsystem="persist" outcome="ok" path=/home/mbv/.config/herdr/session.json workspaces=2
2026-08-24T18:11:04.602490Z  WARN herdr::detect::manifest_update: skipping unknown remote manifest agent agent="qwen"
2026-08-24T18:14:10.550832Z  INFO herdr::logging: tab focused event="tab.focus" subsystem="tab" outcome="ok" workspace_id="w8" tab_id="w8:t1"
2026-08-24T18:14:15.561441Z  INFO herdr::logging: session saved event="persist.save" subsystem="persist" outcome="ok" path=/home/mbv/.config/herdr/session.json workspaces=2
2026-08-24T18:15:08.327160Z  INFO herdr::logging: tab focused event="tab.focus" subsystem="tab" outcome="ok" workspace_id="w8" tab_id="w8:t1"
2026-08-24T18:15:09.848969Z  INFO herdr::logging: tab focused event="tab.focus" subsystem="tab" outcome="ok" workspace_id="w8" tab_id="w8:t2"
2026-08-24T18:15:10.993073Z  INFO herdr::logging: tab focused event="tab.focus" subsystem="tab" outcome="ok" workspace_id="w8" tab_id="w8:t1"
2026-08-24T18:15:12.075991Z  INFO herdr::logging: workspace focused event="workspace.focus" subsystem="workspace" outcome="ok" workspace_id="w6"
2026-08-24T18:15:12.076015Z  INFO herdr::logging: tab focused event="tab.focus" subsystem="tab" outcome="ok" workspace_id="w6" tab_id="w6:t2"
2026-08-24T18:15:17.091056Z  INFO herdr::logging: session saved event="persist.save" subsystem="persist" outcome="ok" path=/home/mbv/.config/herdr/session.json workspaces=2
2026-08-24T18:18:52.542766Z  INFO herdr::logging: workspace focused event="workspace.focus" subsystem="workspace" outcome="ok" workspace_id="w6"
2026-08-24T18:18:52.542792Z  INFO herdr::logging: tab focused event="tab.focus" subsystem="tab" outcome="ok" workspace_id="w6" tab_id="w6:t2"
2026-08-24T18:18:54.367898Z  INFO herdr::logging: workspace focused event="workspace.focus" subsystem="workspace" outcome="ok" workspace_id="w8"
2026-08-24T18:18:54.367925Z  INFO herdr::logging: tab focused event="tab.focus" subsystem="tab" outcome="ok" workspace_id="w8" tab_id="w8:t1"
2026-08-24T18:18:56.970732Z  INFO herdr::logging: workspace focused event="workspace.focus" subsystem="workspace" outcome="ok" workspace_id="w6"
2026-08-24T18:18:56.970763Z  INFO herdr::logging: tab focused event="tab.focus" subsystem="tab" outcome="ok" workspace_id="w6" tab_id="w6:t2"
2026-08-24T18:19:01.984875Z  INFO herdr::logging: session saved event="persist.save" subsystem="persist" outcome="ok" path=/home/mbv/.config/herdr/session.json workspaces=2
2026-08-24T18:41:04.516831Z  WARN herdr::detect::manifest_update: skipping unknown remote manifest agent agent="qwen"
2026-08-24T19:11:04.513279Z  WARN herdr::detect::manifest_update: skipping unknown remote manifest agent agent="qwen"
2026-08-24T19:41:04.487354Z  WARN herdr::detect::manifest_update: skipping unknown remote manifest agent agent="qwen"
2026-08-24T20:11:04.489987Z  WARN herdr::detect::manifest_update: skipping unknown remote manifest agent agent="qwen"
2026-08-24T20:39:55.084038Z  INFO herdr::server::headless: client detach requested via keybind client_id=2
2026-08-24T20:39:55.094922Z  INFO herdr::server::headless: client disconnected client_id=2
2026-08-24T20:41:04.491917Z  WARN herdr::detect::manifest_update: skipping unknown remote manifest agent agent="qwen"
2026-08-25T07:44:30.847181Z  INFO herdr::api::server: api server listening path=/home/mbv/.config/herdr/herdr.sock
2026-08-25T07:44:30.848631Z  INFO herdr::logging: spawning pane terminal event="pane.spawn.start" subsystem="pane" outcome="started" pane_id=1 rows=24 cols=80 scrollback_limit_bytes=10000000
2026-08-25T07:44:30.849487Z  INFO herdr::logging: pane child spawned event="pane.spawned" subsystem="pane" outcome="ok" pane_id=1 pid=4085
2026-08-25T07:44:30.849629Z  INFO herdr::logging: spawning pane terminal event="pane.spawn.start" subsystem="pane" outcome="started" pane_id=2 rows=24 cols=80 scrollback_limit_bytes=10000000
2026-08-25T07:44:30.850387Z  INFO herdr::logging: pane child spawned event="pane.spawned" subsystem="pane" outcome="ok" pane_id=2 pid=4088
2026-08-25T07:44:30.850515Z  INFO herdr::logging: spawning pane terminal event="pane.spawn.start" subsystem="pane" outcome="started" pane_id=3 rows=24 cols=80 scrollback_limit_bytes=10000000
2026-08-25T07:44:30.851259Z  INFO herdr::logging: pane child spawned event="pane.spawned" subsystem="pane" outcome="ok" pane_id=3 pid=4091
2026-08-25T07:44:30.851892Z  INFO herdr::logging: spawning pane terminal event="pane.spawn.start" subsystem="pane" outcome="started" pane_id=4 rows=24 cols=80 scrollback_limit_bytes=10000000
2026-08-25T07:44:30.852635Z  INFO herdr::logging: pane child spawned event="pane.spawned" subsystem="pane" outcome="ok" pane_id=4 pid=4094
2026-08-25T07:44:30.852753Z  INFO herdr::logging: spawning pane terminal event="pane.spawn.start" subsystem="pane" outcome="started" pane_id=5 rows=24 cols=80 scrollback_limit_bytes=10000000
2026-08-25T07:44:30.853567Z  INFO herdr::logging: pane child spawned event="pane.spawned" subsystem="pane" outcome="ok" pane_id=5 pid=4097
2026-08-25T07:44:30.853937Z  INFO herdr::logging: session restore evaluated event="persist.restore" subsystem="persist" outcome="ok" workspaces=2
2026-08-25T07:44:30.853945Z  INFO herdr::app: using pane scrollback configuration pane_scrollback_limit_bytes=10000000
2026-08-25T07:44:30.875548Z  INFO herdr::logging: checking for updates event="update.check.start" subsystem="update" outcome="started"
2026-08-25T07:44:30.876968Z  INFO herdr::server::headless: restored session already has workspaces; ignoring startup cwd cwd=/home/mbv
2026-08-25T07:44:30.877108Z  INFO herdr::server::headless: client protocol socket listening path=/home/mbv/.config/herdr/herdr-client.sock
2026-08-25T07:44:30.877129Z  INFO herdr::server::headless: herdr server started api_socket=/home/mbv/.config/herdr/herdr.sock client_socket=/home/mbv/.config/herdr/herdr-client.sock
2026-08-25T07:44:30.877469Z  INFO herdr::logging: herdr starting event="app.startup" subsystem="server" outcome="started" pid=4051
2026-08-25T07:44:30.904058Z  INFO herdr::server::headless: client connected client_id=2 cols=313 rows=75 cell_width_px=0 cell_height_px=0 render_encoding=SemanticFrame
2026-08-25T07:44:30.963511Z  WARN herdr::detect::manifest_update: skipping unknown remote manifest agent agent="qwen"
2026-08-25T07:44:30.976315Z  INFO herdr::logging: update available event="update.available" subsystem="update" outcome="ok" version="0.8.2"
2026-08-25T07:44:30.976324Z  INFO herdr::update: new stable build available at https://github.com/herdrdev/herdr/releases/download/v0.8.2/herdr-linux-x86_64
2026-08-25T07:44:30.976570Z  INFO herdr::update: auto-update check: 0.8.2 available, waiting for explicit install
2026-08-25T07:45:48.463825Z  INFO herdr::logging: tab focused event="tab.focus" subsystem="tab" outcome="ok" workspace_id="w6" tab_id="w6:t3"
2026-08-25T07:45:53.465628Z  INFO herdr::logging: session saved event="persist.save" subsystem="persist" outcome="ok" path=/home/mbv/.config/herdr/session.json workspaces=2
2026-08-25T08:13:30.301143Z  INFO herdr::logging: workspace focused event="workspace.focus" subsystem="workspace" outcome="ok" workspace_id="w8"
2026-08-25T08:13:30.301173Z  INFO herdr::logging: tab focused event="tab.focus" subsystem="tab" outcome="ok" workspace_id="w8" tab_id="w8:t1"
2026-08-25T08:13:32.952600Z  INFO herdr::logging: tab focused event="tab.focus" subsystem="tab" outcome="ok" workspace_id="w8" tab_id="w8:t2"
2026-08-25T08:13:37.954817Z  INFO herdr::logging: session saved event="persist.save" subsystem="persist" outcome="ok" path=/home/mbv/.config/herdr/session.json workspaces=2
2026-08-25T08:13:46.315174Z  INFO herdr::pane: agent changed pane=5 previous_agent=None agent=Some(Pi) process=pi pgid=Some(9899)
2026-08-25T08:13:49.627395Z  INFO herdr::pane: agent changed pane=5 previous_agent=Some(Pi) agent=None pgid=Some(4097)
2026-08-25T08:13:50.561241Z  INFO herdr::logging: tab focused event="tab.focus" subsystem="tab" outcome="ok" workspace_id="w8" tab_id="w8:t1"
2026-08-25T08:13:53.342348Z  INFO herdr::pane: agent changed pane=4 previous_agent=None agent=Some(Pi) process=pi pgid=Some(10035)
2026-08-25T08:13:58.343195Z  INFO herdr::logging: session saved event="persist.save" subsystem="persist" outcome="ok" path=/home/mbv/.config/herdr/session.json workspaces=2
2026-08-25T08:14:14.070790Z  INFO herdr::logging: tab focused event="tab.focus" subsystem="tab" outcome="ok" workspace_id="w8" tab_id="w8:t2"
2026-08-25T08:14:19.074835Z  INFO herdr::logging: session saved event="persist.save" subsystem="persist" outcome="ok" path=/home/mbv/.config/herdr/session.json workspaces=2
2026-08-25T08:14:30.968191Z  WARN herdr::detect::manifest_update: skipping unknown remote manifest agent agent="qwen"
2026-08-25T08:14:53.578664Z  INFO herdr::logging: tab focused event="tab.focus" subsystem="tab" outcome="ok" workspace_id="w8" tab_id="w8:t1"
2026-08-25T08:14:58.583281Z  INFO herdr::logging: session saved event="persist.save" subsystem="persist" outcome="ok" path=/home/mbv/.config/herdr/session.json workspaces=2
2026-08-25T08:16:30.127612Z  INFO herdr::logging: tab focused event="tab.focus" subsystem="tab" outcome="ok" workspace_id="w8" tab_id="w8:t2"
2026-08-25T08:16:31.336739Z  INFO herdr::logging: tab focused event="tab.focus" subsystem="tab" outcome="ok" workspace_id="w8" tab_id="w8:t1"
2026-08-25T08:16:36.341631Z  INFO herdr::logging: session saved event="persist.save" subsystem="persist" outcome="ok" path=/home/mbv/.config/herdr/session.json workspaces=2
2026-08-25T08:22:15.912316Z  INFO herdr::logging: tab focused event="tab.focus" subsystem="tab" outcome="ok" workspace_id="w8" tab_id="w8:t2"
2026-08-25T08:22:20.916746Z  INFO herdr::logging: session saved event="persist.save" subsystem="persist" outcome="ok" path=/home/mbv/.config/herdr/session.json workspaces=2
2026-08-25T08:26:13.276602Z  INFO herdr::logging: spawning pane terminal event="pane.spawn.start" subsystem="pane" outcome="started" pane_id=6 rows=74 cols=287 scrollback_limit_bytes=10000000
2026-08-25T08:26:13.277992Z  INFO herdr::logging: pane child spawned event="pane.spawned" subsystem="pane" outcome="ok" pane_id=6 pid=26953
2026-08-25T08:26:13.278135Z  INFO herdr::logging: tab focused event="tab.focus" subsystem="tab" outcome="ok" workspace_id="w8" tab_id="w8:t3"
2026-08-25T08:26:18.280070Z  INFO herdr::logging: session saved event="persist.save" subsystem="persist" outcome="ok" path=/home/mbv/.config/herdr/session.json workspaces=2
2026-08-25T08:26:19.251475Z  INFO herdr::logging: tab focused event="tab.focus" subsystem="tab" outcome="ok" workspace_id="w8" tab_id="w8:t2"
2026-08-25T08:26:24.252824Z  INFO herdr::logging: session saved event="persist.save" subsystem="persist" outcome="ok" path=/home/mbv/.config/herdr/session.json workspaces=2
2026-08-25T08:32:26.063606Z  INFO herdr::server::headless: client resize client_id=2 cols=313 rows=68 cell_width_px=0 cell_height_px=0
2026-08-25T08:32:26.263742Z  INFO herdr::server::headless: client resize client_id=2 cols=278 rows=68 cell_width_px=0 cell_height_px=0
2026-08-25T08:40:56.304353Z  INFO herdr::logging: spawning pane terminal event="pane.spawn.start" subsystem="pane" outcome="started" pane_id=7 rows=67 cols=252 scrollback_limit_bytes=10000000
2026-08-25T08:40:56.305832Z  INFO herdr::logging: pane child spawned event="pane.spawned" subsystem="pane" outcome="ok" pane_id=7 pid=35206
2026-08-25T08:40:56.305980Z  INFO herdr::logging: tab focused event="tab.focus" subsystem="tab" outcome="ok" workspace_id="w8" tab_id="w8:t2"
2026-08-25T08:41:01.308515Z  INFO herdr::logging: session saved event="persist.save" subsystem="persist" outcome="ok" path=/home/mbv/.config/herdr/session.json workspaces=2
2026-08-25T08:41:02.362386Z  INFO herdr::logging: tab focused event="tab.focus" subsystem="tab" outcome="ok" workspace_id="w8" tab_id="w8:t2"
2026-08-25T08:41:07.364287Z  INFO herdr::logging: session saved event="persist.save" subsystem="persist" outcome="ok" path=/home/mbv/.config/herdr/session.json workspaces=2
2026-08-25T08:41:45.975873Z  INFO herdr::logging: tab focused event="tab.focus" subsystem="tab" outcome="ok" workspace_id="w8" tab_id="w8:t2"
2026-08-25T08:41:49.300881Z  INFO herdr::logging: tab focused event="tab.focus" subsystem="tab" outcome="ok" workspace_id="w8" tab_id="w8:t2"
2026-08-25T08:41:54.302592Z  INFO herdr::logging: session saved event="persist.save" subsystem="persist" outcome="ok" path=/home/mbv/.config/herdr/session.json workspaces=2
2026-08-25T08:44:30.953064Z  WARN herdr::detect::manifest_update: skipping unknown remote manifest agent agent="qwen"
2026-08-25T08:51:40.775267Z  INFO herdr::logging: workspace focused event="workspace.focus" subsystem="workspace" outcome="ok" workspace_id="w6"
2026-08-25T08:51:40.775293Z  INFO herdr::logging: tab focused event="tab.focus" subsystem="tab" outcome="ok" workspace_id="w6" tab_id="w6:t3"
2026-08-25T08:51:45.777526Z  INFO herdr::logging: session saved event="persist.save" subsystem="persist" outcome="ok" path=/home/mbv/.config/herdr/session.json workspaces=2
2026-08-25T08:51:45.975102Z  INFO herdr::logging: workspace focused event="workspace.focus" subsystem="workspace" outcome="ok" workspace_id="w8"
2026-08-25T08:51:45.975131Z  INFO herdr::logging: tab focused event="tab.focus" subsystem="tab" outcome="ok" workspace_id="w8" tab_id="w8:t2"
2026-08-25T08:51:47.931032Z  INFO herdr::logging: tab focused event="tab.focus" subsystem="tab" outcome="ok" workspace_id="w8" tab_id="w8:t2"
2026-08-25T08:51:48.258492Z  INFO herdr::logging: pane child exited event="pane.exit" subsystem="pane" outcome="completed" pane_id=7 status="ExitStatus { code: 0, signal: None }"
2026-08-25T08:51:48.260014Z  INFO herdr::pane: pane session terminated pane=7 pid=35206 signal=Hangup
2026-08-25T08:51:49.773019Z  INFO herdr::logging: tab focused event="tab.focus" subsystem="tab" outcome="ok" workspace_id="w8" tab_id="w8:t3"
2026-08-25T08:51:52.656901Z  INFO herdr::logging: tab renamed event="tab.rename" subsystem="tab" outcome="ok" workspace_id="w8" tab_id="w8:t3"
2026-08-25T08:51:57.658647Z  INFO herdr::logging: session saved event="persist.save" subsystem="persist" outcome="ok" path=/home/mbv/.config/herdr/session.json workspaces=2
2026-08-25T08:57:30.198517Z  INFO herdr::logging: tab focused event="tab.focus" subsystem="tab" outcome="ok" workspace_id="w8" tab_id="w8:t1"
2026-08-25T08:57:33.778479Z  INFO herdr::logging: tab focused event="tab.focus" subsystem="tab" outcome="ok" workspace_id="w8" tab_id="w8:t2"
2026-08-25T08:57:34.320422Z  INFO herdr::logging: tab focused event="tab.focus" subsystem="tab" outcome="ok" workspace_id="w8" tab_id="w8:t3"
2026-08-25T08:57:39.322534Z  INFO herdr::logging: session saved event="persist.save" subsystem="persist" outcome="ok" path=/home/mbv/.config/herdr/session.json workspaces=2
2026-08-25T09:14:30.961241Z  WARN herdr::detect::manifest_update: skipping unknown remote manifest agent agent="qwen"
2026-08-25T09:27:05.744569Z  INFO herdr::logging: tab focused event="tab.focus" subsystem="tab" outcome="ok" workspace_id="w8" tab_id="w8:t1"
2026-08-25T09:27:10.748112Z  INFO herdr::logging: session saved event="persist.save" subsystem="persist" outcome="ok" path=/home/mbv/.config/herdr/session.json workspaces=2
2026-08-25T09:27:13.838400Z  INFO herdr::logging: tab focused event="tab.focus" subsystem="tab" outcome="ok" workspace_id="w8" tab_id="w8:t3"
2026-08-25T09:27:18.842047Z  INFO herdr::logging: session saved event="persist.save" subsystem="persist" outcome="ok" path=/home/mbv/.config/herdr/session.json workspaces=2
2026-08-25T09:27:23.593166Z  INFO herdr::logging: tab focused event="tab.focus" subsystem="tab" outcome="ok" workspace_id="w8" tab_id="w8:t1"
2026-08-25T09:27:28.597195Z  INFO herdr::logging: session saved event="persist.save" subsystem="persist" outcome="ok" path=/home/mbv/.config/herdr/session.json workspaces=2
2026-08-25T09:27:29.467052Z  INFO herdr::logging: tab focused event="tab.focus" subsystem="tab" outcome="ok" workspace_id="w8" tab_id="w8:t2"
2026-08-25T09:27:30.644154Z  INFO herdr::logging: tab focused event="tab.focus" subsystem="tab" outcome="ok" workspace_id="w8" tab_id="w8:t3"
2026-08-25T09:27:35.646570Z  INFO herdr::logging: session saved event="persist.save" subsystem="persist" outcome="ok" path=/home/mbv/.config/herdr/session.json workspaces=2
2026-08-25T09:28:57.521771Z  INFO herdr::logging: tab focused event="tab.focus" subsystem="tab" outcome="ok" workspace_id="w8" tab_id="w8:t1"
2026-08-25T09:29:02.527342Z  INFO herdr::logging: session saved event="persist.save" subsystem="persist" outcome="ok" path=/home/mbv/.config/herdr/session.json workspaces=2
2026-08-25T09:29:06.863679Z  INFO herdr::logging: tab focused event="tab.focus" subsystem="tab" outcome="ok" workspace_id="w8" tab_id="w8:t3"
2026-08-25T09:29:11.867458Z  INFO herdr::logging: session saved event="persist.save" subsystem="persist" outcome="ok" path=/home/mbv/.config/herdr/session.json workspaces=2
2026-08-25T09:29:29.539275Z  INFO herdr::logging: tab focused event="tab.focus" subsystem="tab" outcome="ok" workspace_id="w8" tab_id="w8:t1"
2026-08-25T09:29:34.544615Z  INFO herdr::logging: session saved event="persist.save" subsystem="persist" outcome="ok" path=/home/mbv/.config/herdr/session.json workspaces=2
2026-08-25T09:32:02.613499Z  INFO herdr::logging: tab focused event="tab.focus" subsystem="tab" outcome="ok" workspace_id="w8" tab_id="w8:t2"
2026-08-25T09:32:03.199488Z  INFO herdr::logging: tab focused event="tab.focus" subsystem="tab" outcome="ok" workspace_id="w8" tab_id="w8:t3"
2026-08-25T09:32:03.928623Z  INFO herdr::logging: tab focused event="tab.focus" subsystem="tab" outcome="ok" workspace_id="w8" tab_id="w8:t1"
2026-08-25T09:32:04.948745Z  INFO herdr::logging: workspace focused event="workspace.focus" subsystem="workspace" outcome="ok" workspace_id="w8"
2026-08-25T09:32:04.948781Z  INFO herdr::logging: tab focused event="tab.focus" subsystem="tab" outcome="ok" workspace_id="w8" tab_id="w8:t1"
2026-08-25T09:32:07.015555Z  INFO herdr::logging: workspace focused event="workspace.focus" subsystem="workspace" outcome="ok" workspace_id="w8"
2026-08-25T09:32:07.015575Z  INFO herdr::logging: tab focused event="tab.focus" subsystem="tab" outcome="ok" workspace_id="w8" tab_id="w8:t1"
2026-08-25T09:32:08.929486Z  INFO herdr::logging: workspace focused event="workspace.focus" subsystem="workspace" outcome="ok" workspace_id="w6"
2026-08-25T09:32:08.929520Z  INFO herdr::logging: tab focused event="tab.focus" subsystem="tab" outcome="ok" workspace_id="w6" tab_id="w6:t3"
2026-08-25T09:32:13.933346Z  INFO herdr::logging: session saved event="persist.save" subsystem="persist" outcome="ok" path=/home/mbv/.config/herdr/session.json workspaces=2
2026-08-25T09:33:09.861559Z  INFO herdr::logging: workspace focused event="workspace.focus" subsystem="workspace" outcome="ok" workspace_id="w8"
2026-08-25T09:33:09.861589Z  INFO herdr::logging: tab focused event="tab.focus" subsystem="tab" outcome="ok" workspace_id="w8" tab_id="w8:t1"
2026-08-25T09:33:14.866305Z  INFO herdr::logging: session saved event="persist.save" subsystem="persist" outcome="ok" path=/home/mbv/.config/herdr/session.json workspaces=2
2026-08-25T09:44:30.960323Z  WARN herdr::detect::manifest_update: skipping unknown remote manifest agent agent="qwen"
2026-08-25T10:08:53.534349Z  INFO herdr::server::headless: client resize client_id=2 cols=137 rows=68 cell_width_px=0 cell_height_px=0
2026-08-25T10:08:58.137480Z  INFO herdr::server::headless: client resize client_id=2 cols=148 rows=68 cell_width_px=0 cell_height_px=0
2026-08-25T10:08:58.339081Z  INFO herdr::server::headless: client resize client_id=2 cols=159 rows=68 cell_width_px=0 cell_height_px=0
2026-08-25T10:08:58.737938Z  INFO herdr::server::headless: client resize client_id=2 cols=148 rows=68 cell_width_px=0 cell_height_px=0
2026-08-25T10:08:58.943307Z  INFO herdr::server::headless: client resize client_id=2 cols=137 rows=68 cell_width_px=0 cell_height_px=0
2026-08-25T10:14:30.985977Z  WARN herdr::detect::manifest_update: skipping unknown remote manifest agent agent="qwen"
2026-08-25T10:44:30.956345Z  WARN herdr::detect::manifest_update: skipping unknown remote manifest agent agent="qwen"
2026-08-25T11:14:30.943324Z  WARN herdr::detect::manifest_update: skipping unknown remote manifest agent agent="qwen"
2026-08-25T11:44:30.991720Z  WARN herdr::detect::manifest_update: skipping unknown remote manifest agent agent="qwen"
2026-08-25T11:46:54.738006Z  INFO herdr::server::headless: client resize client_id=2 cols=278 rows=68 cell_width_px=0 cell_height_px=0
2026-08-25T11:46:56.848420Z  INFO herdr::logging: tab focused event="tab.focus" subsystem="tab" outcome="ok" workspace_id="w8" tab_id="w8:t3"
2026-08-25T11:47:00.860382Z  INFO herdr::logging: tab focused event="tab.focus" subsystem="tab" outcome="ok" workspace_id="w8" tab_id="w8:t2"
2026-08-25T11:47:05.862308Z  INFO herdr::logging: session saved event="persist.save" subsystem="persist" outcome="ok" path=/home/mbv/.config/herdr/session.json workspaces=2
2026-08-25T11:50:12.149062Z  INFO herdr::logging: tab focused event="tab.focus" subsystem="tab" outcome="ok" workspace_id="w8" tab_id="w8:t1"
2026-08-25T11:50:17.161028Z  INFO herdr::logging: session saved event="persist.save" subsystem="persist" outcome="ok" path=/home/mbv/.config/herdr/session.json workspaces=2
2026-08-25T11:55:20.114078Z  INFO herdr::logging: tab focused event="tab.focus" subsystem="tab" outcome="ok" workspace_id="w8" tab_id="w8:t2"
2026-08-25T11:55:25.126247Z  INFO herdr::logging: session saved event="persist.save" subsystem="persist" outcome="ok" path=/home/mbv/.config/herdr/session.json workspaces=2
2026-08-25T11:55:39.535730Z  INFO herdr::logging: tab focused event="tab.focus" subsystem="tab" outcome="ok" workspace_id="w8" tab_id="w8:t1"
2026-08-25T11:55:44.547798Z  INFO herdr::logging: session saved event="persist.save" subsystem="persist" outcome="ok" path=/home/mbv/.config/herdr/session.json workspaces=2
2026-08-25T11:58:45.282427Z  INFO herdr::logging: tab focused event="tab.focus" subsystem="tab" outcome="ok" workspace_id="w8" tab_id="w8:t2"
2026-08-25T11:58:50.294251Z  INFO herdr::logging: session saved event="persist.save" subsystem="persist" outcome="ok" path=/home/mbv/.config/herdr/session.json workspaces=2
2026-08-25T11:59:58.875307Z  INFO herdr::logging: tab focused event="tab.focus" subsystem="tab" outcome="ok" workspace_id="w8" tab_id="w8:t1"
2026-08-25T12:00:03.890335Z  INFO herdr::logging: session saved event="persist.save" subsystem="persist" outcome="ok" path=/home/mbv/.config/herdr/session.json workspaces=2
2026-08-25T12:03:09.548764Z  INFO herdr::logging: tab focused event="tab.focus" subsystem="tab" outcome="ok" workspace_id="w8" tab_id="w8:t2"
2026-08-25T12:03:14.561334Z  INFO herdr::logging: session saved event="persist.save" subsystem="persist" outcome="ok" path=/home/mbv/.config/herdr/session.json workspaces=2
2026-08-25T12:03:17.872328Z  INFO herdr::logging: tab focused event="tab.focus" subsystem="tab" outcome="ok" workspace_id="w8" tab_id="w8:t3"
2026-08-25T12:03:20.073570Z  INFO herdr::logging: tab focused event="tab.focus" subsystem="tab" outcome="ok" workspace_id="w8" tab_id="w8:t2"
2026-08-25T12:03:25.076098Z  INFO herdr::logging: session saved event="persist.save" subsystem="persist" outcome="ok" path=/home/mbv/.config/herdr/session.json workspaces=2
2026-08-25T12:03:27.687581Z  INFO herdr::logging: tab focused event="tab.focus" subsystem="tab" outcome="ok" workspace_id="w8" tab_id="w8:t3"
2026-08-25T12:03:28.534475Z  INFO herdr::logging: tab focused event="tab.focus" subsystem="tab" outcome="ok" workspace_id="w8" tab_id="w8:t2"
2026-08-25T12:03:33.536185Z  INFO herdr::logging: session saved event="persist.save" subsystem="persist" outcome="ok" path=/home/mbv/.config/herdr/session.json workspaces=2
2026-08-25T12:06:17.216172Z  INFO herdr::logging: tab focused event="tab.focus" subsystem="tab" outcome="ok" workspace_id="w8" tab_id="w8:t1"
2026-08-25T12:06:18.652203Z  INFO herdr::logging: tab focused event="tab.focus" subsystem="tab" outcome="ok" workspace_id="w8" tab_id="w8:t2"
2026-08-25T12:06:21.039101Z  INFO herdr::logging: tab focused event="tab.focus" subsystem="tab" outcome="ok" workspace_id="w8" tab_id="w8:t1"
2026-08-25T12:06:21.614784Z  INFO herdr::logging: tab focused event="tab.focus" subsystem="tab" outcome="ok" workspace_id="w8" tab_id="w8:t2"
2026-08-25T12:06:26.627187Z  INFO herdr::logging: session saved event="persist.save" subsystem="persist" outcome="ok" path=/home/mbv/.config/herdr/session.json workspaces=2
2026-08-25T12:06:52.392270Z  INFO herdr::logging: tab focused event="tab.focus" subsystem="tab" outcome="ok" workspace_id="w8" tab_id="w8:t3"
2026-08-25T12:06:57.393573Z  INFO herdr::logging: session saved event="persist.save" subsystem="persist" outcome="ok" path=/home/mbv/.config/herdr/session.json workspaces=2
2026-08-25T12:07:32.914113Z  INFO herdr::logging: tab focused event="tab.focus" subsystem="tab" outcome="ok" workspace_id="w8" tab_id="w8:t2"
2026-08-25T12:07:33.492050Z  INFO herdr::logging: tab focused event="tab.focus" subsystem="tab" outcome="ok" workspace_id="w8" tab_id="w8:t1"
2026-08-25T12:07:37.731953Z  INFO herdr::logging: tab focused event="tab.focus" subsystem="tab" outcome="ok" workspace_id="w8" tab_id="w8:t2"
2026-08-25T12:07:39.469833Z  INFO herdr::logging: tab focused event="tab.focus" subsystem="tab" outcome="ok" workspace_id="w8" tab_id="w8:t3"
2026-08-25T12:07:42.083023Z  INFO herdr::logging: tab focused event="tab.focus" subsystem="tab" outcome="ok" workspace_id="w8" tab_id="w8:t1"
2026-08-25T12:07:47.101200Z  INFO herdr::logging: session saved event="persist.save" subsystem="persist" outcome="ok" path=/home/mbv/.config/herdr/session.json workspaces=2
2026-08-25T12:07:52.243782Z  INFO herdr::logging: tab focused event="tab.focus" subsystem="tab" outcome="ok" workspace_id="w8" tab_id="w8:t2"
2026-08-25T12:07:57.256465Z  INFO herdr::logging: session saved event="persist.save" subsystem="persist" outcome="ok" path=/home/mbv/.config/herdr/session.json workspaces=2
2026-08-25T12:08:18.535234Z  INFO herdr::logging: tab focused event="tab.focus" subsystem="tab" outcome="ok" workspace_id="w8" tab_id="w8:t1"
2026-08-25T12:08:23.547189Z  INFO herdr::logging: session saved event="persist.save" subsystem="persist" outcome="ok" path=/home/mbv/.config/herdr/session.json workspaces=2
2026-08-25T12:09:18.355700Z  INFO herdr::logging: tab focused event="tab.focus" subsystem="tab" outcome="ok" workspace_id="w8" tab_id="w8:t2"
2026-08-25T12:09:20.575669Z  INFO herdr::logging: tab focused event="tab.focus" subsystem="tab" outcome="ok" workspace_id="w8" tab_id="w8:t3"
2026-08-25T12:09:25.577196Z  INFO herdr::logging: session saved event="persist.save" subsystem="persist" outcome="ok" path=/home/mbv/.config/herdr/session.json workspaces=2
2026-08-25T12:09:36.344359Z  INFO herdr::logging: tab focused event="tab.focus" subsystem="tab" outcome="ok" workspace_id="w8" tab_id="w8:t1"
2026-08-25T12:09:41.356398Z  INFO herdr::logging: session saved event="persist.save" subsystem="persist" outcome="ok" path=/home/mbv/.config/herdr/session.json workspaces=2
2026-08-25T12:14:30.966115Z  WARN herdr::detect::manifest_update: skipping unknown remote manifest agent agent="qwen"
2026-08-25T12:31:06.423376Z  INFO herdr::logging: tab focused event="tab.focus" subsystem="tab" outcome="ok" workspace_id="w8" tab_id="w8:t2"
2026-08-25T12:31:08.027536Z  INFO herdr::logging: tab focused event="tab.focus" subsystem="tab" outcome="ok" workspace_id="w8" tab_id="w8:t1"
2026-08-25T12:31:09.854507Z  INFO herdr::logging: workspace focused event="workspace.focus" subsystem="workspace" outcome="ok" workspace_id="w6"
2026-08-25T12:31:09.854543Z  INFO herdr::logging: tab focused event="tab.focus" subsystem="tab" outcome="ok" workspace_id="w6" tab_id="w6:t3"
2026-08-25T12:31:14.867409Z  INFO herdr::logging: session saved event="persist.save" subsystem="persist" outcome="ok" path=/home/mbv/.config/herdr/session.json workspaces=2
2026-08-25T12:37:39.802261Z  INFO herdr::server::headless: client detach requested via keybind client_id=2
2026-08-25T12:37:39.804062Z  INFO herdr::server::headless: client disconnected client_id=2
2026-08-25T12:40:20.372975Z  INFO herdr::server::headless: client connected client_id=4 cols=278 rows=68 cell_width_px=0 cell_height_px=0 render_encoding=SemanticFrame
2026-08-25T12:40:36.959718Z  INFO herdr::logging: workspace focused event="workspace.focus" subsystem="workspace" outcome="ok" workspace_id="w8"
2026-08-25T12:40:36.959754Z  INFO herdr::logging: tab focused event="tab.focus" subsystem="tab" outcome="ok" workspace_id="w8" tab_id="w8:t1"
2026-08-25T12:40:41.972624Z  INFO herdr::logging: session saved event="persist.save" subsystem="persist" outcome="ok" path=/home/mbv/.config/herdr/session.json workspaces=2
2026-08-25T12:40:42.559607Z  INFO herdr::logging: tab focused event="tab.focus" subsystem="tab" outcome="ok" workspace_id="w8" tab_id="w8:t3"
2026-08-25T12:40:46.835523Z  INFO herdr::logging: tab focused event="tab.focus" subsystem="tab" outcome="ok" workspace_id="w8" tab_id="w8:t2"
2026-08-25T12:40:49.019495Z  INFO herdr::logging: tab focused event="tab.focus" subsystem="tab" outcome="ok" workspace_id="w8" tab_id="w8:t3"
2026-08-25T12:40:49.614501Z  INFO herdr::logging: tab focused event="tab.focus" subsystem="tab" outcome="ok" workspace_id="w8" tab_id="w8:t2"
2026-08-25T12:40:54.616397Z  INFO herdr::logging: session saved event="persist.save" subsystem="persist" outcome="ok" path=/home/mbv/.config/herdr/session.json workspaces=2
2026-08-25T12:42:34.629225Z  INFO herdr::logging: tab focused event="tab.focus" subsystem="tab" outcome="ok" workspace_id="w8" tab_id="w8:t3"
2026-08-25T12:42:35.555128Z  INFO herdr::logging: tab focused event="tab.focus" subsystem="tab" outcome="ok" workspace_id="w8" tab_id="w8:t2"
2026-08-25T12:42:36.130276Z  INFO herdr::logging: tab focused event="tab.focus" subsystem="tab" outcome="ok" workspace_id="w8" tab_id="w8:t1"
2026-08-25T12:42:41.144078Z  INFO herdr::logging: session saved event="persist.save" subsystem="persist" outcome="ok" path=/home/mbv/.config/herdr/session.json workspaces=2
2026-08-25T12:43:04.096962Z  INFO herdr::logging: tab focused event="tab.focus" subsystem="tab" outcome="ok" workspace_id="w8" tab_id="w8:t2"
2026-08-25T12:43:09.109157Z  INFO herdr::logging: session saved event="persist.save" subsystem="persist" outcome="ok" path=/home/mbv/.config/herdr/session.json workspaces=2
2026-08-25T12:43:09.954640Z  INFO herdr::logging: tab focused event="tab.focus" subsystem="tab" outcome="ok" workspace_id="w8" tab_id="w8:t1"
2026-08-25T12:43:14.967648Z  INFO herdr::logging: session saved event="persist.save" subsystem="persist" outcome="ok" path=/home/mbv/.config/herdr/session.json workspaces=2
2026-08-25T12:44:30.980107Z  WARN herdr::detect::manifest_update: skipping unknown remote manifest agent agent="qwen"
2026-08-25T13:14:31.003518Z  WARN herdr::detect::manifest_update: skipping unknown remote manifest agent agent="qwen"
2026-08-25T13:44:30.980387Z  WARN herdr::detect::manifest_update: skipping unknown remote manifest agent agent="qwen"
2026-08-25T14:00:48.006174Z  INFO herdr::app::actions: copied selection to clipboard
2026-08-25T14:04:42.364492Z  INFO herdr::logging: tab focused event="tab.focus" subsystem="tab" outcome="ok" workspace_id="w8" tab_id="w8:t2"
2026-08-25T14:04:47.376951Z  INFO herdr::logging: session saved event="persist.save" subsystem="persist" outcome="ok" path=/home/mbv/.config/herdr/session.json workspaces=2
2026-08-25T14:04:47.825415Z  INFO herdr::logging: tab focused event="tab.focus" subsystem="tab" outcome="ok" workspace_id="w8" tab_id="w8:t3"
2026-08-25T14:04:52.826936Z  INFO herdr::logging: session saved event="persist.save" subsystem="persist" outcome="ok" path=/home/mbv/.config/herdr/session.json workspaces=2
2026-08-25T14:04:53.235261Z  INFO herdr::logging: tab focused event="tab.focus" subsystem="tab" outcome="ok" workspace_id="w8" tab_id="w8:t2"
2026-08-25T14:04:58.236390Z  INFO herdr::logging: session saved event="persist.save" subsystem="persist" outcome="ok" path=/home/mbv/.config/herdr/session.json workspaces=2
2026-08-25T14:05:22.874870Z  INFO herdr::logging: tab focused event="tab.focus" subsystem="tab" outcome="ok" workspace_id="w8" tab_id="w8:t1"
2026-08-25T14:05:27.887246Z  INFO herdr::logging: session saved event="persist.save" subsystem="persist" outcome="ok" path=/home/mbv/.config/herdr/session.json workspaces=2
2026-08-25T14:05:29.828647Z  INFO herdr::logging: tab focused event="tab.focus" subsystem="tab" outcome="ok" workspace_id="w8" tab_id="w8:t2"
2026-08-25T14:05:34.841530Z  INFO herdr::logging: session saved event="persist.save" subsystem="persist" outcome="ok" path=/home/mbv/.config/herdr/session.json workspaces=2
2026-08-25T14:05:45.596570Z  INFO herdr::logging: tab focused event="tab.focus" subsystem="tab" outcome="ok" workspace_id="w8" tab_id="w8:t1"
2026-08-25T14:05:50.618853Z  INFO herdr::logging: session saved event="persist.save" subsystem="persist" outcome="ok" path=/home/mbv/.config/herdr/session.json workspaces=2
2026-08-25T14:06:09.642197Z  INFO herdr::logging: tab focused event="tab.focus" subsystem="tab" outcome="ok" workspace_id="w8" tab_id="w8:t2"
2026-08-25T14:06:14.655021Z  INFO herdr::logging: session saved event="persist.save" subsystem="persist" outcome="ok" path=/home/mbv/.config/herdr/session.json workspaces=2
2026-08-25T14:06:24.458086Z  INFO herdr::logging: tab focused event="tab.focus" subsystem="tab" outcome="ok" workspace_id="w8" tab_id="w8:t1"
2026-08-25T14:06:29.471279Z  INFO herdr::logging: session saved event="persist.save" subsystem="persist" outcome="ok" path=/home/mbv/.config/herdr/session.json workspaces=2
2026-08-25T14:06:47.406946Z  INFO herdr::server::headless: client resize client_id=4 cols=278 rows=69 cell_width_px=0 cell_height_px=0
2026-08-25T14:06:47.707173Z  INFO herdr::server::headless: client resize client_id=4 cols=278 rows=68 cell_width_px=0 cell_height_px=0
2026-08-25T14:14:31.082588Z  WARN herdr::detect::manifest_update: skipping unknown remote manifest agent agent="qwen"
2026-08-25T14:31:59.377636Z  INFO herdr::logging: tab focused event="tab.focus" subsystem="tab" outcome="ok" workspace_id="w8" tab_id="w8:t2"
2026-08-25T14:32:04.390622Z  INFO herdr::logging: session saved event="persist.save" subsystem="persist" outcome="ok" path=/home/mbv/.config/herdr/session.json workspaces=2
2026-08-25T14:32:05.982601Z  INFO herdr::logging: tab focused event="tab.focus" subsystem="tab" outcome="ok" workspace_id="w8" tab_id="w8:t2"
2026-08-25T14:32:06.454502Z  INFO herdr::logging: tab focused event="tab.focus" subsystem="tab" outcome="ok" workspace_id="w8" tab_id="w8:t3"
2026-08-25T14:32:08.811480Z  INFO herdr::logging: tab focused event="tab.focus" subsystem="tab" outcome="ok" workspace_id="w8" tab_id="w8:t2"
2026-08-25T14:32:13.812734Z  INFO herdr::logging: session saved event="persist.save" subsystem="persist" outcome="ok" path=/home/mbv/.config/herdr/session.json workspaces=2
2026-08-25T14:41:17.436163Z  INFO herdr::logging: tab focused event="tab.focus" subsystem="tab" outcome="ok" workspace_id="w8" tab_id="w8:t1"
2026-08-25T14:41:19.555154Z  INFO herdr::logging: tab focused event="tab.focus" subsystem="tab" outcome="ok" workspace_id="w8" tab_id="w8:t3"
2026-08-25T14:41:20.441172Z  INFO herdr::logging: tab focused event="tab.focus" subsystem="tab" outcome="ok" workspace_id="w8" tab_id="w8:t2"
2026-08-25T14:41:25.442664Z  INFO herdr::logging: session saved event="persist.save" subsystem="persist" outcome="ok" path=/home/mbv/.config/herdr/session.json workspaces=2
2026-08-25T14:41:55.655639Z  INFO herdr::logging: tab focused event="tab.focus" subsystem="tab" outcome="ok" workspace_id="w8" tab_id="w8:t1"
2026-08-25T14:42:00.667795Z  INFO herdr::logging: session saved event="persist.save" subsystem="persist" outcome="ok" path=/home/mbv/.config/herdr/session.json workspaces=2
2026-08-25T14:42:33.210184Z  INFO herdr::logging: tab focused event="tab.focus" subsystem="tab" outcome="ok" workspace_id="w8" tab_id="w8:t2"
2026-08-25T14:42:36.832093Z  INFO herdr::logging: tab focused event="tab.focus" subsystem="tab" outcome="ok" workspace_id="w8" tab_id="w8:t3"
2026-08-25T14:42:38.090043Z  INFO herdr::logging: tab focused event="tab.focus" subsystem="tab" outcome="ok" workspace_id="w8" tab_id="w8:t2"
2026-08-25T14:42:40.173053Z  INFO herdr::logging: tab focused event="tab.focus" subsystem="tab" outcome="ok" workspace_id="w8" tab_id="w8:t3"
2026-08-25T14:42:40.951044Z  INFO herdr::logging: tab focused event="tab.focus" subsystem="tab" outcome="ok" workspace_id="w8" tab_id="w8:t2"
2026-08-25T14:42:45.952118Z  INFO herdr::logging: session saved event="persist.save" subsystem="persist" outcome="ok" path=/home/mbv/.config/herdr/session.json workspaces=2
2026-08-25T14:44:21.288781Z  INFO herdr::logging: tab focused event="tab.focus" subsystem="tab" outcome="ok" workspace_id="w8" tab_id="w8:t1"
2026-08-25T14:44:22.433758Z  INFO herdr::logging: tab focused event="tab.focus" subsystem="tab" outcome="ok" workspace_id="w8" tab_id="w8:t2"
2026-08-25T14:44:27.446670Z  INFO herdr::logging: session saved event="persist.save" subsystem="persist" outcome="ok" path=/home/mbv/.config/herdr/session.json workspaces=2
2026-08-25T14:44:31.018343Z  WARN herdr::detect::manifest_update: skipping unknown remote manifest agent agent="qwen"
2026-08-25T14:44:44.706566Z  INFO herdr::logging: tab focused event="tab.focus" subsystem="tab" outcome="ok" workspace_id="w8" tab_id="w8:t1"
2026-08-25T14:44:49.719490Z  INFO herdr::logging: session saved event="persist.save" subsystem="persist" outcome="ok" path=/home/mbv/.config/herdr/session.json workspaces=2
2026-08-25T15:03:32.046486Z  INFO herdr::logging: tab focused event="tab.focus" subsystem="tab" outcome="ok" workspace_id="w8" tab_id="w8:t3"
2026-08-25T15:03:37.059369Z  INFO herdr::logging: session saved event="persist.save" subsystem="persist" outcome="ok" path=/home/mbv/.config/herdr/session.json workspaces=2
2026-08-25T15:10:27.040522Z  INFO herdr::logging: tab focused event="tab.focus" subsystem="tab" outcome="ok" workspace_id="w8" tab_id="w8:t1"
2026-08-25T15:10:32.052423Z  INFO herdr::logging: session saved event="persist.save" subsystem="persist" outcome="ok" path=/home/mbv/.config/herdr/session.json workspaces=2
2026-08-25T15:10:34.414573Z  INFO herdr::logging: spawning pane terminal event="pane.spawn.start" subsystem="pane" outcome="started" pane_id=8 rows=67 cols=252 scrollback_limit_bytes=10000000
2026-08-25T15:10:34.416279Z  INFO herdr::logging: pane child spawned event="pane.spawned" subsystem="pane" outcome="ok" pane_id=8 pid=326058
2026-08-25T15:10:34.416420Z  INFO herdr::logging: tab focused event="tab.focus" subsystem="tab" outcome="ok" workspace_id="w8" tab_id="w8:t1"
2026-08-25T15:10:39.417871Z  INFO herdr::logging: session saved event="persist.save" subsystem="persist" outcome="ok" path=/home/mbv/.config/herdr/session.json workspaces=2
2026-08-25T15:10:50.901197Z  INFO herdr::logging: tab focused event="tab.focus" subsystem="tab" outcome="ok" workspace_id="w8" tab_id="w8:t1"
2026-08-25T15:10:55.903262Z  INFO herdr::logging: session saved event="persist.save" subsystem="persist" outcome="ok" path=/home/mbv/.config/herdr/session.json workspaces=2
2026-08-25T15:14:31.084399Z  WARN herdr::detect::manifest_update: skipping unknown remote manifest agent agent="qwen"
2026-08-25T15:16:06.017585Z  INFO herdr::logging: tab focused event="tab.focus" subsystem="tab" outcome="ok" workspace_id="w8" tab_id="w8:t1"
2026-08-25T15:16:11.020248Z  INFO herdr::logging: session saved event="persist.save" subsystem="persist" outcome="ok" path=/home/mbv/.config/herdr/session.json workspaces=2
2026-08-25T15:16:46.070671Z  INFO herdr::server::headless: client resize client_id=4 cols=137 rows=68 cell_width_px=0 cell_height_px=0
2026-08-25T15:19:33.894061Z  INFO herdr::server::headless: client resize client_id=4 cols=278 rows=68 cell_width_px=0 cell_height_px=0
2026-08-25T15:20:16.703770Z  INFO herdr::logging: tab focused event="tab.focus" subsystem="tab" outcome="ok" workspace_id="w8" tab_id="w8:t1"
2026-08-25T15:20:21.706199Z  INFO herdr::logging: session saved event="persist.save" subsystem="persist" outcome="ok" path=/home/mbv/.config/herdr/session.json workspaces=2
2026-08-25T15:20:24.300748Z  INFO herdr::logging: tab focused event="tab.focus" subsystem="tab" outcome="ok" workspace_id="w8" tab_id="w8:t1"
2026-08-25T15:20:26.868625Z  INFO herdr::logging: tab focused event="tab.focus" subsystem="tab" outcome="ok" workspace_id="w8" tab_id="w8:t1"
2026-08-25T15:20:31.870169Z  INFO herdr::logging: session saved event="persist.save" subsystem="persist" outcome="ok" path=/home/mbv/.config/herdr/session.json workspaces=2
2026-08-25T15:26:46.672365Z  INFO herdr::logging: tab focused event="tab.focus" subsystem="tab" outcome="ok" workspace_id="w8" tab_id="w8:t1"
2026-08-25T15:26:51.675253Z  INFO herdr::logging: session saved event="persist.save" subsystem="persist" outcome="ok" path=/home/mbv/.config/herdr/session.json workspaces=2
2026-08-25T15:30:22.195411Z  INFO herdr::logging: tab focused event="tab.focus" subsystem="tab" outcome="ok" workspace_id="w8" tab_id="w8:t1"
2026-08-25T15:30:27.199565Z  INFO herdr::logging: session saved event="persist.save" subsystem="persist" outcome="ok" path=/home/mbv/.config/herdr/session.json workspaces=2
2026-08-25T15:31:01.638902Z  INFO herdr::logging: tab focused event="tab.focus" subsystem="tab" outcome="ok" workspace_id="w8" tab_id="w8:t1"
2026-08-25T15:31:06.642704Z  INFO herdr::logging: session saved event="persist.save" subsystem="persist" outcome="ok" path=/home/mbv/.config/herdr/session.json workspaces=2
2026-08-25T15:31:29.379388Z  INFO herdr::logging: tab focused event="tab.focus" subsystem="tab" outcome="ok" workspace_id="w8" tab_id="w8:t1"
2026-08-25T15:31:30.331412Z  INFO herdr::logging: tab focused event="tab.focus" subsystem="tab" outcome="ok" workspace_id="w8" tab_id="w8:t1"
2026-08-25T15:31:35.336520Z  INFO herdr::logging: session saved event="persist.save" subsystem="persist" outcome="ok" path=/home/mbv/.config/herdr/session.json workspaces=2
2026-08-25T15:32:10.883731Z  INFO herdr::pane: agent changed pane=8 previous_agent=None agent=Some(Pi) process=pi pgid=Some(395883)
2026-08-25T15:32:15.885539Z  INFO herdr::logging: session saved event="persist.save" subsystem="persist" outcome="ok" path=/home/mbv/.config/herdr/session.json workspaces=2
2026-08-25T15:37:12.769658Z  INFO herdr::logging: tab focused event="tab.focus" subsystem="tab" outcome="ok" workspace_id="w8" tab_id="w8:t3"
2026-08-25T15:37:17.772652Z  INFO herdr::logging: session saved event="persist.save" subsystem="persist" outcome="ok" path=/home/mbv/.config/herdr/session.json workspaces=2
2026-08-25T15:38:00.214136Z  INFO herdr::logging: tab focused event="tab.focus" subsystem="tab" outcome="ok" workspace_id="w8" tab_id="w8:t2"
2026-08-25T15:38:01.130096Z  INFO herdr::logging: tab focused event="tab.focus" subsystem="tab" outcome="ok" workspace_id="w8" tab_id="w8:t3"
2026-08-25T15:38:02.565147Z  INFO herdr::logging: tab focused event="tab.focus" subsystem="tab" outcome="ok" workspace_id="w8" tab_id="w8:t1"
2026-08-25T15:38:07.567848Z  INFO herdr::logging: session saved event="persist.save" subsystem="persist" outcome="ok" path=/home/mbv/.config/herdr/session.json workspaces=2
2026-08-25T15:39:19.734045Z  INFO herdr::logging: tab focused event="tab.focus" subsystem="tab" outcome="ok" workspace_id="w8" tab_id="w8:t3"
2026-08-25T15:39:24.737672Z  INFO herdr::logging: session saved event="persist.save" subsystem="persist" outcome="ok" path=/home/mbv/.config/herdr/session.json workspaces=2
2026-08-25T15:39:26.432588Z  INFO herdr::app::actions: copied selection to clipboard
2026-08-25T15:39:27.556407Z  INFO herdr::logging: tab focused event="tab.focus" subsystem="tab" outcome="ok" workspace_id="w8" tab_id="w8:t2"
2026-08-25T15:39:28.768294Z  INFO herdr::logging: tab focused event="tab.focus" subsystem="tab" outcome="ok" workspace_id="w8" tab_id="w8:t3"
2026-08-25T15:39:33.770053Z  INFO herdr::logging: session saved event="persist.save" subsystem="persist" outcome="ok" path=/home/mbv/.config/herdr/session.json workspaces=2
2026-08-25T15:40:36.899881Z  INFO herdr::logging: tab focused event="tab.focus" subsystem="tab" outcome="ok" workspace_id="w8" tab_id="w8:t2"
2026-08-25T15:40:37.446877Z  INFO herdr::logging: tab focused event="tab.focus" subsystem="tab" outcome="ok" workspace_id="w8" tab_id="w8:t1"
2026-08-25T15:40:38.570872Z  INFO herdr::logging: tab focused event="tab.focus" subsystem="tab" outcome="ok" workspace_id="w8" tab_id="w8:t3"
2026-08-25T15:40:43.574108Z  INFO herdr::logging: session saved event="persist.save" subsystem="persist" outcome="ok" path=/home/mbv/.config/herdr/session.json workspaces=2
2026-08-25T15:44:31.010192Z  WARN herdr::detect::manifest_update: skipping unknown remote manifest agent agent="qwen"
2026-08-25T15:47:36.950687Z  INFO herdr::logging: tab focused event="tab.focus" subsystem="tab" outcome="ok" workspace_id="w8" tab_id="w8:t2"
2026-08-25T15:47:39.787743Z  INFO herdr::logging: tab focused event="tab.focus" subsystem="tab" outcome="ok" workspace_id="w8" tab_id="w8:t1"
2026-08-25T15:47:41.981419Z  INFO herdr::pane: agent changed pane=8 previous_agent=Some(Pi) agent=None pgid=Some(326058)
2026-08-25T15:47:44.789819Z  INFO herdr::logging: session saved event="persist.save" subsystem="persist" outcome="ok" path=/home/mbv/.config/herdr/session.json workspaces=2
2026-08-25T15:48:01.396696Z  INFO herdr::logging: tab focused event="tab.focus" subsystem="tab" outcome="ok" workspace_id="w8" tab_id="w8:t2"
2026-08-25T15:48:03.767426Z  INFO herdr::logging: tab focused event="tab.focus" subsystem="tab" outcome="ok" workspace_id="w8" tab_id="w8:t3"
2026-08-25T15:48:08.769122Z  INFO herdr::logging: session saved event="persist.save" subsystem="persist" outcome="ok" path=/home/mbv/.config/herdr/session.json workspaces=2
2026-08-25T15:48:21.666236Z  INFO herdr::logging: tab focused event="tab.focus" subsystem="tab" outcome="ok" workspace_id="w8" tab_id="w8:t2"
2026-08-25T15:48:22.272172Z  INFO herdr::logging: tab focused event="tab.focus" subsystem="tab" outcome="ok" workspace_id="w8" tab_id="w8:t1"
2026-08-25T15:48:27.275946Z  INFO herdr::logging: session saved event="persist.save" subsystem="persist" outcome="ok" path=/home/mbv/.config/herdr/session.json workspaces=2
2026-08-25T15:50:29.691985Z  INFO herdr::app::actions: copied selection to clipboard
2026-08-25T15:50:31.028835Z  INFO herdr::pane: agent changed pane=8 previous_agent=None agent=Some(Pi) process=pi pgid=Some(525383)
2026-08-25T15:53:06.313774Z  INFO herdr::server::headless: client resize client_id=4 cols=275 rows=69 cell_width_px=0 cell_height_px=0
2026-08-25T15:53:13.031543Z  INFO herdr::logging: tab focused event="tab.focus" subsystem="tab" outcome="ok" workspace_id="w8" tab_id="w8:t1"
2026-08-25T15:53:13.153491Z  INFO herdr::logging: tab focused event="tab.focus" subsystem="tab" outcome="ok" workspace_id="w8" tab_id="w8:t1"
2026-08-25T15:53:15.751446Z  INFO herdr::pane: agent changed pane=8 previous_agent=Some(Pi) agent=None pgid=Some(326058)
2026-08-25T15:53:18.157425Z  INFO herdr::logging: session saved event="persist.save" subsystem="persist" outcome="ok" path=/home/mbv/.config/herdr/session.json workspaces=2
2026-08-25T15:53:19.143423Z  INFO herdr::logging: tab focused event="tab.focus" subsystem="tab" outcome="ok" workspace_id="w8" tab_id="w8:t2"
2026-08-25T15:53:24.145602Z  INFO herdr::logging: session saved event="persist.save" subsystem="persist" outcome="ok" path=/home/mbv/.config/herdr/session.json workspaces=2
2026-08-25T15:55:13.943973Z  INFO herdr::logging: tab focused event="tab.focus" subsystem="tab" outcome="ok" workspace_id="w8" tab_id="w8:t3"
2026-08-25T15:55:14.687969Z  INFO herdr::logging: tab focused event="tab.focus" subsystem="tab" outcome="ok" workspace_id="w8" tab_id="w8:t2"
2026-08-25T15:55:15.696923Z  INFO herdr::logging: tab focused event="tab.focus" subsystem="tab" outcome="ok" workspace_id="w8" tab_id="w8:t1"
2026-08-25T15:55:20.701187Z  INFO herdr::logging: session saved event="persist.save" subsystem="persist" outcome="ok" path=/home/mbv/.config/herdr/session.json workspaces=2
2026-08-25T15:57:28.521555Z  INFO herdr::server::headless: client resize client_id=4 cols=135 rows=69 cell_width_px=0 cell_height_px=0
2026-08-25T15:57:30.323775Z  INFO herdr::server::headless: client resize client_id=4 cols=275 rows=69 cell_width_px=0 cell_height_px=0
2026-08-25T15:58:08.559643Z  INFO herdr::logging: tab focused event="tab.focus" subsystem="tab" outcome="ok" workspace_id="w8" tab_id="w8:t1"
2026-08-25T15:58:11.530703Z  INFO herdr::logging: tab focused event="tab.focus" subsystem="tab" outcome="ok" workspace_id="w8" tab_id="w8:t1"
2026-08-25T15:58:13.236654Z  INFO herdr::logging: tab focused event="tab.focus" subsystem="tab" outcome="ok" workspace_id="w8" tab_id="w8:t2"
2026-08-25T15:58:13.582726Z  INFO herdr::logging: tab focused event="tab.focus" subsystem="tab" outcome="ok" workspace_id="w8" tab_id="w8:t3"
2026-08-25T15:58:18.429535Z  INFO herdr::logging: tab focused event="tab.focus" subsystem="tab" outcome="ok" workspace_id="w8" tab_id="w8:t2"
2026-08-25T15:58:23.431340Z  INFO herdr::logging: session saved event="persist.save" subsystem="persist" outcome="ok" path=/home/mbv/.config/herdr/session.json workspaces=2
2026-08-25T15:58:24.409508Z  INFO herdr::logging: tab focused event="tab.focus" subsystem="tab" outcome="ok" workspace_id="w8" tab_id="w8:t3"
2026-08-25T15:58:25.633920Z  INFO herdr::logging: tab focused event="tab.focus" subsystem="tab" outcome="ok" workspace_id="w8" tab_id="w8:t2"
2026-08-25T15:58:30.634889Z  INFO herdr::logging: session saved event="persist.save" subsystem="persist" outcome="ok" path=/home/mbv/.config/herdr/session.json workspaces=2
2026-08-25T15:59:37.552494Z  INFO herdr::logging: tab focused event="tab.focus" subsystem="tab" outcome="ok" workspace_id="w8" tab_id="w8:t1"
2026-08-25T15:59:39.662419Z  INFO herdr::logging: tab focused event="tab.focus" subsystem="tab" outcome="ok" workspace_id="w8" tab_id="w8:t1"
2026-08-25T15:59:44.666728Z  INFO herdr::logging: session saved event="persist.save" subsystem="persist" outcome="ok" path=/home/mbv/.config/herdr/session.json workspaces=2
2026-08-25T16:00:13.681124Z  INFO herdr::logging: tab focused event="tab.focus" subsystem="tab" outcome="ok" workspace_id="w8" tab_id="w8:t2"
2026-08-25T16:00:16.256179Z  INFO herdr::logging: tab focused event="tab.focus" subsystem="tab" outcome="ok" workspace_id="w8" tab_id="w8:t1"
2026-08-25T16:00:21.260669Z  INFO herdr::logging: session saved event="persist.save" subsystem="persist" outcome="ok" path=/home/mbv/.config/herdr/session.json workspaces=2
2026-08-25T16:00:35.145768Z  INFO herdr::logging: tab focused event="tab.focus" subsystem="tab" outcome="ok" workspace_id="w8" tab_id="w8:t2"
2026-08-25T16:00:40.148889Z  INFO herdr::logging: session saved event="persist.save" subsystem="persist" outcome="ok" path=/home/mbv/.config/herdr/session.json workspaces=2
2026-08-25T16:01:12.278354Z  INFO herdr::logging: tab focused event="tab.focus" subsystem="tab" outcome="ok" workspace_id="w8" tab_id="w8:t1"
2026-08-25T16:01:13.934140Z  INFO herdr::logging: tab focused event="tab.focus" subsystem="tab" outcome="ok" workspace_id="w8" tab_id="w8:t2"
2026-08-25T16:01:18.936892Z  INFO herdr::logging: session saved event="persist.save" subsystem="persist" outcome="ok" path=/home/mbv/.config/herdr/session.json workspaces=2
2026-08-25T16:01:27.895116Z  INFO herdr::logging: tab focused event="tab.focus" subsystem="tab" outcome="ok" workspace_id="w8" tab_id="w8:t1"
2026-08-25T16:01:32.898752Z  INFO herdr::logging: session saved event="persist.save" subsystem="persist" outcome="ok" path=/home/mbv/.config/herdr/session.json workspaces=2
2026-08-25T16:01:41.559954Z  INFO herdr::logging: tab focused event="tab.focus" subsystem="tab" outcome="ok" workspace_id="w8" tab_id="w8:t2"
2026-08-25T16:01:46.563516Z  INFO herdr::logging: session saved event="persist.save" subsystem="persist" outcome="ok" path=/home/mbv/.config/herdr/session.json workspaces=2
2026-08-25T16:01:49.818927Z  INFO herdr::logging: tab focused event="tab.focus" subsystem="tab" outcome="ok" workspace_id="w8" tab_id="w8:t1"
2026-08-25T16:01:54.821786Z  INFO herdr::logging: session saved event="persist.save" subsystem="persist" outcome="ok" path=/home/mbv/.config/herdr/session.json workspaces=2
2026-08-25T16:02:46.753702Z  INFO herdr::server::headless: client resize client_id=4 cols=278 rows=68 cell_width_px=0 cell_height_px=0
2026-08-25T16:10:54.590788Z  INFO herdr::logging: tab focused event="tab.focus" subsystem="tab" outcome="ok" workspace_id="w8" tab_id="w8:t2"
2026-08-25T16:10:59.596080Z  INFO herdr::logging: session saved event="persist.save" subsystem="persist" outcome="ok" path=/home/mbv/.config/herdr/session.json workspaces=2
2026-08-25T16:11:00.277098Z  INFO herdr::logging: tab focused event="tab.focus" subsystem="tab" outcome="ok" workspace_id="w8" tab_id="w8:t3"
2026-08-25T16:11:02.690466Z  INFO herdr::logging: tab focused event="tab.focus" subsystem="tab" outcome="ok" workspace_id="w8" tab_id="w8:t2"
2026-08-25T16:11:07.692598Z  INFO herdr::logging: session saved event="persist.save" subsystem="persist" outcome="ok" path=/home/mbv/.config/herdr/session.json workspaces=2
2026-08-25T16:12:31.890504Z  INFO herdr::logging: tab focused event="tab.focus" subsystem="tab" outcome="ok" workspace_id="w8" tab_id="w8:t1"
2026-08-25T16:12:33.308456Z  INFO herdr::logging: tab focused event="tab.focus" subsystem="tab" outcome="ok" workspace_id="w8" tab_id="w8:t1"
2026-08-25T16:12:38.313184Z  INFO herdr::logging: session saved event="persist.save" subsystem="persist" outcome="ok" path=/home/mbv/.config/herdr/session.json workspaces=2
2026-08-25T16:14:31.002814Z  WARN herdr::detect::manifest_update: skipping unknown remote manifest agent agent="qwen"
2026-08-25T16:42:00.997431Z  INFO herdr::logging: tab focused event="tab.focus" subsystem="tab" outcome="ok" workspace_id="w8" tab_id="w8:t3"
2026-08-25T16:42:02.219579Z  INFO herdr::logging: tab focused event="tab.focus" subsystem="tab" outcome="ok" workspace_id="w8" tab_id="w8:t2"
2026-08-25T16:42:02.965289Z  INFO herdr::logging: tab focused event="tab.focus" subsystem="tab" outcome="ok" workspace_id="w8" tab_id="w8:t3"
2026-08-25T16:42:05.594459Z  INFO herdr::logging: tab focused event="tab.focus" subsystem="tab" outcome="ok" workspace_id="w8" tab_id="w8:t2"
2026-08-25T16:42:10.276098Z  INFO herdr::logging: tab focused event="tab.focus" subsystem="tab" outcome="ok" workspace_id="w8" tab_id="w8:t3"
2026-08-25T16:42:11.427198Z  INFO herdr::logging: tab focused event="tab.focus" subsystem="tab" outcome="ok" workspace_id="w8" tab_id="w8:t2"
2026-08-25T16:42:14.723337Z  INFO herdr::logging: tab focused event="tab.focus" subsystem="tab" outcome="ok" workspace_id="w8" tab_id="w8:t1"
2026-08-25T16:42:19.725663Z  INFO herdr::logging: session saved event="persist.save" subsystem="persist" outcome="ok" path=/home/mbv/.config/herdr/session.json workspaces=2
2026-08-25T16:42:23.131036Z  INFO herdr::logging: tab focused event="tab.focus" subsystem="tab" outcome="ok" workspace_id="w8" tab_id="w8:t2"
2026-08-25T16:42:28.131820Z  INFO herdr::logging: session saved event="persist.save" subsystem="persist" outcome="ok" path=/home/mbv/.config/herdr/session.json workspaces=2
2026-08-25T16:43:44.468149Z  INFO herdr::logging: tab focused event="tab.focus" subsystem="tab" outcome="ok" workspace_id="w8" tab_id="w8:t1"
2026-08-25T16:43:49.469527Z  INFO herdr::logging: session saved event="persist.save" subsystem="persist" outcome="ok" path=/home/mbv/.config/herdr/session.json workspaces=2
2026-08-25T16:44:31.057277Z  WARN herdr::detect::manifest_update: skipping unknown remote manifest agent agent="qwen"
2026-08-25T17:14:31.068816Z  WARN herdr::detect::manifest_update: skipping unknown remote manifest agent agent="qwen"
2026-08-25T17:44:31.017881Z  WARN herdr::detect::manifest_update: skipping unknown remote manifest agent agent="qwen"
2026-08-25T18:14:30.989050Z  WARN herdr::detect::manifest_update: skipping unknown remote manifest agent agent="qwen"
2026-08-25T18:44:30.996828Z  WARN herdr::detect::manifest_update: skipping unknown remote manifest agent agent="qwen"
2026-08-25T19:14:31.018234Z  WARN herdr::detect::manifest_update: skipping unknown remote manifest agent agent="qwen"
2026-08-25T19:22:24.790282Z  INFO herdr::server::headless: client detach requested via keybind client_id=4
2026-08-25T19:22:24.792434Z  INFO herdr::server::headless: client disconnected client_id=4
2026-08-25T19:44:31.025802Z  WARN herdr::detect::manifest_update: skipping unknown remote manifest agent agent="qwen"
2026-08-25T20:14:31.008612Z  WARN herdr::detect::manifest_update: skipping unknown remote manifest agent agent="qwen"
2026-08-25T20:44:31.025695Z  WARN herdr::detect::manifest_update: skipping unknown remote manifest agent agent="qwen"
2026-08-25T21:14:31.050877Z  WARN herdr::detect::manifest_update: skipping unknown remote manifest agent agent="qwen"
2026-08-25T21:44:31.027025Z  WARN herdr::detect::manifest_update: skipping unknown remote manifest agent agent="qwen"
2026-08-25T22:14:31.001663Z  WARN herdr::detect::manifest_update: skipping unknown remote manifest agent agent="qwen"
2026-08-25T22:44:31.048246Z  WARN herdr::detect::manifest_update: skipping unknown remote manifest agent agent="qwen"
2026-08-25T22:56:36.135069Z  INFO herdr::server::headless: server shutdown initiated
2026-08-25T22:56:36.185208Z  INFO herdr::server::headless: completing server shutdown
2026-08-25T22:56:36.185520Z  INFO herdr::logging: session saved event="persist.save" subsystem="persist" outcome="ok" path=/home/mbv/.config/herdr/session.json workspaces=2
2026-08-25T22:56:36.185535Z  INFO herdr::server::headless: headless server exiting
2026-08-25T22:56:36.186542Z  INFO herdr::logging: pane child exited event="pane.exit" subsystem="pane" outcome="completed" pane_id=1 status="ExitStatus { code: 1, signal: Some(\"Hangup\") }"
2026-08-25T22:56:36.193070Z  INFO herdr::pane: pane session terminated pane=1 pid=4085 signal=Hangup
2026-08-25T22:56:36.194364Z  INFO herdr::logging: pane child exited event="pane.exit" subsystem="pane" outcome="completed" pane_id=6 status="ExitStatus { code: 1, signal: Some(\"Hangup\") }"
2026-08-25T22:56:36.199377Z  INFO herdr::pane: pane session terminated pane=6 pid=26953 signal=Hangup
2026-08-25T22:56:36.200136Z  INFO herdr::logging: pane child exited event="pane.exit" subsystem="pane" outcome="completed" pane_id=8 status="ExitStatus { code: 1, signal: Some(\"Hangup\") }"
2026-08-25T22:56:36.205124Z  INFO herdr::pane: pane session terminated pane=8 pid=326058 signal=Hangup
2026-08-25T22:56:36.205807Z  INFO herdr::logging: pane child exited event="pane.exit" subsystem="pane" outcome="completed" pane_id=3 status="ExitStatus { code: 1, signal: Some(\"Hangup\") }"
2026-08-25T22:56:36.217570Z  INFO herdr::pane: pane session terminated pane=3 pid=4091 signal=Hangup
2026-08-25T22:56:36.218089Z  INFO herdr::logging: pane child exited event="pane.exit" subsystem="pane" outcome="completed" pane_id=4 status="ExitStatus { code: 1, signal: Some(\"Hangup\") }"
2026-08-25T22:56:36.242414Z  INFO herdr::pane: pane session terminated pane=4 pid=4094 signal=Hangup
2026-08-25T22:56:36.243360Z  INFO herdr::logging: pane child exited event="pane.exit" subsystem="pane" outcome="completed" pane_id=5 status="ExitStatus { code: 1, signal: Some(\"Hangup\") }"
2026-08-25T22:56:36.247788Z  INFO herdr::pane: pane session terminated pane=5 pid=4097 signal=Hangup
2026-08-25T22:56:36.248527Z  INFO herdr::logging: pane child exited event="pane.exit" subsystem="pane" outcome="completed" pane_id=2 status="ExitStatus { code: 1, signal: Some(\"Hangup\") }"
2026-08-25T22:56:36.252883Z  INFO herdr::pane: pane session terminated pane=2 pid=4088 signal=Hangup
2026-08-25T22:56:36.254082Z  INFO herdr::logging: herdr exiting event="app.shutdown" subsystem="server" outcome="completed" pid=4051
2026-08-26T07:20:05.560168Z  INFO herdr::api::server: api server listening path=/home/mbv/.config/herdr/herdr.sock
2026-08-26T07:20:05.561892Z  INFO herdr::logging: spawning pane terminal event="pane.spawn.start" subsystem="pane" outcome="started" pane_id=1 rows=24 cols=80 scrollback_limit_bytes=10000000
2026-08-26T07:20:05.562749Z  INFO herdr::logging: pane child spawned event="pane.spawned" subsystem="pane" outcome="ok" pane_id=1 pid=6247
2026-08-26T07:20:05.562892Z  INFO herdr::logging: spawning pane terminal event="pane.spawn.start" subsystem="pane" outcome="started" pane_id=2 rows=24 cols=80 scrollback_limit_bytes=10000000
2026-08-26T07:20:05.563611Z  INFO herdr::logging: pane child spawned event="pane.spawned" subsystem="pane" outcome="ok" pane_id=2 pid=6250
2026-08-26T07:20:05.563721Z  INFO herdr::logging: spawning pane terminal event="pane.spawn.start" subsystem="pane" outcome="started" pane_id=3 rows=24 cols=80 scrollback_limit_bytes=10000000
2026-08-26T07:20:05.564449Z  INFO herdr::logging: pane child spawned event="pane.spawned" subsystem="pane" outcome="ok" pane_id=3 pid=6253
2026-08-26T07:20:05.565249Z  INFO herdr::logging: spawning pane terminal event="pane.spawn.start" subsystem="pane" outcome="started" pane_id=4 rows=24 cols=80 scrollback_limit_bytes=10000000
2026-08-26T07:20:05.566205Z  INFO herdr::logging: pane child spawned event="pane.spawned" subsystem="pane" outcome="ok" pane_id=4 pid=6256
2026-08-26T07:20:05.566364Z  INFO herdr::logging: spawning pane terminal event="pane.spawn.start" subsystem="pane" outcome="started" pane_id=5 rows=24 cols=80 scrollback_limit_bytes=10000000
2026-08-26T07:20:05.567373Z  INFO herdr::logging: pane child spawned event="pane.spawned" subsystem="pane" outcome="ok" pane_id=5 pid=6259
2026-08-26T07:20:05.567770Z  INFO herdr::logging: spawning pane terminal event="pane.spawn.start" subsystem="pane" outcome="started" pane_id=6 rows=24 cols=80 scrollback_limit_bytes=10000000
2026-08-26T07:20:05.568692Z  INFO herdr::logging: pane child spawned event="pane.spawned" subsystem="pane" outcome="ok" pane_id=6 pid=6262
2026-08-26T07:20:05.568852Z  INFO herdr::logging: spawning pane terminal event="pane.spawn.start" subsystem="pane" outcome="started" pane_id=7 rows=24 cols=80 scrollback_limit_bytes=10000000
2026-08-26T07:20:05.569845Z  INFO herdr::logging: pane child spawned event="pane.spawned" subsystem="pane" outcome="ok" pane_id=7 pid=6265
2026-08-26T07:20:05.570263Z  INFO herdr::logging: session restore evaluated event="persist.restore" subsystem="persist" outcome="ok" workspaces=2
2026-08-26T07:20:05.570278Z  INFO herdr::app: using pane scrollback configuration pane_scrollback_limit_bytes=10000000
2026-08-26T07:20:05.591914Z  INFO herdr::logging: checking for updates event="update.check.start" subsystem="update" outcome="started"
2026-08-26T07:20:05.593397Z  INFO herdr::server::headless: restored session already has workspaces; ignoring startup cwd cwd=/home/mbv
2026-08-26T07:20:05.593936Z  INFO herdr::server::headless: client protocol socket listening path=/home/mbv/.config/herdr/herdr-client.sock
2026-08-26T07:20:05.593972Z  INFO herdr::server::headless: herdr server started api_socket=/home/mbv/.config/herdr/herdr.sock client_socket=/home/mbv/.config/herdr/herdr-client.sock
2026-08-26T07:20:05.594147Z  INFO herdr::logging: herdr starting event="app.startup" subsystem="server" outcome="started" pid=6213
2026-08-26T07:20:05.612142Z  INFO herdr::server::headless: client connected client_id=2 cols=313 rows=75 cell_width_px=0 cell_height_px=0 render_encoding=SemanticFrame
2026-08-26T07:20:19.232938Z  INFO herdr::logging: tab focused event="tab.focus" subsystem="tab" outcome="ok" workspace_id="w8" tab_id="w8:t1"
2026-08-26T07:20:22.130650Z  INFO herdr::logging: tab focused event="tab.focus" subsystem="tab" outcome="ok" workspace_id="w8" tab_id="w8:t2"
2026-08-26T07:20:22.682288Z  INFO herdr::logging: tab focused event="tab.focus" subsystem="tab" outcome="ok" workspace_id="w8" tab_id="w8:t1"
2026-08-26T07:20:24.683140Z  INFO herdr::pane: agent changed pane=4 previous_agent=None agent=Some(Codex) process=codex pgid=Some(7375)
2026-08-26T07:20:27.683470Z  INFO herdr::logging: session saved event="persist.save" subsystem="persist" outcome="ok" path=/home/mbv/.config/herdr/session.json workspaces=2
2026-08-26T07:23:43.758746Z  INFO herdr::pane: agent changed pane=4 previous_agent=Some(Codex) agent=None pgid=Some(6256)
2026-08-26T07:23:58.809529Z  INFO herdr::pane: agent changed pane=4 previous_agent=None agent=Some(Codex) process=codex pgid=Some(9539)
2026-08-26T07:48:59.889169Z  INFO herdr::app::actions: copied selection to clipboard
2026-08-26T07:50:05.593230Z  INFO herdr::logging: checking for updates event="update.check.start" subsystem="update" outcome="started"
2026-08-26T08:20:05.594436Z  INFO herdr::logging: checking for updates event="update.check.start" subsystem="update" outcome="started"
2026-08-26T08:50:05.595520Z  INFO herdr::logging: checking for updates event="update.check.start" subsystem="update" outcome="started"
2026-08-26T08:50:23.610321Z  WARN herdr::detect::manifest_update: agent detection manifest update failed: failed to fetch https://herdr.dev/agent-detection/index.toml
2026-08-26T08:50:52.617234Z  WARN herdr::logging: update check failed event="update.check.complete" subsystem="update" outcome="error" err="failed to fetch update manifest"
2026-08-26T09:20:05.595732Z  INFO herdr::logging: checking for updates event="update.check.start" subsystem="update" outcome="started"
2026-08-26T09:24:29.414743Z  INFO herdr::logging: tab focused event="tab.focus" subsystem="tab" outcome="ok" workspace_id="w8" tab_id="w8:t1"
2026-08-26T09:24:34.416612Z  INFO herdr::logging: session saved event="persist.save" subsystem="persist" outcome="ok" path=/home/mbv/.config/herdr/session.json workspaces=2
2026-08-26T09:25:21.830111Z  INFO herdr::logging: tab focused event="tab.focus" subsystem="tab" outcome="ok" workspace_id="w8" tab_id="w8:t1"
2026-08-26T09:25:26.833372Z  INFO herdr::logging: session saved event="persist.save" subsystem="persist" outcome="ok" path=/home/mbv/.config/herdr/session.json workspaces=2
2026-08-26T09:25:39.246108Z  INFO herdr::logging: tab focused event="tab.focus" subsystem="tab" outcome="ok" workspace_id="w8" tab_id="w8:t1"
2026-08-26T09:25:44.248221Z  INFO herdr::logging: session saved event="persist.save" subsystem="persist" outcome="ok" path=/home/mbv/.config/herdr/session.json workspaces=2
2026-08-26T09:25:51.986884Z  INFO herdr::logging: tab focused event="tab.focus" subsystem="tab" outcome="ok" workspace_id="w8" tab_id="w8:t1"
2026-08-26T09:25:56.989274Z  INFO herdr::logging: session saved event="persist.save" subsystem="persist" outcome="ok" path=/home/mbv/.config/herdr/session.json workspaces=2
2026-08-26T09:28:14.716466Z  INFO herdr::logging: tab focused event="tab.focus" subsystem="tab" outcome="ok" workspace_id="w8" tab_id="w8:t1"
2026-08-26T09:28:18.294309Z  INFO herdr::logging: tab focused event="tab.focus" subsystem="tab" outcome="ok" workspace_id="w8" tab_id="w8:t1"
2026-08-26T09:28:20.552309Z  INFO herdr::logging: tab focused event="tab.focus" subsystem="tab" outcome="ok" workspace_id="w8" tab_id="w8:t1"
2026-08-26T09:28:25.553855Z  INFO herdr::logging: session saved event="persist.save" subsystem="persist" outcome="ok" path=/home/mbv/.config/herdr/session.json workspaces=2
2026-08-26T09:28:27.345159Z  INFO herdr::logging: tab focused event="tab.focus" subsystem="tab" outcome="ok" workspace_id="w8" tab_id="w8:t1"
2026-08-26T09:28:30.428335Z  INFO herdr::logging: tab focused event="tab.focus" subsystem="tab" outcome="ok" workspace_id="w8" tab_id="w8:t1"
2026-08-26T09:28:35.429241Z  INFO herdr::logging: session saved event="persist.save" subsystem="persist" outcome="ok" path=/home/mbv/.config/herdr/session.json workspaces=2
2026-08-26T09:38:57.597386Z  INFO herdr::logging: tab focused event="tab.focus" subsystem="tab" outcome="ok" workspace_id="w8" tab_id="w8:t1"
2026-08-26T09:38:59.559689Z  INFO herdr::logging: tab focused event="tab.focus" subsystem="tab" outcome="ok" workspace_id="w8" tab_id="w8:t1"
2026-08-26T09:39:04.561201Z  INFO herdr::logging: session saved event="persist.save" subsystem="persist" outcome="ok" path=/home/mbv/.config/herdr/session.json workspaces=2
2026-08-26T09:46:59.975806Z  INFO herdr::logging: tab focused event="tab.focus" subsystem="tab" outcome="ok" workspace_id="w8" tab_id="w8:t1"
2026-08-26T09:47:04.977472Z  INFO herdr::logging: session saved event="persist.save" subsystem="persist" outcome="ok" path=/home/mbv/.config/herdr/session.json workspaces=2
2026-08-26T09:47:43.354058Z  INFO herdr::logging: tab focused event="tab.focus" subsystem="tab" outcome="ok" workspace_id="w8" tab_id="w8:t1"
2026-08-26T09:47:44.660226Z  INFO herdr::app::actions: copied selection to clipboard
2026-08-26T09:47:45.456206Z  INFO herdr::logging: tab focused event="tab.focus" subsystem="tab" outcome="ok" workspace_id="w8" tab_id="w8:t1"
2026-08-26T09:47:50.458610Z  INFO herdr::logging: session saved event="persist.save" subsystem="persist" outcome="ok" path=/home/mbv/.config/herdr/session.json workspaces=2
2026-08-26T09:49:07.110627Z  INFO herdr::app::actions: copied selection to clipboard
2026-08-26T09:49:07.530577Z  INFO herdr::logging: tab focused event="tab.focus" subsystem="tab" outcome="ok" workspace_id="w8" tab_id="w8:t1"
2026-08-26T09:49:12.532367Z  INFO herdr::logging: session saved event="persist.save" subsystem="persist" outcome="ok" path=/home/mbv/.config/herdr/session.json workspaces=2
2026-08-26T09:49:23.354115Z  INFO herdr::logging: tab focused event="tab.focus" subsystem="tab" outcome="ok" workspace_id="w8" tab_id="w8:t1"
2026-08-26T09:49:24.324104Z  INFO herdr::app::actions: copied selection to clipboard
2026-08-26T09:49:25.010198Z  INFO herdr::logging: tab focused event="tab.focus" subsystem="tab" outcome="ok" workspace_id="w8" tab_id="w8:t1"
2026-08-26T09:49:30.011102Z  INFO herdr::logging: session saved event="persist.save" subsystem="persist" outcome="ok" path=/home/mbv/.config/herdr/session.json workspaces=2
2026-08-26T09:49:32.488092Z  INFO herdr::app::actions: copied selection to clipboard
2026-08-26T09:49:32.868064Z  INFO herdr::logging: tab focused event="tab.focus" subsystem="tab" outcome="ok" workspace_id="w8" tab_id="w8:t1"
2026-08-26T09:49:37.870430Z  INFO herdr::logging: session saved event="persist.save" subsystem="persist" outcome="ok" path=/home/mbv/.config/herdr/session.json workspaces=2
2026-08-26T09:50:05.597194Z  INFO herdr::logging: checking for updates event="update.check.start" subsystem="update" outcome="started"
2026-08-26T09:50:15.311263Z  INFO herdr::app::actions: copied selection to clipboard
2026-08-26T09:50:15.759151Z  INFO herdr::logging: tab focused event="tab.focus" subsystem="tab" outcome="ok" workspace_id="w8" tab_id="w8:t1"
2026-08-26T09:50:20.760680Z  INFO herdr::logging: session saved event="persist.save" subsystem="persist" outcome="ok" path=/home/mbv/.config/herdr/session.json workspaces=2
2026-08-26T09:50:24.654915Z  INFO herdr::logging: tab focused event="tab.focus" subsystem="tab" outcome="ok" workspace_id="w8" tab_id="w8:t1"
2026-08-26T09:50:25.775014Z  INFO herdr::app::actions: copied selection to clipboard
2026-08-26T09:50:26.590983Z  INFO herdr::logging: tab focused event="tab.focus" subsystem="tab" outcome="ok" workspace_id="w8" tab_id="w8:t1"
2026-08-26T09:50:26.639488Z  INFO herdr::app::actions: copied selection to clipboard
2026-08-26T09:50:31.360829Z  INFO herdr::logging: tab focused event="tab.focus" subsystem="tab" outcome="ok" workspace_id="w8" tab_id="w8:t1"
2026-08-26T09:50:32.040996Z  INFO herdr::app::actions: copied selection to clipboard
2026-08-26T09:50:32.736847Z  INFO herdr::logging: tab focused event="tab.focus" subsystem="tab" outcome="ok" workspace_id="w8" tab_id="w8:t1"
2026-08-26T09:50:37.738447Z  INFO herdr::logging: session saved event="persist.save" subsystem="persist" outcome="ok" path=/home/mbv/.config/herdr/session.json workspaces=2
2026-08-26T09:51:27.239674Z  INFO herdr::app::actions: copied selection to clipboard
2026-08-26T09:51:27.699640Z  INFO herdr::logging: tab focused event="tab.focus" subsystem="tab" outcome="ok" workspace_id="w8" tab_id="w8:t1"
2026-08-26T09:51:32.701122Z  INFO herdr::logging: session saved event="persist.save" subsystem="persist" outcome="ok" path=/home/mbv/.config/herdr/session.json workspaces=2
2026-08-26T09:56:22.316030Z  INFO herdr::logging: tab focused event="tab.focus" subsystem="tab" outcome="ok" workspace_id="w8" tab_id="w8:t1"
2026-08-26T09:56:26.857762Z  INFO herdr::logging: spawning pane terminal event="pane.spawn.start" subsystem="pane" outcome="started" pane_id=8 rows=74 cols=144 scrollback_limit_bytes=10000000
2026-08-26T09:56:26.859762Z  INFO herdr::logging: pane child spawned event="pane.spawned" subsystem="pane" outcome="ok" pane_id=8 pid=143953
2026-08-26T09:56:26.859912Z  INFO herdr::logging: tab focused event="tab.focus" subsystem="tab" outcome="ok" workspace_id="w8" tab_id="w8:t1"
2026-08-26T09:56:31.862125Z  INFO herdr::logging: session saved event="persist.save" subsystem="persist" outcome="ok" path=/home/mbv/.config/herdr/session.json workspaces=2
2026-08-26T09:58:07.080910Z  INFO herdr::logging: tab focused event="tab.focus" subsystem="tab" outcome="ok" workspace_id="w8" tab_id="w8:t1"
2026-08-26T09:58:12.082774Z  INFO herdr::logging: session saved event="persist.save" subsystem="persist" outcome="ok" path=/home/mbv/.config/herdr/session.json workspaces=2
2026-08-26T09:58:14.118732Z  INFO herdr::logging: tab focused event="tab.focus" subsystem="tab" outcome="ok" workspace_id="w8" tab_id="w8:t1"
2026-08-26T09:58:15.843572Z  INFO herdr::logging: tab focused event="tab.focus" subsystem="tab" outcome="ok" workspace_id="w8" tab_id="w8:t1"
2026-08-26T09:58:20.845004Z  INFO herdr::logging: session saved event="persist.save" subsystem="persist" outcome="ok" path=/home/mbv/.config/herdr/session.json workspaces=2
2026-08-26T09:58:40.394395Z  INFO herdr::logging: tab focused event="tab.focus" subsystem="tab" outcome="ok" workspace_id="w8" tab_id="w8:t1"
2026-08-26T09:58:42.111884Z  INFO herdr::logging: tab focused event="tab.focus" subsystem="tab" outcome="ok" workspace_id="w8" tab_id="w8:t1"
2026-08-26T09:58:47.113035Z  INFO herdr::logging: session saved event="persist.save" subsystem="persist" outcome="ok" path=/home/mbv/.config/herdr/session.json workspaces=2
2026-08-26T09:58:52.943168Z  INFO herdr::logging: tab focused event="tab.focus" subsystem="tab" outcome="ok" workspace_id="w8" tab_id="w8:t1"
2026-08-26T09:58:57.945156Z  INFO herdr::logging: session saved event="persist.save" subsystem="persist" outcome="ok" path=/home/mbv/.config/herdr/session.json workspaces=2
2026-08-26T10:00:37.476801Z  INFO herdr::logging: tab focused event="tab.focus" subsystem="tab" outcome="ok" workspace_id="w8" tab_id="w8:t1"
2026-08-26T10:00:42.478341Z  INFO herdr::logging: session saved event="persist.save" subsystem="persist" outcome="ok" path=/home/mbv/.config/herdr/session.json workspaces=2
2026-08-26T10:02:49.149452Z  INFO herdr::logging: tab focused event="tab.focus" subsystem="tab" outcome="ok" workspace_id="w8" tab_id="w8:t1"
2026-08-26T10:02:54.151208Z  INFO herdr::logging: session saved event="persist.save" subsystem="persist" outcome="ok" path=/home/mbv/.config/herdr/session.json workspaces=2
2026-08-26T10:12:04.578910Z  INFO herdr::logging: tab focused event="tab.focus" subsystem="tab" outcome="ok" workspace_id="w8" tab_id="w8:t1"
2026-08-26T10:12:09.580525Z  INFO herdr::logging: session saved event="persist.save" subsystem="persist" outcome="ok" path=/home/mbv/.config/herdr/session.json workspaces=2
2026-08-26T10:13:38.488475Z  INFO herdr::logging: tab focused event="tab.focus" subsystem="tab" outcome="ok" workspace_id="w8" tab_id="w8:t1"
2026-08-26T10:13:43.490253Z  INFO herdr::logging: session saved event="persist.save" subsystem="persist" outcome="ok" path=/home/mbv/.config/herdr/session.json workspaces=2
2026-08-26T10:14:36.520024Z  INFO herdr::logging: tab focused event="tab.focus" subsystem="tab" outcome="ok" workspace_id="w8" tab_id="w8:t1"
2026-08-26T10:14:41.524248Z  INFO herdr::logging: session saved event="persist.save" subsystem="persist" outcome="ok" path=/home/mbv/.config/herdr/session.json workspaces=2
2026-08-26T10:15:42.702048Z  INFO herdr::logging: tab focused event="tab.focus" subsystem="tab" outcome="ok" workspace_id="w8" tab_id="w8:t1"
2026-08-26T10:15:47.704387Z  INFO herdr::logging: session saved event="persist.save" subsystem="persist" outcome="ok" path=/home/mbv/.config/herdr/session.json workspaces=2
2026-08-26T10:16:34.839853Z  INFO herdr::logging: tab focused event="tab.focus" subsystem="tab" outcome="ok" workspace_id="w8" tab_id="w8:t1"
2026-08-26T10:16:39.841431Z  INFO herdr::logging: session saved event="persist.save" subsystem="persist" outcome="ok" path=/home/mbv/.config/herdr/session.json workspaces=2
2026-08-26T10:18:10.471002Z  INFO herdr::logging: tab focused event="tab.focus" subsystem="tab" outcome="ok" workspace_id="w8" tab_id="w8:t1"
2026-08-26T10:18:15.472811Z  INFO herdr::logging: session saved event="persist.save" subsystem="persist" outcome="ok" path=/home/mbv/.config/herdr/session.json workspaces=2
2026-08-26T10:20:05.598081Z  INFO herdr::logging: checking for updates event="update.check.start" subsystem="update" outcome="started"
2026-08-26T10:22:06.226342Z  INFO herdr::logging: tab focused event="tab.focus" subsystem="tab" outcome="ok" workspace_id="w8" tab_id="w8:t1"
2026-08-26T10:22:11.228806Z  INFO herdr::logging: session saved event="persist.save" subsystem="persist" outcome="ok" path=/home/mbv/.config/herdr/session.json workspaces=2
2026-08-26T10:26:45.080402Z  INFO herdr::logging: tab focused event="tab.focus" subsystem="tab" outcome="ok" workspace_id="w8" tab_id="w8:t1"
2026-08-26T10:26:50.082609Z  INFO herdr::logging: session saved event="persist.save" subsystem="persist" outcome="ok" path=/home/mbv/.config/herdr/session.json workspaces=2
2026-08-26T10:26:50.523576Z  INFO herdr::logging: pane child exited event="pane.exit" subsystem="pane" outcome="completed" pane_id=8 status="ExitStatus { code: 0, signal: None }"
2026-08-26T10:26:50.526987Z  INFO herdr::pane: pane session terminated pane=8 pid=143953 signal=Hangup
2026-08-26T10:26:55.528412Z  INFO herdr::logging: session saved event="persist.save" subsystem="persist" outcome="ok" path=/home/mbv/.config/herdr/session.json workspaces=2
2026-08-26T10:28:10.198325Z  INFO herdr::pane: agent changed pane=5 previous_agent=None agent=Some(OpenCode) process=opencode pgid=Some(186499)
2026-08-26T10:30:00.541658Z  INFO herdr::logging: spawning pane terminal event="pane.spawn.start" subsystem="pane" outcome="started" pane_id=9 rows=74 cols=144 scrollback_limit_bytes=10000000
2026-08-26T10:30:00.543552Z  INFO herdr::logging: pane child spawned event="pane.spawned" subsystem="pane" outcome="ok" pane_id=9 pid=187755
2026-08-26T10:30:00.543719Z  INFO herdr::logging: tab focused event="tab.focus" subsystem="tab" outcome="ok" workspace_id="w8" tab_id="w8:t1"
2026-08-26T10:30:05.545573Z  INFO herdr::logging: session saved event="persist.save" subsystem="persist" outcome="ok" path=/home/mbv/.config/herdr/session.json workspaces=2
2026-08-26T10:30:16.397669Z  INFO herdr::logging: tab focused event="tab.focus" subsystem="tab" outcome="ok" workspace_id="w8" tab_id="w8:t1"
2026-08-26T10:30:21.399112Z  INFO herdr::logging: session saved event="persist.save" subsystem="persist" outcome="ok" path=/home/mbv/.config/herdr/session.json workspaces=2
2026-08-26T10:31:15.617575Z  INFO herdr::logging: tab focused event="tab.focus" subsystem="tab" outcome="ok" workspace_id="w8" tab_id="w8:t1"
2026-08-26T10:31:20.619749Z  INFO herdr::logging: session saved event="persist.save" subsystem="persist" outcome="ok" path=/home/mbv/.config/herdr/session.json workspaces=2
2026-08-26T10:31:28.883607Z  INFO herdr::logging: tab focused event="tab.focus" subsystem="tab" outcome="ok" workspace_id="w8" tab_id="w8:t1"
2026-08-26T10:31:33.885589Z  INFO herdr::logging: session saved event="persist.save" subsystem="persist" outcome="ok" path=/home/mbv/.config/herdr/session.json workspaces=2
2026-08-26T10:38:41.356045Z  INFO herdr::logging: tab focused event="tab.focus" subsystem="tab" outcome="ok" workspace_id="w8" tab_id="w8:t1"
2026-08-26T10:38:43.488347Z  INFO herdr::logging: pane child exited event="pane.exit" subsystem="pane" outcome="completed" pane_id=9 status="ExitStatus { code: 0, signal: None }"
2026-08-26T10:38:43.492061Z  INFO herdr::pane: pane session terminated pane=9 pid=187755 signal=Hangup
2026-08-26T10:38:48.493735Z  INFO herdr::logging: session saved event="persist.save" subsystem="persist" outcome="ok" path=/home/mbv/.config/herdr/session.json workspaces=2
2026-08-26T10:50:05.599483Z  INFO herdr::logging: checking for updates event="update.check.start" subsystem="update" outcome="started"
2026-08-26T11:18:41.656354Z  INFO herdr::logging: tab focused event="tab.focus" subsystem="tab" outcome="ok" workspace_id="w8" tab_id="w8:t1"
2026-08-26T11:18:42.748103Z  INFO herdr::pane: agent changed pane=4 previous_agent=Some(Codex) agent=None pgid=Some(6256)
2026-08-26T11:18:46.657917Z  INFO herdr::logging: session saved event="persist.save" subsystem="persist" outcome="ok" path=/home/mbv/.config/herdr/session.json workspaces=2
2026-08-26T11:20:05.599797Z  INFO herdr::logging: checking for updates event="update.check.start" subsystem="update" outcome="started"
2026-08-26T11:21:56.267494Z  INFO herdr::logging: tab focused event="tab.focus" subsystem="tab" outcome="ok" workspace_id="w8" tab_id="w8:t1"
2026-08-26T11:22:00.978565Z  INFO herdr::logging: tab focused event="tab.focus" subsystem="tab" outcome="ok" workspace_id="w8" tab_id="w8:t1"
2026-08-26T11:22:03.927544Z  INFO herdr::logging: tab focused event="tab.focus" subsystem="tab" outcome="ok" workspace_id="w8" tab_id="w8:t1"
2026-08-26T11:22:08.929006Z  INFO herdr::logging: session saved event="persist.save" subsystem="persist" outcome="ok" path=/home/mbv/.config/herdr/session.json workspaces=2
2026-08-26T11:23:44.153927Z  INFO herdr::logging: tab focused event="tab.focus" subsystem="tab" outcome="ok" workspace_id="w8" tab_id="w8:t1"
2026-08-26T11:23:49.155909Z  INFO herdr::logging: session saved event="persist.save" subsystem="persist" outcome="ok" path=/home/mbv/.config/herdr/session.json workspaces=2
2026-08-26T11:30:56.922783Z  INFO herdr::logging: tab focused event="tab.focus" subsystem="tab" outcome="ok" workspace_id="w8" tab_id="w8:t1"
2026-08-26T11:31:01.924217Z  INFO herdr::logging: session saved event="persist.save" subsystem="persist" outcome="ok" path=/home/mbv/.config/herdr/session.json workspaces=2
2026-08-26T11:31:41.161335Z  INFO herdr::logging: tab focused event="tab.focus" subsystem="tab" outcome="ok" workspace_id="w8" tab_id="w8:t1"
2026-08-26T11:31:46.163712Z  INFO herdr::logging: session saved event="persist.save" subsystem="persist" outcome="ok" path=/home/mbv/.config/herdr/session.json workspaces=2
2026-08-26T11:31:51.212168Z  INFO herdr::logging: tab focused event="tab.focus" subsystem="tab" outcome="ok" workspace_id="w8" tab_id="w8:t1"
2026-08-26T11:31:56.214402Z  INFO herdr::logging: session saved event="persist.save" subsystem="persist" outcome="ok" path=/home/mbv/.config/herdr/session.json workspaces=2
2026-08-26T11:32:16.852128Z  INFO herdr::logging: tab focused event="tab.focus" subsystem="tab" outcome="ok" workspace_id="w8" tab_id="w8:t1"
2026-08-26T11:32:21.868269Z  INFO herdr::logging: session saved event="persist.save" subsystem="persist" outcome="ok" path=/home/mbv/.config/herdr/session.json workspaces=2
2026-08-26T11:32:47.931455Z  INFO herdr::logging: tab focused event="tab.focus" subsystem="tab" outcome="ok" workspace_id="w8" tab_id="w8:t1"
2026-08-26T11:32:52.933120Z  INFO herdr::logging: session saved event="persist.save" subsystem="persist" outcome="ok" path=/home/mbv/.config/herdr/session.json workspaces=2
2026-08-26T11:33:31.759310Z  INFO herdr::logging: tab focused event="tab.focus" subsystem="tab" outcome="ok" workspace_id="w8" tab_id="w8:t1"
2026-08-26T11:33:36.761757Z  INFO herdr::logging: session saved event="persist.save" subsystem="persist" outcome="ok" path=/home/mbv/.config/herdr/session.json workspaces=2
2026-08-26T11:36:47.997919Z  INFO herdr::logging: tab focused event="tab.focus" subsystem="tab" outcome="ok" workspace_id="w8" tab_id="w8:t1"
2026-08-26T11:36:53.000760Z  INFO herdr::logging: session saved event="persist.save" subsystem="persist" outcome="ok" path=/home/mbv/.config/herdr/session.json workspaces=2
2026-08-26T11:37:52.400207Z  INFO herdr::logging: tab focused event="tab.focus" subsystem="tab" outcome="ok" workspace_id="w8" tab_id="w8:t1"
2026-08-26T11:37:57.402527Z  INFO herdr::logging: session saved event="persist.save" subsystem="persist" outcome="ok" path=/home/mbv/.config/herdr/session.json workspaces=2
2026-08-26T11:38:03.069978Z  INFO herdr::logging: tab focused event="tab.focus" subsystem="tab" outcome="ok" workspace_id="w8" tab_id="w8:t1"
2026-08-26T11:38:06.292129Z  INFO herdr::logging: tab focused event="tab.focus" subsystem="tab" outcome="ok" workspace_id="w8" tab_id="w8:t1"
2026-08-26T11:38:11.294460Z  INFO herdr::logging: session saved event="persist.save" subsystem="persist" outcome="ok" path=/home/mbv/.config/herdr/session.json workspaces=2
2026-08-26T11:50:05.600839Z  INFO herdr::logging: checking for updates event="update.check.start" subsystem="update" outcome="started"
2026-08-26T12:20:05.601880Z  INFO herdr::logging: checking for updates event="update.check.start" subsystem="update" outcome="started"
2026-08-26T12:21:39.858911Z  INFO herdr::logging: tab focused event="tab.focus" subsystem="tab" outcome="ok" workspace_id="w8" tab_id="w8:t1"
2026-08-26T12:21:44.860177Z  INFO herdr::logging: session saved event="persist.save" subsystem="persist" outcome="ok" path=/home/mbv/.config/herdr/session.json workspaces=2
2026-08-26T12:39:12.004648Z  INFO herdr::logging: tab focused event="tab.focus" subsystem="tab" outcome="ok" workspace_id="w8" tab_id="w8:t1"
2026-08-26T12:39:14.767867Z  INFO herdr::logging: tab focused event="tab.focus" subsystem="tab" outcome="ok" workspace_id="w8" tab_id="w8:t1"
2026-08-26T12:39:19.770924Z  INFO herdr::logging: session saved event="persist.save" subsystem="persist" outcome="ok" path=/home/mbv/.config/herdr/session.json workspaces=2
2026-08-26T12:39:21.856439Z  INFO herdr::logging: tab focused event="tab.focus" subsystem="tab" outcome="ok" workspace_id="w8" tab_id="w8:t1"
2026-08-26T12:39:26.857794Z  INFO herdr::logging: session saved event="persist.save" subsystem="persist" outcome="ok" path=/home/mbv/.config/herdr/session.json workspaces=2
2026-08-26T12:39:26.893377Z  INFO herdr::logging: tab focused event="tab.focus" subsystem="tab" outcome="ok" workspace_id="w8" tab_id="w8:t1"
2026-08-26T12:39:31.895673Z  INFO herdr::logging: session saved event="persist.save" subsystem="persist" outcome="ok" path=/home/mbv/.config/herdr/session.json workspaces=2
2026-08-26T12:39:32.123333Z  INFO herdr::logging: tab focused event="tab.focus" subsystem="tab" outcome="ok" workspace_id="w8" tab_id="w8:t1"
2026-08-26T12:39:34.277512Z  INFO herdr::logging: tab focused event="tab.focus" subsystem="tab" outcome="ok" workspace_id="w8" tab_id="w8:t1"
2026-08-26T12:39:39.279132Z  INFO herdr::logging: session saved event="persist.save" subsystem="persist" outcome="ok" path=/home/mbv/.config/herdr/session.json workspaces=2
2026-08-26T12:40:04.312098Z  INFO herdr::logging: workspace focused event="workspace.focus" subsystem="workspace" outcome="ok" workspace_id="w6"
2026-08-26T12:40:04.312132Z  INFO herdr::logging: tab focused event="tab.focus" subsystem="tab" outcome="ok" workspace_id="w6" tab_id="w6:t3"
2026-08-26T12:40:09.312995Z  INFO herdr::logging: session saved event="persist.save" subsystem="persist" outcome="ok" path=/home/mbv/.config/herdr/session.json workspaces=2
2026-08-26T12:40:12.569832Z  INFO herdr::logging: spawning pane terminal event="pane.spawn.start" subsystem="pane" outcome="started" pane_id=10 rows=74 cols=287 scrollback_limit_bytes=10000000
2026-08-26T12:40:12.571839Z  INFO herdr::logging: pane child spawned event="pane.spawned" subsystem="pane" outcome="ok" pane_id=10 pid=505489
2026-08-26T12:40:12.572035Z  INFO herdr::logging: tab focused event="tab.focus" subsystem="tab" outcome="ok" workspace_id="w6" tab_id="w6:t8"
2026-08-26T12:40:13.552327Z  INFO herdr::logging: pane child exited event="pane.exit" subsystem="pane" outcome="completed" pane_id=10 status="ExitStatus { code: 0, signal: None }"
2026-08-26T12:40:13.556049Z  INFO herdr::pane: pane session terminated pane=10 pid=505489 signal=Hangup
2026-08-26T12:40:18.557385Z  INFO herdr::logging: session saved event="persist.save" subsystem="persist" outcome="ok" path=/home/mbv/.config/herdr/session.json workspaces=2
2026-08-26T12:40:22.450856Z  INFO herdr::logging: spawning pane terminal event="pane.spawn.start" subsystem="pane" outcome="started" pane_id=11 rows=74 cols=287 scrollback_limit_bytes=10000000
2026-08-26T12:40:22.453400Z  INFO herdr::logging: pane child spawned event="pane.spawned" subsystem="pane" outcome="ok" pane_id=11 pid=505818
2026-08-26T12:40:22.453562Z  INFO herdr::logging: workspace created event="workspace.create" subsystem="workspace" outcome="ok" workspace_id="w9" pane_id=11
2026-08-26T12:40:22.453569Z  INFO herdr::logging: workspace focused event="workspace.focus" subsystem="workspace" outcome="ok" workspace_id="w9"
2026-08-26T12:40:22.453586Z  INFO herdr::logging: tab focused event="tab.focus" subsystem="tab" outcome="ok" workspace_id="w9" tab_id="w9:t1"
2026-08-26T12:40:27.457972Z  INFO herdr::logging: session saved event="persist.save" subsystem="persist" outcome="ok" path=/home/mbv/.config/herdr/session.json workspaces=3
2026-08-26T12:40:46.699429Z  INFO herdr::logging: workspace renamed event="workspace.rename" subsystem="workspace" outcome="ok" workspace_id="w9"
2026-08-26T12:40:51.701275Z  INFO herdr::logging: session saved event="persist.save" subsystem="persist" outcome="ok" path=/home/mbv/.config/herdr/session.json workspaces=3
2026-08-26T12:42:04.400578Z  INFO herdr::pane: agent changed pane=11 previous_agent=None agent=Some(Codex) process=codex pgid=Some(507508)
2026-08-26T12:42:21.288540Z  INFO herdr::pane: agent changed pane=11 previous_agent=Some(Codex) agent=None pgid=Some(505818)
2026-08-26T12:42:24.802975Z  INFO herdr::pane: agent changed pane=11 previous_agent=None agent=Some(Codex) process=codex pgid=Some(507966)
2026-08-26T12:43:50.563834Z  INFO herdr::logging: tab focused event="tab.focus" subsystem="tab" outcome="ok" workspace_id="w9" tab_id="w9:t1"
2026-08-26T12:43:52.028693Z  INFO herdr::logging: workspace focused event="workspace.focus" subsystem="workspace" outcome="ok" workspace_id="w8"
2026-08-26T12:43:52.028716Z  INFO herdr::logging: tab focused event="tab.focus" subsystem="tab" outcome="ok" workspace_id="w8" tab_id="w8:t1"
2026-08-26T12:43:57.030636Z  INFO herdr::logging: session saved event="persist.save" subsystem="persist" outcome="ok" path=/home/mbv/.config/herdr/session.json workspaces=3
2026-08-26T12:44:51.012035Z  INFO herdr::logging: workspace focused event="workspace.focus" subsystem="workspace" outcome="ok" workspace_id="w9"
2026-08-26T12:44:51.012068Z  INFO herdr::logging: tab focused event="tab.focus" subsystem="tab" outcome="ok" workspace_id="w9" tab_id="w9:t1"
2026-08-26T12:44:56.012990Z  INFO herdr::logging: session saved event="persist.save" subsystem="persist" outcome="ok" path=/home/mbv/.config/herdr/session.json workspaces=3
2026-08-26T12:46:49.248277Z  INFO herdr::logging: workspace focused event="workspace.focus" subsystem="workspace" outcome="ok" workspace_id="w8"
2026-08-26T12:46:49.248305Z  INFO herdr::logging: tab focused event="tab.focus" subsystem="tab" outcome="ok" workspace_id="w8" tab_id="w8:t1"
2026-08-26T12:46:54.248922Z  INFO herdr::logging: session saved event="persist.save" subsystem="persist" outcome="ok" path=/home/mbv/.config/herdr/session.json workspaces=3
2026-08-26T12:48:27.797074Z  INFO herdr::logging: workspace focused event="workspace.focus" subsystem="workspace" outcome="ok" workspace_id="w9"
2026-08-26T12:48:27.797103Z  INFO herdr::logging: tab focused event="tab.focus" subsystem="tab" outcome="ok" workspace_id="w9" tab_id="w9:t1"
2026-08-26T12:48:32.798346Z  INFO herdr::logging: session saved event="persist.save" subsystem="persist" outcome="ok" path=/home/mbv/.config/herdr/session.json workspaces=3
2026-08-26T12:49:47.222083Z  INFO herdr::logging: workspace focused event="workspace.focus" subsystem="workspace" outcome="ok" workspace_id="w8"
2026-08-26T12:49:47.222110Z  INFO herdr::logging: tab focused event="tab.focus" subsystem="tab" outcome="ok" workspace_id="w8" tab_id="w8:t1"
2026-08-26T12:49:52.223727Z  INFO herdr::logging: session saved event="persist.save" subsystem="persist" outcome="ok" path=/home/mbv/.config/herdr/session.json workspaces=3
2026-08-26T12:50:05.603145Z  INFO herdr::logging: checking for updates event="update.check.start" subsystem="update" outcome="started"
2026-08-26T12:51:33.880710Z  INFO herdr::logging: workspace focused event="workspace.focus" subsystem="workspace" outcome="ok" workspace_id="w9"
2026-08-26T12:51:33.880745Z  INFO herdr::logging: tab focused event="tab.focus" subsystem="tab" outcome="ok" workspace_id="w9" tab_id="w9:t1"
2026-08-26T12:51:38.882386Z  INFO herdr::logging: session saved event="persist.save" subsystem="persist" outcome="ok" path=/home/mbv/.config/herdr/session.json workspaces=3
2026-08-26T12:57:20.321945Z  INFO herdr::logging: workspace focused event="workspace.focus" subsystem="workspace" outcome="ok" workspace_id="w8"
2026-08-26T12:57:20.321967Z  INFO herdr::logging: tab focused event="tab.focus" subsystem="tab" outcome="ok" workspace_id="w8" tab_id="w8:t1"
2026-08-26T12:57:25.323752Z  INFO herdr::logging: session saved event="persist.save" subsystem="persist" outcome="ok" path=/home/mbv/.config/herdr/session.json workspaces=3
2026-08-26T12:57:41.201374Z  INFO herdr::logging: tab focused event="tab.focus" subsystem="tab" outcome="ok" workspace_id="w8" tab_id="w8:t2"
2026-08-26T12:57:42.932038Z  INFO herdr::logging: tab focused event="tab.focus" subsystem="tab" outcome="ok" workspace_id="w8" tab_id="w8:t1"
2026-08-26T12:57:43.705045Z  INFO herdr::logging: tab focused event="tab.focus" subsystem="tab" outcome="ok" workspace_id="w8" tab_id="w8:t2"
2026-08-26T12:57:47.232145Z  INFO herdr::logging: tab focused event="tab.focus" subsystem="tab" outcome="ok" workspace_id="w8" tab_id="w8:t3"
2026-08-26T12:57:51.700159Z  INFO herdr::logging: tab focused event="tab.focus" subsystem="tab" outcome="ok" workspace_id="w8" tab_id="w8:t1"
2026-08-26T12:57:56.418252Z  INFO herdr::logging: tab focused event="tab.focus" subsystem="tab" outcome="ok" workspace_id="w8" tab_id="w8:t1"
2026-08-26T12:57:57.667410Z  INFO herdr::logging: tab focused event="tab.focus" subsystem="tab" outcome="ok" workspace_id="w8" tab_id="w8:t1"
2026-08-26T12:57:57.822015Z  INFO herdr::logging: tab focused event="tab.focus" subsystem="tab" outcome="ok" workspace_id="w8" tab_id="w8:t1"
2026-08-26T12:57:57.906070Z  INFO herdr::logging: tab focused event="tab.focus" subsystem="tab" outcome="ok" workspace_id="w8" tab_id="w8:t1"
2026-08-26T12:57:58.028156Z  INFO herdr::logging: tab focused event="tab.focus" subsystem="tab" outcome="ok" workspace_id="w8" tab_id="w8:t1"
2026-08-26T12:57:58.104218Z  INFO herdr::logging: tab focused event="tab.focus" subsystem="tab" outcome="ok" workspace_id="w8" tab_id="w8:t1"
2026-08-26T12:57:58.202672Z  INFO herdr::logging: tab focused event="tab.focus" subsystem="tab" outcome="ok" workspace_id="w8" tab_id="w8:t1"
2026-08-26T12:57:58.290307Z  INFO herdr::logging: tab focused event="tab.focus" subsystem="tab" outcome="ok" workspace_id="w8" tab_id="w8:t1"
2026-08-26T12:57:58.388981Z  INFO herdr::logging: tab focused event="tab.focus" subsystem="tab" outcome="ok" workspace_id="w8" tab_id="w8:t1"
2026-08-26T12:57:58.471365Z  INFO herdr::logging: tab focused event="tab.focus" subsystem="tab" outcome="ok" workspace_id="w8" tab_id="w8:t1"
2026-08-26T12:57:58.568678Z  INFO herdr::logging: tab focused event="tab.focus" subsystem="tab" outcome="ok" workspace_id="w8" tab_id="w8:t1"
2026-08-26T12:57:58.648195Z  INFO herdr::logging: tab focused event="tab.focus" subsystem="tab" outcome="ok" workspace_id="w8" tab_id="w8:t1"
2026-08-26T12:57:59.834152Z  INFO herdr::logging: workspace focused event="workspace.focus" subsystem="workspace" outcome="ok" workspace_id="w9"
2026-08-26T12:57:59.834176Z  INFO herdr::logging: tab focused event="tab.focus" subsystem="tab" outcome="ok" workspace_id="w9" tab_id="w9:t1"
2026-08-26T12:58:04.834929Z  INFO herdr::logging: session saved event="persist.save" subsystem="persist" outcome="ok" path=/home/mbv/.config/herdr/session.json workspaces=3
2026-08-26T13:03:49.828080Z  INFO herdr::logging: workspace focused event="workspace.focus" subsystem="workspace" outcome="ok" workspace_id="w8"
2026-08-26T13:03:49.828103Z  INFO herdr::logging: tab focused event="tab.focus" subsystem="tab" outcome="ok" workspace_id="w8" tab_id="w8:t1"
2026-08-26T13:03:54.829657Z  INFO herdr::logging: session saved event="persist.save" subsystem="persist" outcome="ok" path=/home/mbv/.config/herdr/session.json workspaces=3
2026-08-26T13:04:05.043630Z  INFO herdr::logging: workspace focused event="workspace.focus" subsystem="workspace" outcome="ok" workspace_id="w9"
2026-08-26T13:04:05.043652Z  INFO herdr::logging: tab focused event="tab.focus" subsystem="tab" outcome="ok" workspace_id="w9" tab_id="w9:t1"
2026-08-26T13:04:10.044877Z  INFO herdr::logging: session saved event="persist.save" subsystem="persist" outcome="ok" path=/home/mbv/.config/herdr/session.json workspaces=3
2026-08-26T13:04:51.806280Z  INFO herdr::logging: workspace focused event="workspace.focus" subsystem="workspace" outcome="ok" workspace_id="w8"
2026-08-26T13:04:51.806305Z  INFO herdr::logging: tab focused event="tab.focus" subsystem="tab" outcome="ok" workspace_id="w8" tab_id="w8:t1"
2026-08-26T13:04:55.681232Z  INFO herdr::logging: workspace focused event="workspace.focus" subsystem="workspace" outcome="ok" workspace_id="w9"
2026-08-26T13:04:55.681268Z  INFO herdr::logging: tab focused event="tab.focus" subsystem="tab" outcome="ok" workspace_id="w9" tab_id="w9:t1"
2026-08-26T13:05:00.682561Z  INFO herdr::logging: session saved event="persist.save" subsystem="persist" outcome="ok" path=/home/mbv/.config/herdr/session.json workspaces=3
2026-08-26T13:09:49.689777Z  INFO herdr::logging: workspace focused event="workspace.focus" subsystem="workspace" outcome="ok" workspace_id="w6"
2026-08-26T13:09:49.689806Z  INFO herdr::logging: tab focused event="tab.focus" subsystem="tab" outcome="ok" workspace_id="w6" tab_id="w6:t7"
2026-08-26T13:09:51.002779Z  INFO herdr::logging: workspace focused event="workspace.focus" subsystem="workspace" outcome="ok" workspace_id="w8"
2026-08-26T13:09:51.002819Z  INFO herdr::logging: tab focused event="tab.focus" subsystem="tab" outcome="ok" workspace_id="w8" tab_id="w8:t1"
2026-08-26T13:09:56.004105Z  INFO herdr::logging: session saved event="persist.save" subsystem="persist" outcome="ok" path=/home/mbv/.config/herdr/session.json workspaces=3
2026-08-26T13:10:07.113415Z  INFO herdr::logging: tab focused event="tab.focus" subsystem="tab" outcome="ok" workspace_id="w8" tab_id="w8:t2"
2026-08-26T13:10:08.007607Z  INFO herdr::logging: tab focused event="tab.focus" subsystem="tab" outcome="ok" workspace_id="w8" tab_id="w8:t1"
2026-08-26T13:10:09.387885Z  INFO herdr::logging: workspace focused event="workspace.focus" subsystem="workspace" outcome="ok" workspace_id="w9"
2026-08-26T13:10:09.387920Z  INFO herdr::logging: tab focused event="tab.focus" subsystem="tab" outcome="ok" workspace_id="w9" tab_id="w9:t1"
2026-08-26T13:10:12.323797Z  INFO herdr::logging: spawning pane terminal event="pane.spawn.start" subsystem="pane" outcome="started" pane_id=12 rows=74 cols=287 scrollback_limit_bytes=10000000
2026-08-26T13:10:12.326185Z  INFO herdr::logging: pane child spawned event="pane.spawned" subsystem="pane" outcome="ok" pane_id=12 pid=516030
2026-08-26T13:10:12.326397Z  INFO herdr::logging: tab focused event="tab.focus" subsystem="tab" outcome="ok" workspace_id="w9" tab_id="w9:t2"
2026-08-26T13:10:17.327921Z  INFO herdr::logging: session saved event="persist.save" subsystem="persist" outcome="ok" path=/home/mbv/.config/herdr/session.json workspaces=3
2026-08-26T13:14:01.669284Z  INFO herdr::logging: tab focused event="tab.focus" subsystem="tab" outcome="ok" workspace_id="w9" tab_id="w9:t1"
2026-08-26T13:14:06.670692Z  INFO herdr::logging: session saved event="persist.save" subsystem="persist" outcome="ok" path=/home/mbv/.config/herdr/session.json workspaces=3
2026-08-26T13:14:10.525275Z  INFO herdr::logging: tab focused event="tab.focus" subsystem="tab" outcome="ok" workspace_id="w9" tab_id="w9:t2"
2026-08-26T13:14:15.525946Z  INFO herdr::logging: session saved event="persist.save" subsystem="persist" outcome="ok" path=/home/mbv/.config/herdr/session.json workspaces=3
2026-08-26T13:14:15.907220Z  INFO herdr::logging: tab focused event="tab.focus" subsystem="tab" outcome="ok" workspace_id="w9" tab_id="w9:t1"
2026-08-26T13:14:20.908656Z  INFO herdr::logging: session saved event="persist.save" subsystem="persist" outcome="ok" path=/home/mbv/.config/herdr/session.json workspaces=3
2026-08-26T13:14:45.259893Z  INFO herdr::logging: tab focused event="tab.focus" subsystem="tab" outcome="ok" workspace_id="w9" tab_id="w9:t2"
2026-08-26T13:14:50.261220Z  INFO herdr::logging: session saved event="persist.save" subsystem="persist" outcome="ok" path=/home/mbv/.config/herdr/session.json workspaces=3
2026-08-26T13:15:05.568933Z  INFO herdr::logging: tab focused event="tab.focus" subsystem="tab" outcome="ok" workspace_id="w9" tab_id="w9:t1"
2026-08-26T13:15:10.570569Z  INFO herdr::logging: session saved event="persist.save" subsystem="persist" outcome="ok" path=/home/mbv/.config/herdr/session.json workspaces=3
2026-08-26T13:20:05.604293Z  INFO herdr::logging: checking for updates event="update.check.start" subsystem="update" outcome="started"
2026-08-26T13:20:43.777785Z  INFO herdr::logging: workspace focused event="workspace.focus" subsystem="workspace" outcome="ok" workspace_id="w8"
2026-08-26T13:20:43.777814Z  INFO herdr::logging: tab focused event="tab.focus" subsystem="tab" outcome="ok" workspace_id="w8" tab_id="w8:t1"
2026-08-26T13:20:45.680916Z  INFO herdr::logging: workspace focused event="workspace.focus" subsystem="workspace" outcome="ok" workspace_id="w9"
2026-08-26T13:20:45.680948Z  INFO herdr::logging: tab focused event="tab.focus" subsystem="tab" outcome="ok" workspace_id="w9" tab_id="w9:t1"
2026-08-26T13:20:50.682749Z  INFO herdr::logging: session saved event="persist.save" subsystem="persist" outcome="ok" path=/home/mbv/.config/herdr/session.json workspaces=3
2026-08-26T13:22:18.702626Z  INFO herdr::app::actions: copied selection to clipboard
2026-08-26T13:22:25.302879Z  INFO herdr::app::actions: copied selection to clipboard
2026-08-26T13:25:47.148299Z  INFO herdr::logging: spawning pane terminal event="pane.spawn.start" subsystem="pane" outcome="started" pane_id=13 rows=74 cols=287 scrollback_limit_bytes=10000000
2026-08-26T13:25:47.150379Z  INFO herdr::logging: pane child spawned event="pane.spawned" subsystem="pane" outcome="ok" pane_id=13 pid=525716
2026-08-26T13:25:47.150535Z  INFO herdr::logging: tab focused event="tab.focus" subsystem="tab" outcome="ok" workspace_id="w9" tab_id="w9:t3"
2026-08-26T13:25:52.153788Z  INFO herdr::logging: session saved event="persist.save" subsystem="persist" outcome="ok" path=/home/mbv/.config/herdr/session.json workspaces=3
2026-08-26T13:25:55.836322Z  INFO herdr::server::headless: client resize client_id=2 cols=154 rows=75 cell_width_px=0 cell_height_px=0
2026-08-26T13:28:41.254289Z  INFO herdr::logging: tab focused event="tab.focus" subsystem="tab" outcome="ok" workspace_id="w9" tab_id="w9:t1"
2026-08-26T13:28:46.255365Z  INFO herdr::logging: session saved event="persist.save" subsystem="persist" outcome="ok" path=/home/mbv/.config/herdr/session.json workspaces=3
2026-08-26T13:30:28.208509Z  INFO herdr::logging: workspace focused event="workspace.focus" subsystem="workspace" outcome="ok" workspace_id="w8"
2026-08-26T13:30:28.208531Z  INFO herdr::logging: tab focused event="tab.focus" subsystem="tab" outcome="ok" workspace_id="w8" tab_id="w8:t1"
2026-08-26T13:30:30.631617Z  INFO herdr::logging: tab focused event="tab.focus" subsystem="tab" outcome="ok" workspace_id="w8" tab_id="w8:t1"
2026-08-26T13:30:35.633121Z  INFO herdr::logging: session saved event="persist.save" subsystem="persist" outcome="ok" path=/home/mbv/.config/herdr/session.json workspaces=3
2026-08-26T13:30:48.639738Z  INFO herdr::logging: workspace focused event="workspace.focus" subsystem="workspace" outcome="ok" workspace_id="w9"
2026-08-26T13:30:48.639766Z  INFO herdr::logging: tab focused event="tab.focus" subsystem="tab" outcome="ok" workspace_id="w9" tab_id="w9:t1"
2026-08-26T13:30:53.640276Z  INFO herdr::logging: session saved event="persist.save" subsystem="persist" outcome="ok" path=/home/mbv/.config/herdr/session.json workspaces=3
2026-08-26T13:31:03.271050Z  INFO herdr::logging: tab focused event="tab.focus" subsystem="tab" outcome="ok" workspace_id="w9" tab_id="w9:t3"
2026-08-26T13:31:08.272679Z  INFO herdr::logging: session saved event="persist.save" subsystem="persist" outcome="ok" path=/home/mbv/.config/herdr/session.json workspaces=3
2026-08-26T13:31:17.360933Z  INFO herdr::app::actions: copied selection to clipboard
2026-08-26T13:31:20.040835Z  INFO herdr::app::actions: copied selection to clipboard
2026-08-26T13:32:08.311552Z  INFO herdr::server::headless: client resize client_id=2 cols=154 rows=36 cell_width_px=0 cell_height_px=0
2026-08-26T13:32:25.724044Z  INFO herdr::server::headless: client resize client_id=2 cols=154 rows=75 cell_width_px=0 cell_height_px=0
2026-08-26T13:32:42.418462Z  INFO herdr::logging: tab focused event="tab.focus" subsystem="tab" outcome="ok" workspace_id="w9" tab_id="w9:t1"
2026-08-26T13:32:47.420513Z  INFO herdr::logging: session saved event="persist.save" subsystem="persist" outcome="ok" path=/home/mbv/.config/herdr/session.json workspaces=3
2026-08-26T13:32:47.627157Z  INFO herdr::logging: tab focused event="tab.focus" subsystem="tab" outcome="ok" workspace_id="w9" tab_id="w9:t2"
2026-08-26T13:32:48.269242Z  INFO herdr::logging: tab focused event="tab.focus" subsystem="tab" outcome="ok" workspace_id="w9" tab_id="w9:t3"
2026-08-26T13:32:53.270193Z  INFO herdr::logging: session saved event="persist.save" subsystem="persist" outcome="ok" path=/home/mbv/.config/herdr/session.json workspaces=3
2026-08-26T13:33:04.930748Z  INFO herdr::logging: tab focused event="tab.focus" subsystem="tab" outcome="ok" workspace_id="w9" tab_id="w9:t1"
2026-08-26T13:33:09.932567Z  INFO herdr::logging: session saved event="persist.save" subsystem="persist" outcome="ok" path=/home/mbv/.config/herdr/session.json workspaces=3
2026-08-26T13:33:37.476536Z  INFO herdr::logging: tab focused event="tab.focus" subsystem="tab" outcome="ok" workspace_id="w9" tab_id="w9:t2"
2026-08-26T13:33:37.855300Z  INFO herdr::logging: tab focused event="tab.focus" subsystem="tab" outcome="ok" workspace_id="w9" tab_id="w9:t3"
2026-08-26T13:33:42.855988Z  INFO herdr::logging: session saved event="persist.save" subsystem="persist" outcome="ok" path=/home/mbv/.config/herdr/session.json workspaces=3
2026-08-26T13:33:44.369323Z  INFO herdr::logging: tab focused event="tab.focus" subsystem="tab" outcome="ok" workspace_id="w9" tab_id="w9:t1"
2026-08-26T13:33:49.370478Z  INFO herdr::logging: session saved event="persist.save" subsystem="persist" outcome="ok" path=/home/mbv/.config/herdr/session.json workspaces=3
2026-08-26T13:37:48.463099Z  INFO herdr::logging: tab focused event="tab.focus" subsystem="tab" outcome="ok" workspace_id="w9" tab_id="w9:t2"
2026-08-26T13:37:51.115005Z  INFO herdr::logging: tab focused event="tab.focus" subsystem="tab" outcome="ok" workspace_id="w9" tab_id="w9:t3"
2026-08-26T13:37:53.445648Z  INFO herdr::logging: pane child exited event="pane.exit" subsystem="pane" outcome="completed" pane_id=13 status="ExitStatus { code: 130, signal: None }"
2026-08-26T13:37:53.446638Z  INFO herdr::pane: pane session terminated pane=13 pid=525716 signal=Hangup
2026-08-26T13:37:54.652169Z  INFO herdr::logging: spawning pane terminal event="pane.spawn.start" subsystem="pane" outcome="started" pane_id=14 rows=74 cols=128 scrollback_limit_bytes=10000000
2026-08-26T13:37:54.654355Z  INFO herdr::logging: pane child spawned event="pane.spawned" subsystem="pane" outcome="ok" pane_id=14 pid=594001
2026-08-26T13:37:54.654500Z  INFO herdr::logging: tab focused event="tab.focus" subsystem="tab" outcome="ok" workspace_id="w9" tab_id="w9:t4"
2026-08-26T13:37:59.356815Z  INFO herdr::server::headless: client resize client_id=2 cols=313 rows=75 cell_width_px=0 cell_height_px=0
2026-08-26T13:37:59.657400Z  INFO herdr::logging: session saved event="persist.save" subsystem="persist" outcome="ok" path=/home/mbv/.config/herdr/session.json workspaces=3
2026-08-26T13:38:41.107905Z  INFO herdr::logging: tab focused event="tab.focus" subsystem="tab" outcome="ok" workspace_id="w9" tab_id="w9:t1"
2026-08-26T13:38:46.109108Z  INFO herdr::logging: session saved event="persist.save" subsystem="persist" outcome="ok" path=/home/mbv/.config/herdr/session.json workspaces=3
2026-08-26T13:43:05.642845Z  INFO herdr::logging: tab focused event="tab.focus" subsystem="tab" outcome="ok" workspace_id="w9" tab_id="w9:t4"
2026-08-26T13:43:10.644667Z  INFO herdr::logging: session saved event="persist.save" subsystem="persist" outcome="ok" path=/home/mbv/.config/herdr/session.json workspaces=3
2026-08-26T13:43:12.536084Z  INFO herdr::logging: spawning pane terminal event="pane.spawn.start" subsystem="pane" outcome="started" pane_id=15 rows=74 cols=287 scrollback_limit_bytes=10000000
2026-08-26T13:43:12.538374Z  INFO herdr::logging: pane child spawned event="pane.spawned" subsystem="pane" outcome="ok" pane_id=15 pid=595270
2026-08-26T13:43:12.538484Z  INFO herdr::logging: tab focused event="tab.focus" subsystem="tab" outcome="ok" workspace_id="w9" tab_id="w9:t4"
2026-08-26T13:43:17.540122Z  INFO herdr::logging: session saved event="persist.save" subsystem="persist" outcome="ok" path=/home/mbv/.config/herdr/session.json workspaces=3
2026-08-26T13:43:26.173804Z  INFO herdr::logging: tab focused event="tab.focus" subsystem="tab" outcome="ok" workspace_id="w9" tab_id="w9:t4"
2026-08-26T13:43:27.471189Z  INFO herdr::logging: tab focused event="tab.focus" subsystem="tab" outcome="ok" workspace_id="w9" tab_id="w9:t4"
2026-08-26T13:43:32.473219Z  INFO herdr::logging: session saved event="persist.save" subsystem="persist" outcome="ok" path=/home/mbv/.config/herdr/session.json workspaces=3
2026-08-26T13:43:47.181301Z  INFO herdr::logging: tab focused event="tab.focus" subsystem="tab" outcome="ok" workspace_id="w9" tab_id="w9:t1"
2026-08-26T13:43:52.182662Z  INFO herdr::logging: session saved event="persist.save" subsystem="persist" outcome="ok" path=/home/mbv/.config/herdr/session.json workspaces=3
2026-08-26T13:44:27.947601Z  INFO herdr::logging: tab focused event="tab.focus" subsystem="tab" outcome="ok" workspace_id="w9" tab_id="w9:t4"
2026-08-26T13:44:32.949295Z  INFO herdr::logging: session saved event="persist.save" subsystem="persist" outcome="ok" path=/home/mbv/.config/herdr/session.json workspaces=3
2026-08-26T13:46:02.898979Z  INFO herdr::logging: tab focused event="tab.focus" subsystem="tab" outcome="ok" workspace_id="w9" tab_id="w9:t1"
2026-08-26T13:46:07.900602Z  INFO herdr::logging: session saved event="persist.save" subsystem="persist" outcome="ok" path=/home/mbv/.config/herdr/session.json workspaces=3
2026-08-26T13:50:05.604767Z  INFO herdr::logging: checking for updates event="update.check.start" subsystem="update" outcome="started"
2026-08-26T13:55:55.934641Z  INFO herdr::logging: workspace focused event="workspace.focus" subsystem="workspace" outcome="ok" workspace_id="w8"
2026-08-26T13:55:55.934669Z  INFO herdr::logging: tab focused event="tab.focus" subsystem="tab" outcome="ok" workspace_id="w8" tab_id="w8:t1"
2026-08-26T13:56:00.936861Z  INFO herdr::logging: session saved event="persist.save" subsystem="persist" outcome="ok" path=/home/mbv/.config/herdr/session.json workspaces=3
2026-08-26T13:56:48.017160Z  INFO herdr::logging: tab focused event="tab.focus" subsystem="tab" outcome="ok" workspace_id="w8" tab_id="w8:t1"
2026-08-26T13:56:53.019141Z  INFO herdr::logging: session saved event="persist.save" subsystem="persist" outcome="ok" path=/home/mbv/.config/herdr/session.json workspaces=3
2026-08-26T13:56:54.264145Z  INFO herdr::logging: tab focused event="tab.focus" subsystem="tab" outcome="ok" workspace_id="w8" tab_id="w8:t1"
2026-08-26T13:56:59.266595Z  INFO herdr::logging: session saved event="persist.save" subsystem="persist" outcome="ok" path=/home/mbv/.config/herdr/session.json workspaces=3
2026-08-26T13:57:22.616787Z  INFO herdr::logging: tab focused event="tab.focus" subsystem="tab" outcome="ok" workspace_id="w8" tab_id="w8:t1"
2026-08-26T13:57:27.618544Z  INFO herdr::logging: session saved event="persist.save" subsystem="persist" outcome="ok" path=/home/mbv/.config/herdr/session.json workspaces=3
2026-08-26T13:57:32.681386Z  INFO herdr::logging: tab focused event="tab.focus" subsystem="tab" outcome="ok" workspace_id="w8" tab_id="w8:t1"
2026-08-26T13:57:37.683395Z  INFO herdr::logging: session saved event="persist.save" subsystem="persist" outcome="ok" path=/home/mbv/.config/herdr/session.json workspaces=3
2026-08-26T13:57:49.430238Z  INFO herdr::logging: workspace focused event="workspace.focus" subsystem="workspace" outcome="ok" workspace_id="w9"
2026-08-26T13:57:49.430264Z  INFO herdr::logging: tab focused event="tab.focus" subsystem="tab" outcome="ok" workspace_id="w9" tab_id="w9:t1"
2026-08-26T13:57:54.431133Z  INFO herdr::logging: session saved event="persist.save" subsystem="persist" outcome="ok" path=/home/mbv/.config/herdr/session.json workspaces=3
2026-08-26T13:57:59.223092Z  INFO herdr::logging: tab focused event="tab.focus" subsystem="tab" outcome="ok" workspace_id="w9" tab_id="w9:t2"
2026-08-26T13:58:00.147117Z  INFO herdr::logging: tab focused event="tab.focus" subsystem="tab" outcome="ok" workspace_id="w9" tab_id="w9:t4"
2026-08-26T13:58:02.476121Z  INFO herdr::logging: tab focused event="tab.focus" subsystem="tab" outcome="ok" workspace_id="w9" tab_id="w9:t4"
2026-08-26T13:58:07.477466Z  INFO herdr::logging: session saved event="persist.save" subsystem="persist" outcome="ok" path=/home/mbv/.config/herdr/session.json workspaces=3
2026-08-26T13:58:10.893835Z  INFO herdr::logging: tab focused event="tab.focus" subsystem="tab" outcome="ok" workspace_id="w9" tab_id="w9:t1"
2026-08-26T13:58:15.895329Z  INFO herdr::logging: session saved event="persist.save" subsystem="persist" outcome="ok" path=/home/mbv/.config/herdr/session.json workspaces=3
2026-08-26T14:00:19.575892Z  INFO herdr::logging: tab focused event="tab.focus" subsystem="tab" outcome="ok" workspace_id="w9" tab_id="w9:t2"
2026-08-26T14:00:20.432909Z  INFO herdr::logging: tab focused event="tab.focus" subsystem="tab" outcome="ok" workspace_id="w9" tab_id="w9:t4"
2026-08-26T14:00:25.433368Z  INFO herdr::logging: session saved event="persist.save" subsystem="persist" outcome="ok" path=/home/mbv/.config/herdr/session.json workspaces=3
2026-08-26T14:00:48.802656Z  INFO herdr::logging: spawning pane terminal event="pane.spawn.start" subsystem="pane" outcome="started" pane_id=16 rows=74 cols=144 scrollback_limit_bytes=10000000
2026-08-26T14:00:48.805625Z  INFO herdr::logging: pane child spawned event="pane.spawned" subsystem="pane" outcome="ok" pane_id=16 pid=610980
2026-08-26T14:00:48.805818Z  INFO herdr::logging: tab focused event="tab.focus" subsystem="tab" outcome="ok" workspace_id="w9" tab_id="w9:t5"
2026-08-26T14:00:53.807121Z  INFO herdr::logging: session saved event="persist.save" subsystem="persist" outcome="ok" path=/home/mbv/.config/herdr/session.json workspaces=3
2026-08-26T14:01:10.414790Z  INFO herdr::logging: pane child exited event="pane.exit" subsystem="pane" outcome="completed" pane_id=16 status="ExitStatus { code: 0, signal: None }"
2026-08-26T14:01:10.417453Z  INFO herdr::pane: pane session terminated pane=16 pid=610980 signal=Hangup
2026-08-26T14:01:11.310242Z  INFO herdr::logging: tab focused event="tab.focus" subsystem="tab" outcome="ok" workspace_id="w9" tab_id="w9:t2"
2026-08-26T14:01:11.872152Z  INFO herdr::logging: tab focused event="tab.focus" subsystem="tab" outcome="ok" workspace_id="w9" tab_id="w9:t1"
2026-08-26T14:01:16.873197Z  INFO herdr::logging: session saved event="persist.save" subsystem="persist" outcome="ok" path=/home/mbv/.config/herdr/session.json workspaces=3
2026-08-26T14:02:13.883520Z  INFO herdr::server::headless: client resize client_id=2 cols=154 rows=75 cell_width_px=0 cell_height_px=0
2026-08-26T14:03:34.437854Z  INFO herdr::server::headless: client resize client_id=2 cols=313 rows=75 cell_width_px=0 cell_height_px=0
2026-08-26T14:03:37.896117Z  INFO herdr::logging: tab focused event="tab.focus" subsystem="tab" outcome="ok" workspace_id="w9" tab_id="w9:t2"
2026-08-26T14:03:38.444393Z  INFO herdr::logging: tab focused event="tab.focus" subsystem="tab" outcome="ok" workspace_id="w9" tab_id="w9:t4"
2026-08-26T14:03:43.446507Z  INFO herdr::logging: session saved event="persist.save" subsystem="persist" outcome="ok" path=/home/mbv/.config/herdr/session.json workspaces=3
2026-08-26T14:03:47.340205Z  INFO herdr::logging: tab focused event="tab.focus" subsystem="tab" outcome="ok" workspace_id="w9" tab_id="w9:t1"
2026-08-26T14:03:52.341069Z  INFO herdr::logging: session saved event="persist.save" subsystem="persist" outcome="ok" path=/home/mbv/.config/herdr/session.json workspaces=3
2026-08-26T14:05:29.225309Z  INFO herdr::logging: workspace focused event="workspace.focus" subsystem="workspace" outcome="ok" workspace_id="w8"
2026-08-26T14:05:29.225332Z  INFO herdr::logging: tab focused event="tab.focus" subsystem="tab" outcome="ok" workspace_id="w8" tab_id="w8:t1"
2026-08-26T14:05:33.278087Z  INFO herdr::logging: tab focused event="tab.focus" subsystem="tab" outcome="ok" workspace_id="w8" tab_id="w8:t1"
2026-08-26T14:05:38.280298Z  INFO herdr::logging: session saved event="persist.save" subsystem="persist" outcome="ok" path=/home/mbv/.config/herdr/session.json workspaces=3
2026-08-26T14:05:53.748914Z  INFO herdr::logging: tab focused event="tab.focus" subsystem="tab" outcome="ok" workspace_id="w8" tab_id="w8:t1"
2026-08-26T14:05:57.686679Z  INFO herdr::logging: tab focused event="tab.focus" subsystem="tab" outcome="ok" workspace_id="w8" tab_id="w8:t1"
2026-08-26T14:06:02.688328Z  INFO herdr::logging: session saved event="persist.save" subsystem="persist" outcome="ok" path=/home/mbv/.config/herdr/session.json workspaces=3
2026-08-26T14:06:12.242649Z  INFO herdr::logging: tab focused event="tab.focus" subsystem="tab" outcome="ok" workspace_id="w8" tab_id="w8:t1"
2026-08-26T14:06:17.245670Z  INFO herdr::logging: session saved event="persist.save" subsystem="persist" outcome="ok" path=/home/mbv/.config/herdr/session.json workspaces=3
2026-08-26T14:06:47.729181Z  INFO herdr::logging: spawning pane terminal event="pane.spawn.start" subsystem="pane" outcome="started" pane_id=17 rows=74 cols=144 scrollback_limit_bytes=10000000
2026-08-26T14:06:47.731459Z  INFO herdr::logging: pane child spawned event="pane.spawned" subsystem="pane" outcome="ok" pane_id=17 pid=613919
2026-08-26T14:06:47.731612Z  INFO herdr::logging: tab focused event="tab.focus" subsystem="tab" outcome="ok" workspace_id="w8" tab_id="w8:t1"
2026-08-26T14:06:52.734480Z  INFO herdr::logging: session saved event="persist.save" subsystem="persist" outcome="ok" path=/home/mbv/.config/herdr/session.json workspaces=3
2026-08-26T14:07:02.816219Z  INFO herdr::logging: tab focused event="tab.focus" subsystem="tab" outcome="ok" workspace_id="w8" tab_id="w8:t1"
2026-08-26T14:07:05.136018Z  INFO herdr::logging: tab focused event="tab.focus" subsystem="tab" outcome="ok" workspace_id="w8" tab_id="w8:t1"
2026-08-26T14:07:08.117611Z  INFO herdr::logging: pane child exited event="pane.exit" subsystem="pane" outcome="completed" pane_id=17 status="ExitStatus { code: 0, signal: None }"
2026-08-26T14:07:08.120960Z  INFO herdr::pane: pane session terminated pane=17 pid=613919 signal=Hangup
2026-08-26T14:07:13.122483Z  INFO herdr::logging: session saved event="persist.save" subsystem="persist" outcome="ok" path=/home/mbv/.config/herdr/session.json workspaces=3
2026-08-26T14:10:10.516834Z  INFO herdr::logging: tab focused event="tab.focus" subsystem="tab" outcome="ok" workspace_id="w8" tab_id="w8:t1"
2026-08-26T14:10:15.519408Z  INFO herdr::logging: session saved event="persist.save" subsystem="persist" outcome="ok" path=/home/mbv/.config/herdr/session.json workspaces=3
2026-08-26T14:10:17.013635Z  INFO herdr::logging: workspace focused event="workspace.focus" subsystem="workspace" outcome="ok" workspace_id="w9"
2026-08-26T14:10:17.013667Z  INFO herdr::logging: tab focused event="tab.focus" subsystem="tab" outcome="ok" workspace_id="w9" tab_id="w9:t1"
2026-08-26T14:10:22.015815Z  INFO herdr::logging: session saved event="persist.save" subsystem="persist" outcome="ok" path=/home/mbv/.config/herdr/session.json workspaces=3
2026-08-26T14:10:30.259587Z  INFO herdr::logging: tab focused event="tab.focus" subsystem="tab" outcome="ok" workspace_id="w9" tab_id="w9:t4"
2026-08-26T14:10:31.361467Z  INFO herdr::logging: tab focused event="tab.focus" subsystem="tab" outcome="ok" workspace_id="w9" tab_id="w9:t1"
2026-08-26T14:10:32.445517Z  INFO herdr::logging: tab focused event="tab.focus" subsystem="tab" outcome="ok" workspace_id="w9" tab_id="w9:t2"
2026-08-26T14:10:37.447656Z  INFO herdr::logging: session saved event="persist.save" subsystem="persist" outcome="ok" path=/home/mbv/.config/herdr/session.json workspaces=3
2026-08-26T14:10:43.984613Z  INFO herdr::logging: tab focused event="tab.focus" subsystem="tab" outcome="ok" workspace_id="w9" tab_id="w9:t4"
2026-08-26T14:10:44.702327Z  INFO herdr::logging: tab focused event="tab.focus" subsystem="tab" outcome="ok" workspace_id="w9" tab_id="w9:t4"
2026-08-26T14:10:49.704066Z  INFO herdr::logging: session saved event="persist.save" subsystem="persist" outcome="ok" path=/home/mbv/.config/herdr/session.json workspaces=3
2026-08-26T14:11:03.854109Z  INFO herdr::logging: tab focused event="tab.focus" subsystem="tab" outcome="ok" workspace_id="w9" tab_id="w9:t4"
2026-08-26T14:11:07.871269Z  INFO herdr::logging: tab focused event="tab.focus" subsystem="tab" outcome="ok" workspace_id="w9" tab_id="w9:t2"
2026-08-26T14:11:12.872255Z  INFO herdr::logging: session saved event="persist.save" subsystem="persist" outcome="ok" path=/home/mbv/.config/herdr/session.json workspaces=3
2026-08-26T14:11:17.548922Z  INFO herdr::logging: tab focused event="tab.focus" subsystem="tab" outcome="ok" workspace_id="w9" tab_id="w9:t2"
2026-08-26T14:11:18.941479Z  INFO herdr::logging: tab focused event="tab.focus" subsystem="tab" outcome="ok" workspace_id="w9" tab_id="w9:t4"
2026-08-26T14:11:20.005861Z  INFO herdr::logging: tab focused event="tab.focus" subsystem="tab" outcome="ok" workspace_id="w9" tab_id="w9:t4"
2026-08-26T14:11:25.007432Z  INFO herdr::logging: session saved event="persist.save" subsystem="persist" outcome="ok" path=/home/mbv/.config/herdr/session.json workspaces=3
2026-08-26T14:12:17.951868Z  INFO herdr::logging: tab focused event="tab.focus" subsystem="tab" outcome="ok" workspace_id="w9" tab_id="w9:t4"
2026-08-26T14:12:18.519073Z  INFO herdr::logging: tab focused event="tab.focus" subsystem="tab" outcome="ok" workspace_id="w9" tab_id="w9:t1"
2026-08-26T14:12:20.584378Z  INFO herdr::logging: tab focused event="tab.focus" subsystem="tab" outcome="ok" workspace_id="w9" tab_id="w9:t2"
2026-08-26T14:12:25.586858Z  INFO herdr::logging: session saved event="persist.save" subsystem="persist" outcome="ok" path=/home/mbv/.config/herdr/session.json workspaces=3
2026-08-26T14:12:27.764083Z  INFO herdr::logging: tab focused event="tab.focus" subsystem="tab" outcome="ok" workspace_id="w9" tab_id="w9:t4"
2026-08-26T14:12:29.084118Z  INFO herdr::logging: tab focused event="tab.focus" subsystem="tab" outcome="ok" workspace_id="w9" tab_id="w9:t4"
2026-08-26T14:12:34.085360Z  INFO herdr::logging: session saved event="persist.save" subsystem="persist" outcome="ok" path=/home/mbv/.config/herdr/session.json workspaces=3
2026-08-26T14:12:35.878974Z  INFO herdr::logging: tab focused event="tab.focus" subsystem="tab" outcome="ok" workspace_id="w9" tab_id="w9:t4"
2026-08-26T14:12:40.880103Z  INFO herdr::logging: session saved event="persist.save" subsystem="persist" outcome="ok" path=/home/mbv/.config/herdr/session.json workspaces=3
2026-08-26T14:12:56.501760Z  INFO herdr::logging: tab focused event="tab.focus" subsystem="tab" outcome="ok" workspace_id="w9" tab_id="w9:t1"
2026-08-26T14:12:57.319701Z  INFO herdr::logging: tab focused event="tab.focus" subsystem="tab" outcome="ok" workspace_id="w9" tab_id="w9:t2"
2026-08-26T14:13:02.321341Z  INFO herdr::logging: session saved event="persist.save" subsystem="persist" outcome="ok" path=/home/mbv/.config/herdr/session.json workspaces=3
2026-08-26T14:13:54.870047Z  INFO herdr::logging: tab focused event="tab.focus" subsystem="tab" outcome="ok" workspace_id="w9" tab_id="w9:t4"
2026-08-26T14:13:59.872185Z  INFO herdr::logging: session saved event="persist.save" subsystem="persist" outcome="ok" path=/home/mbv/.config/herdr/session.json workspaces=3
2026-08-26T14:14:15.797833Z  INFO herdr::pane: agent changed pane=14 previous_agent=None agent=Some(OpenCode) process=opencode pgid=Some(649580)
2026-08-26T14:14:55.332912Z  INFO herdr::logging: workspace focused event="workspace.focus" subsystem="workspace" outcome="ok" workspace_id="w8"
2026-08-26T14:14:55.332941Z  INFO herdr::logging: tab focused event="tab.focus" subsystem="tab" outcome="ok" workspace_id="w8" tab_id="w8:t1"
2026-08-26T14:15:00.333955Z  INFO herdr::logging: session saved event="persist.save" subsystem="persist" outcome="ok" path=/home/mbv/.config/herdr/session.json workspaces=3
2026-08-26T14:15:17.920891Z  INFO herdr::logging: tab focused event="tab.focus" subsystem="tab" outcome="ok" workspace_id="w8" tab_id="w8:t2"
2026-08-26T14:15:18.877791Z  INFO herdr::logging: tab focused event="tab.focus" subsystem="tab" outcome="ok" workspace_id="w8" tab_id="w8:t1"
2026-08-26T14:15:20.019790Z  INFO herdr::logging: workspace focused event="workspace.focus" subsystem="workspace" outcome="ok" workspace_id="w9"
2026-08-26T14:15:20.019819Z  INFO herdr::logging: tab focused event="tab.focus" subsystem="tab" outcome="ok" workspace_id="w9" tab_id="w9:t4"
2026-08-26T14:15:25.021502Z  INFO herdr::logging: session saved event="persist.save" subsystem="persist" outcome="ok" path=/home/mbv/.config/herdr/session.json workspaces=3
2026-08-26T14:17:06.268525Z  INFO herdr::logging: tab focused event="tab.focus" subsystem="tab" outcome="ok" workspace_id="w9" tab_id="w9:t4"
2026-08-26T14:17:11.270146Z  INFO herdr::logging: session saved event="persist.save" subsystem="persist" outcome="ok" path=/home/mbv/.config/herdr/session.json workspaces=3
2026-08-26T14:17:27.943029Z  INFO herdr::logging: tab focused event="tab.focus" subsystem="tab" outcome="ok" workspace_id="w9" tab_id="w9:t4"
2026-08-26T14:17:32.944667Z  INFO herdr::logging: session saved event="persist.save" subsystem="persist" outcome="ok" path=/home/mbv/.config/herdr/session.json workspaces=3
2026-08-26T14:20:05.606466Z  INFO herdr::logging: checking for updates event="update.check.start" subsystem="update" outcome="started"
2026-08-26T14:25:23.065001Z  INFO herdr::logging: tab focused event="tab.focus" subsystem="tab" outcome="ok" workspace_id="w9" tab_id="w9:t4"
2026-08-26T14:25:28.066353Z  INFO herdr::logging: session saved event="persist.save" subsystem="persist" outcome="ok" path=/home/mbv/.config/herdr/session.json workspaces=3
2026-08-26T14:25:29.811834Z  INFO herdr::logging: tab focused event="tab.focus" subsystem="tab" outcome="ok" workspace_id="w9" tab_id="w9:t4"
2026-08-26T14:25:34.813035Z  INFO herdr::logging: session saved event="persist.save" subsystem="persist" outcome="ok" path=/home/mbv/.config/herdr/session.json workspaces=3
2026-08-26T14:26:42.365698Z  INFO herdr::logging: tab focused event="tab.focus" subsystem="tab" outcome="ok" workspace_id="w9" tab_id="w9:t4"
2026-08-26T14:26:47.367643Z  INFO herdr::logging: session saved event="persist.save" subsystem="persist" outcome="ok" path=/home/mbv/.config/herdr/session.json workspaces=3
2026-08-26T14:26:48.431411Z  INFO herdr::logging: tab focused event="tab.focus" subsystem="tab" outcome="ok" workspace_id="w9" tab_id="w9:t4"
2026-08-26T14:26:53.433854Z  INFO herdr::logging: session saved event="persist.save" subsystem="persist" outcome="ok" path=/home/mbv/.config/herdr/session.json workspaces=3
2026-08-26T14:27:37.652079Z  INFO herdr::logging: tab focused event="tab.focus" subsystem="tab" outcome="ok" workspace_id="w9" tab_id="w9:t4"
2026-08-26T14:27:40.436847Z  INFO herdr::logging: spawning pane terminal event="pane.spawn.start" subsystem="pane" outcome="started" pane_id=18 rows=74 cols=144 scrollback_limit_bytes=10000000
2026-08-26T14:27:40.439183Z  INFO herdr::logging: pane child spawned event="pane.spawned" subsystem="pane" outcome="ok" pane_id=18 pid=655844
2026-08-26T14:27:40.439363Z  INFO herdr::logging: tab focused event="tab.focus" subsystem="tab" outcome="ok" workspace_id="w9" tab_id="w9:t4"
2026-08-26T14:27:45.441479Z  INFO herdr::logging: session saved event="persist.save" subsystem="persist" outcome="ok" path=/home/mbv/.config/herdr/session.json workspaces=3
2026-08-26T14:28:08.556565Z  INFO herdr::logging: tab focused event="tab.focus" subsystem="tab" outcome="ok" workspace_id="w9" tab_id="w9:t4"
2026-08-26T14:28:11.617494Z  INFO herdr::logging: tab focused event="tab.focus" subsystem="tab" outcome="ok" workspace_id="w9" tab_id="w9:t4"
2026-08-26T14:28:12.025543Z  INFO herdr::logging: tab focused event="tab.focus" subsystem="tab" outcome="ok" workspace_id="w9" tab_id="w9:t4"
2026-08-26T14:28:17.026977Z  INFO herdr::logging: session saved event="persist.save" subsystem="persist" outcome="ok" path=/home/mbv/.config/herdr/session.json workspaces=3
2026-08-26T14:28:40.038439Z  INFO herdr::logging: tab focused event="tab.focus" subsystem="tab" outcome="ok" workspace_id="w9" tab_id="w9:t4"
2026-08-26T14:28:45.040887Z  INFO herdr::logging: session saved event="persist.save" subsystem="persist" outcome="ok" path=/home/mbv/.config/herdr/session.json workspaces=3
2026-08-26T14:30:22.995583Z  INFO herdr::logging: tab focused event="tab.focus" subsystem="tab" outcome="ok" workspace_id="w9" tab_id="w9:t4"
2026-08-26T14:30:27.997402Z  INFO herdr::logging: session saved event="persist.save" subsystem="persist" outcome="ok" path=/home/mbv/.config/herdr/session.json workspaces=3
2026-08-26T14:50:05.607378Z  INFO herdr::logging: checking for updates event="update.check.start" subsystem="update" outcome="started"
2026-08-26T15:08:11.615447Z  INFO herdr::logging: tab focused event="tab.focus" subsystem="tab" outcome="ok" workspace_id="w9" tab_id="w9:t4"
2026-08-26T15:08:15.511617Z  INFO herdr::logging: tab focused event="tab.focus" subsystem="tab" outcome="ok" workspace_id="w9" tab_id="w9:t4"
2026-08-26T15:08:17.681424Z  INFO herdr::logging: tab focused event="tab.focus" subsystem="tab" outcome="ok" workspace_id="w9" tab_id="w9:t4"
2026-08-26T15:08:22.683268Z  INFO herdr::logging: session saved event="persist.save" subsystem="persist" outcome="ok" path=/home/mbv/.config/herdr/session.json workspaces=3
2026-08-26T15:08:23.243286Z  INFO herdr::logging: tab focused event="tab.focus" subsystem="tab" outcome="ok" workspace_id="w9" tab_id="w9:t4"
2026-08-26T15:08:25.835228Z  INFO herdr::logging: tab focused event="tab.focus" subsystem="tab" outcome="ok" workspace_id="w9" tab_id="w9:t4"
2026-08-26T15:08:30.836529Z  INFO herdr::logging: session saved event="persist.save" subsystem="persist" outcome="ok" path=/home/mbv/.config/herdr/session.json workspaces=3
2026-08-26T15:08:45.002824Z  INFO herdr::logging: tab focused event="tab.focus" subsystem="tab" outcome="ok" workspace_id="w9" tab_id="w9:t4"
2026-08-26T15:08:50.004579Z  INFO herdr::logging: session saved event="persist.save" subsystem="persist" outcome="ok" path=/home/mbv/.config/herdr/session.json workspaces=3
2026-08-26T15:10:29.602139Z  INFO herdr::logging: tab focused event="tab.focus" subsystem="tab" outcome="ok" workspace_id="w9" tab_id="w9:t2"
2026-08-26T15:10:30.853206Z  INFO herdr::logging: tab focused event="tab.focus" subsystem="tab" outcome="ok" workspace_id="w9" tab_id="w9:t1"
2026-08-26T15:10:32.013053Z  INFO herdr::logging: tab focused event="tab.focus" subsystem="tab" outcome="ok" workspace_id="w9" tab_id="w9:t2"
2026-08-26T15:10:37.014201Z  INFO herdr::logging: session saved event="persist.save" subsystem="persist" outcome="ok" path=/home/mbv/.config/herdr/session.json workspaces=3
2026-08-26T15:10:37.293711Z  INFO herdr::logging: tab focused event="tab.focus" subsystem="tab" outcome="ok" workspace_id="w9" tab_id="w9:t4"
2026-08-26T15:10:38.504067Z  INFO herdr::logging: tab focused event="tab.focus" subsystem="tab" outcome="ok" workspace_id="w9" tab_id="w9:t4"
2026-08-26T15:10:38.923916Z  INFO herdr::logging: tab focused event="tab.focus" subsystem="tab" outcome="ok" workspace_id="w9" tab_id="w9:t4"
2026-08-26T15:10:43.925472Z  INFO herdr::logging: session saved event="persist.save" subsystem="persist" outcome="ok" path=/home/mbv/.config/herdr/session.json workspaces=3
2026-08-26T15:11:03.627054Z  INFO herdr::logging: tab focused event="tab.focus" subsystem="tab" outcome="ok" workspace_id="w9" tab_id="w9:t4"
2026-08-26T15:11:05.592777Z  INFO herdr::logging: tab focused event="tab.focus" subsystem="tab" outcome="ok" workspace_id="w9" tab_id="w9:t4"
2026-08-26T15:11:10.594695Z  INFO herdr::logging: session saved event="persist.save" subsystem="persist" outcome="ok" path=/home/mbv/.config/herdr/session.json workspaces=3
2026-08-26T15:11:29.342592Z  INFO herdr::logging: tab focused event="tab.focus" subsystem="tab" outcome="ok" workspace_id="w9" tab_id="w9:t4"
2026-08-26T15:11:34.344016Z  INFO herdr::logging: session saved event="persist.save" subsystem="persist" outcome="ok" path=/home/mbv/.config/herdr/session.json workspaces=3
2026-08-26T15:13:24.265842Z  INFO herdr::logging: tab focused event="tab.focus" subsystem="tab" outcome="ok" workspace_id="w9" tab_id="w9:t4"
2026-08-26T15:13:29.267138Z  INFO herdr::logging: session saved event="persist.save" subsystem="persist" outcome="ok" path=/home/mbv/.config/herdr/session.json workspaces=3
2026-08-26T15:16:13.714090Z  INFO herdr::logging: tab focused event="tab.focus" subsystem="tab" outcome="ok" workspace_id="w9" tab_id="w9:t4"
2026-08-26T15:16:18.716126Z  INFO herdr::logging: session saved event="persist.save" subsystem="persist" outcome="ok" path=/home/mbv/.config/herdr/session.json workspaces=3
2026-08-26T15:19:04.168552Z  INFO herdr::logging: tab focused event="tab.focus" subsystem="tab" outcome="ok" workspace_id="w9" tab_id="w9:t4"
2026-08-26T15:19:09.170162Z  INFO herdr::logging: session saved event="persist.save" subsystem="persist" outcome="ok" path=/home/mbv/.config/herdr/session.json workspaces=3
2026-08-26T15:20:05.608346Z  INFO herdr::logging: checking for updates event="update.check.start" subsystem="update" outcome="started"
2026-08-26T15:20:17.051152Z  INFO herdr::logging: tab focused event="tab.focus" subsystem="tab" outcome="ok" workspace_id="w9" tab_id="w9:t2"
2026-08-26T15:20:21.619727Z  INFO herdr::pane: agent changed pane=12 previous_agent=None agent=Some(OpenCode) process=opencode pgid=Some(668183)
2026-08-26T15:20:22.052534Z  INFO herdr::logging: session saved event="persist.save" subsystem="persist" outcome="ok" path=/home/mbv/.config/herdr/session.json workspaces=3
2026-08-26T15:20:41.268701Z  INFO herdr::logging: tab focused event="tab.focus" subsystem="tab" outcome="ok" workspace_id="w9" tab_id="w9:t2"
2026-08-26T15:20:41.737705Z  INFO herdr::logging: tab focused event="tab.focus" subsystem="tab" outcome="ok" workspace_id="w9" tab_id="w9:t4"
2026-08-26T15:20:44.881486Z  INFO herdr::logging: tab focused event="tab.focus" subsystem="tab" outcome="ok" workspace_id="w9" tab_id="w9:t2"
2026-08-26T15:20:49.883493Z  INFO herdr::logging: session saved event="persist.save" subsystem="persist" outcome="ok" path=/home/mbv/.config/herdr/session.json workspaces=3
2026-08-26T15:21:03.974384Z  INFO herdr::logging: tab focused event="tab.focus" subsystem="tab" outcome="ok" workspace_id="w9" tab_id="w9:t2"
2026-08-26T15:21:04.546015Z  INFO herdr::logging: tab focused event="tab.focus" subsystem="tab" outcome="ok" workspace_id="w9" tab_id="w9:t4"
2026-08-26T15:21:09.546953Z  INFO herdr::logging: session saved event="persist.save" subsystem="persist" outcome="ok" path=/home/mbv/.config/herdr/session.json workspaces=3
2026-08-26T15:23:45.358220Z  INFO herdr::logging: tab focused event="tab.focus" subsystem="tab" outcome="ok" workspace_id="w9" tab_id="w9:t2"
2026-08-26T15:23:50.359702Z  INFO herdr::logging: session saved event="persist.save" subsystem="persist" outcome="ok" path=/home/mbv/.config/herdr/session.json workspaces=3
2026-08-26T15:23:59.631941Z  INFO herdr::logging: tab focused event="tab.focus" subsystem="tab" outcome="ok" workspace_id="w9" tab_id="w9:t4"
2026-08-26T15:24:04.633268Z  INFO herdr::logging: session saved event="persist.save" subsystem="persist" outcome="ok" path=/home/mbv/.config/herdr/session.json workspaces=3
2026-08-26T15:24:11.774749Z  INFO herdr::logging: tab focused event="tab.focus" subsystem="tab" outcome="ok" workspace_id="w9" tab_id="w9:t2"
2026-08-26T15:24:16.721828Z  INFO herdr::logging: tab focused event="tab.focus" subsystem="tab" outcome="ok" workspace_id="w9" tab_id="w9:t2"
2026-08-26T15:24:18.528674Z  INFO herdr::logging: tab focused event="tab.focus" subsystem="tab" outcome="ok" workspace_id="w9" tab_id="w9:t4"
2026-08-26T15:24:21.192585Z  INFO herdr::logging: tab focused event="tab.focus" subsystem="tab" outcome="ok" workspace_id="w9" tab_id="w9:t2"
2026-08-26T15:24:26.194037Z  INFO herdr::logging: session saved event="persist.save" subsystem="persist" outcome="ok" path=/home/mbv/.config/herdr/session.json workspaces=3
2026-08-26T15:24:27.700463Z  INFO herdr::logging: tab focused event="tab.focus" subsystem="tab" outcome="ok" workspace_id="w9" tab_id="w9:t4"
2026-08-26T15:24:32.702515Z  INFO herdr::logging: session saved event="persist.save" subsystem="persist" outcome="ok" path=/home/mbv/.config/herdr/session.json workspaces=3
2026-08-26T15:26:40.715161Z  INFO herdr::logging: tab focused event="tab.focus" subsystem="tab" outcome="ok" workspace_id="w9" tab_id="w9:t4"
2026-08-26T15:26:45.716902Z  INFO herdr::logging: session saved event="persist.save" subsystem="persist" outcome="ok" path=/home/mbv/.config/herdr/session.json workspaces=3
2026-08-26T15:30:07.168451Z  INFO herdr::logging: tab focused event="tab.focus" subsystem="tab" outcome="ok" workspace_id="w9" tab_id="w9:t4"
2026-08-26T15:30:12.170314Z  INFO herdr::logging: session saved event="persist.save" subsystem="persist" outcome="ok" path=/home/mbv/.config/herdr/session.json workspaces=3
2026-08-26T15:30:21.735454Z  INFO herdr::logging: tab focused event="tab.focus" subsystem="tab" outcome="ok" workspace_id="w9" tab_id="w9:t4"
2026-08-26T15:30:22.073591Z  INFO herdr::logging: tab focused event="tab.focus" subsystem="tab" outcome="ok" workspace_id="w9" tab_id="w9:t4"
2026-08-26T15:30:22.298555Z  INFO herdr::logging: tab focused event="tab.focus" subsystem="tab" outcome="ok" workspace_id="w9" tab_id="w9:t4"
2026-08-26T15:30:25.211404Z  INFO herdr::logging: tab focused event="tab.focus" subsystem="tab" outcome="ok" workspace_id="w9" tab_id="w9:t4"
2026-08-26T15:30:27.265298Z  INFO herdr::logging: tab focused event="tab.focus" subsystem="tab" outcome="ok" workspace_id="w9" tab_id="w9:t4"
2026-08-26T15:30:32.271976Z  INFO herdr::logging: session saved event="persist.save" subsystem="persist" outcome="ok" path=/home/mbv/.config/herdr/session.json workspaces=3
2026-08-26T15:31:51.382896Z  INFO herdr::server::headless: client detached client_id=2
2026-08-26T15:31:51.383069Z  INFO herdr::server::headless: client disconnected client_id=2
2026-08-26T15:31:52.016028Z  INFO herdr::server::headless: server shutdown initiated
2026-08-26T15:31:52.066123Z  INFO herdr::server::headless: completing server shutdown
2026-08-26T15:31:52.066367Z  INFO herdr::logging: session saved event="persist.save" subsystem="persist" outcome="ok" path=/home/mbv/.config/herdr/session.json workspaces=3
2026-08-26T15:31:52.066381Z  INFO herdr::server::headless: headless server exiting
2026-08-26T15:31:52.066932Z  INFO herdr::logging: pane child exited event="pane.exit" subsystem="pane" outcome="completed" pane_id=2 status="ExitStatus { code: 1, signal: Some(\"Hangup\") }"
2026-08-26T15:31:52.071704Z  INFO herdr::pane: pane session terminated pane=2 pid=6250 signal=Hangup
2026-08-26T15:31:52.072484Z  INFO herdr::logging: pane child exited event="pane.exit" subsystem="pane" outcome="completed" pane_id=4 status="ExitStatus { code: 1, signal: Some(\"Hangup\") }"
2026-08-26T15:31:52.076603Z  INFO herdr::pane: pane session terminated pane=4 pid=6256 signal=Hangup
2026-08-26T15:31:52.077275Z  INFO herdr::logging: pane child exited event="pane.exit" subsystem="pane" outcome="completed" pane_id=1 status="ExitStatus { code: 1, signal: Some(\"Hangup\") }"
2026-08-26T15:31:52.082310Z  INFO herdr::pane: pane session terminated pane=1 pid=6247 signal=Hangup
2026-08-26T15:31:52.082889Z  INFO herdr::logging: pane child exited event="pane.exit" subsystem="pane" outcome="completed" pane_id=14 status="ExitStatus { code: 1, signal: Some(\"Hangup\") }"
2026-08-26T15:31:52.167837Z  INFO herdr::pane: pane session terminated pane=14 pid=594001 signal=Hangup
2026-08-26T15:31:52.168447Z  INFO herdr::logging: pane child exited event="pane.exit" subsystem="pane" outcome="completed" pane_id=18 status="ExitStatus { code: 1, signal: Some(\"Hangup\") }"
2026-08-26T15:31:52.172739Z  INFO herdr::pane: pane session terminated pane=18 pid=655844 signal=Hangup
2026-08-26T15:31:52.173437Z  INFO herdr::logging: pane child exited event="pane.exit" subsystem="pane" outcome="completed" pane_id=7 status="ExitStatus { code: 1, signal: Some(\"Hangup\") }"
2026-08-26T15:31:52.177341Z  INFO herdr::pane: pane session terminated pane=7 pid=6265 signal=Hangup
2026-08-26T15:31:52.177896Z  INFO herdr::logging: pane child exited event="pane.exit" subsystem="pane" outcome="completed" pane_id=5 status="ExitStatus { code: 1, signal: Some(\"Hangup\") }"
2026-08-26T15:31:52.181624Z  INFO herdr::pane: pane session terminated pane=5 pid=6259 signal=Hangup
2026-08-26T15:31:52.182093Z  INFO herdr::logging: pane child exited event="pane.exit" subsystem="pane" outcome="completed" pane_id=3 status="ExitStatus { code: 1, signal: Some(\"Hangup\") }"
2026-08-26T15:31:52.185574Z  INFO herdr::pane: pane session terminated pane=3 pid=6253 signal=Hangup
2026-08-26T15:31:52.186173Z  INFO herdr::logging: pane child exited event="pane.exit" subsystem="pane" outcome="completed" pane_id=6 status="ExitStatus { code: 1, signal: Some(\"Hangup\") }"
2026-08-26T15:31:52.189550Z  INFO herdr::pane: pane session terminated pane=6 pid=6262 signal=Hangup
2026-08-26T15:31:52.190096Z  INFO herdr::logging: pane child exited event="pane.exit" subsystem="pane" outcome="completed" pane_id=11 status="ExitStatus { code: 1, signal: Some(\"Hangup\") }"
2026-08-26T15:31:52.193432Z  INFO herdr::pane: pane session terminated pane=11 pid=505818 signal=Hangup
2026-08-26T15:31:52.194128Z  INFO herdr::logging: pane child exited event="pane.exit" subsystem="pane" outcome="completed" pane_id=12 status="ExitStatus { code: 1, signal: Some(\"Hangup\") }"
2026-08-26T15:31:52.197670Z  INFO herdr::pane: pane session terminated pane=12 pid=516030 signal=Hangup
2026-08-26T15:31:52.198320Z  INFO herdr::logging: pane child exited event="pane.exit" subsystem="pane" outcome="completed" pane_id=15 status="ExitStatus { code: 1, signal: Some(\"Hangup\") }"
2026-08-26T15:31:52.201590Z  INFO herdr::pane: pane session terminated pane=15 pid=595270 signal=Hangup
2026-08-26T15:31:52.202715Z  INFO herdr::logging: herdr exiting event="app.shutdown" subsystem="server" outcome="completed" pid=6213
2026-08-26T15:37:49.631802Z  INFO herdr::api::server: api server listening path=/home/mbv/.config/herdr/herdr.sock
2026-08-26T15:37:49.633274Z  INFO herdr::logging: spawning pane terminal event="pane.spawn.start" subsystem="pane" outcome="started" pane_id=1 rows=24 cols=80 scrollback_limit_bytes=10000000
2026-08-26T15:37:49.634160Z  INFO herdr::logging: pane child spawned event="pane.spawned" subsystem="pane" outcome="ok" pane_id=1 pid=4329
2026-08-26T15:37:49.634291Z  INFO herdr::logging: spawning pane terminal event="pane.spawn.start" subsystem="pane" outcome="started" pane_id=2 rows=24 cols=80 scrollback_limit_bytes=10000000
2026-08-26T15:37:49.635015Z  INFO herdr::logging: pane child spawned event="pane.spawned" subsystem="pane" outcome="ok" pane_id=2 pid=4332
2026-08-26T15:37:49.635153Z  INFO herdr::logging: spawning pane terminal event="pane.spawn.start" subsystem="pane" outcome="started" pane_id=3 rows=24 cols=80 scrollback_limit_bytes=10000000
2026-08-26T15:37:49.635938Z  INFO herdr::logging: pane child spawned event="pane.spawned" subsystem="pane" outcome="ok" pane_id=3 pid=4335
2026-08-26T15:37:49.636732Z  INFO herdr::logging: spawning pane terminal event="pane.spawn.start" subsystem="pane" outcome="started" pane_id=4 rows=24 cols=80 scrollback_limit_bytes=10000000
2026-08-26T15:37:49.637546Z  INFO herdr::logging: pane child spawned event="pane.spawned" subsystem="pane" outcome="ok" pane_id=4 pid=4339
2026-08-26T15:37:49.637847Z  INFO herdr::logging: spawning pane terminal event="pane.spawn.start" subsystem="pane" outcome="started" pane_id=5 rows=24 cols=80 scrollback_limit_bytes=10000000
2026-08-26T15:37:49.638598Z  INFO herdr::logging: pane child spawned event="pane.spawned" subsystem="pane" outcome="ok" pane_id=5 pid=4342
2026-08-26T15:37:49.638721Z  INFO herdr::logging: spawning pane terminal event="pane.spawn.start" subsystem="pane" outcome="started" pane_id=6 rows=24 cols=80 scrollback_limit_bytes=10000000
2026-08-26T15:37:49.639564Z  INFO herdr::logging: pane child spawned event="pane.spawned" subsystem="pane" outcome="ok" pane_id=6 pid=4350
2026-08-26T15:37:49.639749Z  INFO herdr::logging: spawning pane terminal event="pane.spawn.start" subsystem="pane" outcome="started" pane_id=7 rows=24 cols=80 scrollback_limit_bytes=10000000
2026-08-26T15:37:49.640679Z  INFO herdr::logging: pane child spawned event="pane.spawned" subsystem="pane" outcome="ok" pane_id=7 pid=4353
2026-08-26T15:37:49.641573Z  INFO herdr::logging: spawning pane terminal event="pane.spawn.start" subsystem="pane" outcome="started" pane_id=8 rows=24 cols=80 scrollback_limit_bytes=10000000
2026-08-26T15:37:49.642502Z  INFO herdr::logging: pane child spawned event="pane.spawned" subsystem="pane" outcome="ok" pane_id=8 pid=4356
2026-08-26T15:37:49.642641Z  INFO herdr::logging: spawning pane terminal event="pane.spawn.start" subsystem="pane" outcome="started" pane_id=9 rows=24 cols=80 scrollback_limit_bytes=10000000
2026-08-26T15:37:49.643549Z  INFO herdr::logging: pane child spawned event="pane.spawned" subsystem="pane" outcome="ok" pane_id=9 pid=4361
2026-08-26T15:37:49.644414Z  INFO herdr::logging: spawning pane terminal event="pane.spawn.start" subsystem="pane" outcome="started" pane_id=10 rows=24 cols=80 scrollback_limit_bytes=10000000
2026-08-26T15:37:49.645417Z  INFO herdr::logging: pane child spawned event="pane.spawned" subsystem="pane" outcome="ok" pane_id=10 pid=4365
2026-08-26T15:37:49.645597Z  INFO herdr::logging: spawning pane terminal event="pane.spawn.start" subsystem="pane" outcome="started" pane_id=11 rows=24 cols=80 scrollback_limit_bytes=10000000
2026-08-26T15:37:49.646530Z  INFO herdr::logging: pane child spawned event="pane.spawned" subsystem="pane" outcome="ok" pane_id=11 pid=4388
2026-08-26T15:37:49.646679Z  INFO herdr::logging: spawning pane terminal event="pane.spawn.start" subsystem="pane" outcome="started" pane_id=12 rows=24 cols=80 scrollback_limit_bytes=10000000
2026-08-26T15:37:49.647713Z  INFO herdr::logging: pane child spawned event="pane.spawned" subsystem="pane" outcome="ok" pane_id=12 pid=4408
2026-08-26T15:37:49.648165Z  INFO herdr::logging: session restore evaluated event="persist.restore" subsystem="persist" outcome="ok" workspaces=3
2026-08-26T15:37:49.648185Z  INFO herdr::app: using pane scrollback configuration pane_scrollback_limit_bytes=10000000
2026-08-26T15:37:49.674026Z  INFO herdr::logging: checking for updates event="update.check.start" subsystem="update" outcome="started"
2026-08-26T15:37:49.675688Z  INFO herdr::server::headless: restored session already has workspaces; ignoring startup cwd cwd=/home/mbv
2026-08-26T15:37:49.676214Z  INFO herdr::server::headless: client protocol socket listening path=/home/mbv/.config/herdr/herdr-client.sock
2026-08-26T15:37:49.676256Z  INFO herdr::server::headless: herdr server started api_socket=/home/mbv/.config/herdr/herdr.sock client_socket=/home/mbv/.config/herdr/herdr-client.sock
2026-08-26T15:37:49.676451Z  INFO herdr::logging: herdr starting event="app.startup" subsystem="server" outcome="started" pid=4295
2026-08-26T15:37:49.681516Z  INFO herdr::server::headless: client connected client_id=2 cols=313 rows=75 cell_width_px=0 cell_height_px=0 render_encoding=SemanticFrame
2026-08-26T15:37:52.210409Z  INFO herdr::logging: tab focused event="tab.focus" subsystem="tab" outcome="ok" workspace_id="w9" tab_id="w9:t2"
2026-08-26T15:37:53.482641Z  INFO herdr::logging: tab focused event="tab.focus" subsystem="tab" outcome="ok" workspace_id="w9" tab_id="w9:t2"
2026-08-26T15:37:54.549641Z  INFO herdr::logging: tab focused event="tab.focus" subsystem="tab" outcome="ok" workspace_id="w9" tab_id="w9:t4"
2026-08-26T15:37:55.929450Z  INFO herdr::logging: tab focused event="tab.focus" subsystem="tab" outcome="ok" workspace_id="w9" tab_id="w9:t2"
2026-08-26T15:37:57.150389Z  INFO herdr::logging: tab focused event="tab.focus" subsystem="tab" outcome="ok" workspace_id="w9" tab_id="w9:t2"
2026-08-26T15:37:58.118239Z  INFO herdr::logging: tab focused event="tab.focus" subsystem="tab" outcome="ok" workspace_id="w9" tab_id="w9:t4"
2026-08-26T15:37:58.918427Z  INFO herdr::logging: tab focused event="tab.focus" subsystem="tab" outcome="ok" workspace_id="w9" tab_id="w9:t4"
2026-08-26T15:37:59.989888Z  INFO herdr::logging: tab focused event="tab.focus" subsystem="tab" outcome="ok" workspace_id="w9" tab_id="w9:t4"
2026-08-26T15:38:04.992478Z  INFO herdr::logging: session saved event="persist.save" subsystem="persist" outcome="ok" path=/home/mbv/.config/herdr/session.json workspaces=3
2026-08-26T15:38:38.005077Z  INFO herdr::logging: tab focused event="tab.focus" subsystem="tab" outcome="ok" workspace_id="w9" tab_id="w9:t4"
2026-08-26T15:38:40.855572Z  INFO herdr::pane: agent changed pane=10 previous_agent=None agent=Some(OpenCode) process=opencode pgid=Some(7028)
2026-08-26T15:38:43.006903Z  INFO herdr::logging: session saved event="persist.save" subsystem="persist" outcome="ok" path=/home/mbv/.config/herdr/session.json workspaces=3
2026-08-26T15:38:51.869436Z  INFO herdr::logging: tab focused event="tab.focus" subsystem="tab" outcome="ok" workspace_id="w9" tab_id="w9:t4"
2026-08-26T15:38:56.870581Z  INFO herdr::logging: session saved event="persist.save" subsystem="persist" outcome="ok" path=/home/mbv/.config/herdr/session.json workspaces=3
2026-08-26T15:40:52.829290Z  INFO herdr::logging: tab focused event="tab.focus" subsystem="tab" outcome="ok" workspace_id="w9" tab_id="w9:t4"
2026-08-26T15:40:52.833290Z  INFO herdr::logging: tab focused event="tab.focus" subsystem="tab" outcome="ok" workspace_id="w9" tab_id="w9:t4"
2026-08-26T15:40:57.843172Z  INFO herdr::logging: session saved event="persist.save" subsystem="persist" outcome="ok" path=/home/mbv/.config/herdr/session.json workspaces=3
2026-08-26T15:48:09.857646Z  INFO herdr::logging: tab focused event="tab.focus" subsystem="tab" outcome="ok" workspace_id="w9" tab_id="w9:t4"
2026-08-26T15:48:14.859150Z  INFO herdr::logging: session saved event="persist.save" subsystem="persist" outcome="ok" path=/home/mbv/.config/herdr/session.json workspaces=3
2026-08-26T15:48:29.589782Z  INFO herdr::logging: tab focused event="tab.focus" subsystem="tab" outcome="ok" workspace_id="w9" tab_id="w9:t4"
2026-08-26T15:48:34.591947Z  INFO herdr::logging: session saved event="persist.save" subsystem="persist" outcome="ok" path=/home/mbv/.config/herdr/session.json workspaces=3
2026-08-26T15:48:38.407574Z  INFO herdr::logging: tab focused event="tab.focus" subsystem="tab" outcome="ok" workspace_id="w9" tab_id="w9:t4"
2026-08-26T15:48:41.589928Z  INFO herdr::logging: tab focused event="tab.focus" subsystem="tab" outcome="ok" workspace_id="w9" tab_id="w9:t4"
2026-08-26T15:48:46.592430Z  INFO herdr::logging: session saved event="persist.save" subsystem="persist" outcome="ok" path=/home/mbv/.config/herdr/session.json workspaces=3
2026-08-26T15:52:16.426632Z  INFO herdr::logging: tab focused event="tab.focus" subsystem="tab" outcome="ok" workspace_id="w9" tab_id="w9:t2"
2026-08-26T15:52:19.142638Z  INFO herdr::pane: agent changed pane=9 previous_agent=None agent=Some(OpenCode) process=opencode pgid=Some(11007)
2026-08-26T15:52:21.427937Z  INFO herdr::logging: session saved event="persist.save" subsystem="persist" outcome="ok" path=/home/mbv/.config/herdr/session.json workspaces=3
2026-08-26T15:53:36.204469Z  INFO herdr::logging: tab focused event="tab.focus" subsystem="tab" outcome="ok" workspace_id="w9" tab_id="w9:t4"
2026-08-26T15:53:41.206250Z  INFO herdr::logging: session saved event="persist.save" subsystem="persist" outcome="ok" path=/home/mbv/.config/herdr/session.json workspaces=3
2026-08-26T15:54:21.163398Z  INFO herdr::logging: tab focused event="tab.focus" subsystem="tab" outcome="ok" workspace_id="w9" tab_id="w9:t2"
2026-08-26T15:54:26.164014Z  INFO herdr::logging: session saved event="persist.save" subsystem="persist" outcome="ok" path=/home/mbv/.config/herdr/session.json workspaces=3
2026-08-26T15:56:30.848078Z  INFO herdr::logging: tab focused event="tab.focus" subsystem="tab" outcome="ok" workspace_id="w9" tab_id="w9:t4"
2026-08-26T15:56:35.849264Z  INFO herdr::logging: session saved event="persist.save" subsystem="persist" outcome="ok" path=/home/mbv/.config/herdr/session.json workspaces=3
2026-08-26T15:58:19.781009Z  INFO herdr::logging: tab focused event="tab.focus" subsystem="tab" outcome="ok" workspace_id="w9" tab_id="w9:t2"
2026-08-26T15:58:24.783253Z  INFO herdr::logging: session saved event="persist.save" subsystem="persist" outcome="ok" path=/home/mbv/.config/herdr/session.json workspaces=3
2026-08-26T15:59:00.278738Z  INFO herdr::logging: tab focused event="tab.focus" subsystem="tab" outcome="ok" workspace_id="w9" tab_id="w9:t4"
2026-08-26T15:59:05.279705Z  INFO herdr::logging: session saved event="persist.save" subsystem="persist" outcome="ok" path=/home/mbv/.config/herdr/session.json workspaces=3
2026-08-26T15:59:29.469644Z  INFO herdr::logging: tab focused event="tab.focus" subsystem="tab" outcome="ok" workspace_id="w9" tab_id="w9:t4"
2026-08-26T15:59:34.471046Z  INFO herdr::logging: session saved event="persist.save" subsystem="persist" outcome="ok" path=/home/mbv/.config/herdr/session.json workspaces=3
2026-08-26T16:00:06.658588Z  INFO herdr::logging: tab focused event="tab.focus" subsystem="tab" outcome="ok" workspace_id="w9" tab_id="w9:t2"
2026-08-26T16:00:11.660434Z  INFO herdr::logging: session saved event="persist.save" subsystem="persist" outcome="ok" path=/home/mbv/.config/herdr/session.json workspaces=3
2026-08-26T16:00:40.800515Z  INFO herdr::logging: tab focused event="tab.focus" subsystem="tab" outcome="ok" workspace_id="w9" tab_id="w9:t4"
2026-08-26T16:00:45.802032Z  INFO herdr::logging: session saved event="persist.save" subsystem="persist" outcome="ok" path=/home/mbv/.config/herdr/session.json workspaces=3
2026-08-26T16:02:20.928615Z  INFO herdr::logging: tab focused event="tab.focus" subsystem="tab" outcome="ok" workspace_id="w9" tab_id="w9:t2"
2026-08-26T16:02:25.930557Z  INFO herdr::logging: session saved event="persist.save" subsystem="persist" outcome="ok" path=/home/mbv/.config/herdr/session.json workspaces=3
2026-08-26T16:02:27.780848Z  INFO herdr::logging: tab focused event="tab.focus" subsystem="tab" outcome="ok" workspace_id="w9" tab_id="w9:t4"
2026-08-26T16:02:32.781641Z  INFO herdr::logging: session saved event="persist.save" subsystem="persist" outcome="ok" path=/home/mbv/.config/herdr/session.json workspaces=3
2026-08-26T16:03:50.405940Z  INFO herdr::logging: tab focused event="tab.focus" subsystem="tab" outcome="ok" workspace_id="w9" tab_id="w9:t4"
2026-08-26T16:03:55.407341Z  INFO herdr::logging: session saved event="persist.save" subsystem="persist" outcome="ok" path=/home/mbv/.config/herdr/session.json workspaces=3
2026-08-26T16:06:05.212141Z  INFO herdr::logging: tab focused event="tab.focus" subsystem="tab" outcome="ok" workspace_id="w9" tab_id="w9:t2"
2026-08-26T16:06:10.213823Z  INFO herdr::logging: session saved event="persist.save" subsystem="persist" outcome="ok" path=/home/mbv/.config/herdr/session.json workspaces=3
2026-08-26T16:06:20.205547Z  INFO herdr::logging: tab focused event="tab.focus" subsystem="tab" outcome="ok" workspace_id="w9" tab_id="w9:t1"
2026-08-26T16:06:20.872791Z  INFO herdr::logging: tab focused event="tab.focus" subsystem="tab" outcome="ok" workspace_id="w9" tab_id="w9:t2"
2026-08-26T16:06:25.874349Z  INFO herdr::logging: session saved event="persist.save" subsystem="persist" outcome="ok" path=/home/mbv/.config/herdr/session.json workspaces=3
2026-08-26T16:06:36.948972Z  INFO herdr::logging: tab focused event="tab.focus" subsystem="tab" outcome="ok" workspace_id="w9" tab_id="w9:t1"
2026-08-26T16:06:41.950219Z  INFO herdr::logging: session saved event="persist.save" subsystem="persist" outcome="ok" path=/home/mbv/.config/herdr/session.json workspaces=3
2026-08-26T16:06:57.129540Z  INFO herdr::app::actions: copied selection to clipboard
2026-08-26T16:07:49.674817Z  INFO herdr::logging: checking for updates event="update.check.start" subsystem="update" outcome="started"
2026-08-26T16:08:08.471293Z  INFO herdr::app::actions: copied selection to clipboard
2026-08-26T16:08:15.510739Z  INFO herdr::logging: tab focused event="tab.focus" subsystem="tab" outcome="ok" workspace_id="w9" tab_id="w9:t4"
2026-08-26T16:08:20.512115Z  INFO herdr::logging: session saved event="persist.save" subsystem="persist" outcome="ok" path=/home/mbv/.config/herdr/session.json workspaces=3
2026-08-26T16:10:12.612238Z  INFO herdr::logging: tab focused event="tab.focus" subsystem="tab" outcome="ok" workspace_id="w9" tab_id="w9:t2"
2026-08-26T16:10:17.614053Z  INFO herdr::logging: session saved event="persist.save" subsystem="persist" outcome="ok" path=/home/mbv/.config/herdr/session.json workspaces=3
2026-08-26T16:37:49.675554Z  INFO herdr::logging: checking for updates event="update.check.start" subsystem="update" outcome="started"
2026-08-26T17:07:49.677054Z  INFO herdr::logging: checking for updates event="update.check.start" subsystem="update" outcome="started"
2026-08-26T17:11:09.132965Z  INFO herdr::logging: tab focused event="tab.focus" subsystem="tab" outcome="ok" workspace_id="w9" tab_id="w9:t2"
2026-08-26T17:11:10.475983Z  INFO herdr::logging: tab focused event="tab.focus" subsystem="tab" outcome="ok" workspace_id="w9" tab_id="w9:t4"
2026-08-26T17:11:15.477843Z  INFO herdr::logging: session saved event="persist.save" subsystem="persist" outcome="ok" path=/home/mbv/.config/herdr/session.json workspaces=3
2026-08-26T17:12:53.969668Z  INFO herdr::logging: tab focused event="tab.focus" subsystem="tab" outcome="ok" workspace_id="w9" tab_id="w9:t2"
2026-08-26T17:12:58.970636Z  INFO herdr::logging: session saved event="persist.save" subsystem="persist" outcome="ok" path=/home/mbv/.config/herdr/session.json workspaces=3
2026-08-26T17:16:41.629917Z  INFO herdr::logging: tab focused event="tab.focus" subsystem="tab" outcome="ok" workspace_id="w9" tab_id="w9:t4"
2026-08-26T17:16:46.630958Z  INFO herdr::logging: session saved event="persist.save" subsystem="persist" outcome="ok" path=/home/mbv/.config/herdr/session.json workspaces=3
2026-08-26T17:16:48.079393Z  INFO herdr::logging: tab focused event="tab.focus" subsystem="tab" outcome="ok" workspace_id="w9" tab_id="w9:t2"
2026-08-26T17:16:53.080926Z  INFO herdr::logging: session saved event="persist.save" subsystem="persist" outcome="ok" path=/home/mbv/.config/herdr/session.json workspaces=3
2026-08-26T17:16:58.674235Z  INFO herdr::logging: tab focused event="tab.focus" subsystem="tab" outcome="ok" workspace_id="w9" tab_id="w9:t4"
2026-08-26T17:17:00.394406Z  INFO herdr::logging: tab focused event="tab.focus" subsystem="tab" outcome="ok" workspace_id="w9" tab_id="w9:t2"
2026-08-26T17:17:05.396266Z  INFO herdr::logging: session saved event="persist.save" subsystem="persist" outcome="ok" path=/home/mbv/.config/herdr/session.json workspaces=3
2026-08-26T17:20:35.242635Z  INFO herdr::logging: tab focused event="tab.focus" subsystem="tab" outcome="ok" workspace_id="w9" tab_id="w9:t4"
2026-08-26T17:20:36.291146Z  INFO herdr::logging: tab focused event="tab.focus" subsystem="tab" outcome="ok" workspace_id="w9" tab_id="w9:t4"
2026-08-26T17:20:38.533678Z  INFO herdr::logging: pane child exited event="pane.exit" subsystem="pane" outcome="completed" pane_id=11 status="ExitStatus { code: 137, signal: None }"
2026-08-26T17:20:38.536980Z  INFO herdr::pane: pane session terminated pane=11 pid=4388 signal=Hangup
2026-08-26T17:20:39.562121Z  INFO herdr::logging: tab focused event="tab.focus" subsystem="tab" outcome="ok" workspace_id="w9" tab_id="w9:t4"
2026-08-26T17:20:44.564103Z  INFO herdr::logging: session saved event="persist.save" subsystem="persist" outcome="ok" path=/home/mbv/.config/herdr/session.json workspaces=3
2026-08-26T17:23:42.989697Z  INFO herdr::logging: tab focused event="tab.focus" subsystem="tab" outcome="ok" workspace_id="w9" tab_id="w9:t2"
2026-08-26T17:23:47.991212Z  INFO herdr::logging: session saved event="persist.save" subsystem="persist" outcome="ok" path=/home/mbv/.config/herdr/session.json workspaces=3
2026-08-26T17:24:43.672072Z  INFO herdr::logging: tab focused event="tab.focus" subsystem="tab" outcome="ok" workspace_id="w9" tab_id="w9:t4"
2026-08-26T17:24:46.758036Z  INFO herdr::logging: tab focused event="tab.focus" subsystem="tab" outcome="ok" workspace_id="w9" tab_id="w9:t2"
2026-08-26T17:24:51.760514Z  INFO herdr::logging: session saved event="persist.save" subsystem="persist" outcome="ok" path=/home/mbv/.config/herdr/session.json workspaces=3
2026-08-26T17:24:53.599894Z  INFO herdr::logging: tab focused event="tab.focus" subsystem="tab" outcome="ok" workspace_id="w9" tab_id="w9:t4"
2026-08-26T17:24:56.985599Z  INFO herdr::logging: tab focused event="tab.focus" subsystem="tab" outcome="ok" workspace_id="w9" tab_id="w9:t2"
2026-08-26T17:25:01.987465Z  INFO herdr::logging: session saved event="persist.save" subsystem="persist" outcome="ok" path=/home/mbv/.config/herdr/session.json workspaces=3
2026-08-26T17:25:02.217736Z  INFO herdr::logging: tab focused event="tab.focus" subsystem="tab" outcome="ok" workspace_id="w9" tab_id="w9:t4"
2026-08-26T17:25:06.179881Z  INFO herdr::logging: tab focused event="tab.focus" subsystem="tab" outcome="ok" workspace_id="w9" tab_id="w9:t2"
2026-08-26T17:25:08.291110Z  INFO herdr::logging: spawning pane terminal event="pane.spawn.start" subsystem="pane" outcome="started" pane_id=13 rows=74 cols=287 scrollback_limit_bytes=10000000
2026-08-26T17:25:08.292985Z  INFO herdr::logging: pane child spawned event="pane.spawned" subsystem="pane" outcome="ok" pane_id=13 pid=32358
2026-08-26T17:25:08.293120Z  INFO herdr::logging: tab focused event="tab.focus" subsystem="tab" outcome="ok" workspace_id="w9" tab_id="w9:t2"
2026-08-26T17:25:13.295026Z  INFO herdr::logging: session saved event="persist.save" subsystem="persist" outcome="ok" path=/home/mbv/.config/herdr/session.json workspaces=3
2026-08-26T17:25:41.241005Z  INFO herdr::logging: tab focused event="tab.focus" subsystem="tab" outcome="ok" workspace_id="w9" tab_id="w9:t4"
2026-08-26T17:25:44.957781Z  INFO herdr::logging: pane child exited event="pane.exit" subsystem="pane" outcome="completed" pane_id=12 status="ExitStatus { code: 130, signal: None }"
2026-08-26T17:25:44.961166Z  INFO herdr::pane: pane session terminated pane=12 pid=4408 signal=Hangup
2026-08-26T17:25:48.220394Z  INFO herdr::logging: spawning pane terminal event="pane.spawn.start" subsystem="pane" outcome="started" pane_id=14 rows=74 cols=287 scrollback_limit_bytes=10000000
2026-08-26T17:25:48.222341Z  INFO herdr::logging: pane child spawned event="pane.spawned" subsystem="pane" outcome="ok" pane_id=14 pid=33164
2026-08-26T17:25:48.222472Z  INFO herdr::logging: tab focused event="tab.focus" subsystem="tab" outcome="ok" workspace_id="w9" tab_id="w9:t4"
2026-08-26T17:25:53.225122Z  INFO herdr::logging: session saved event="persist.save" subsystem="persist" outcome="ok" path=/home/mbv/.config/herdr/session.json workspaces=3
2026-08-26T17:28:06.747538Z  INFO herdr::pane: agent changed pane=14 previous_agent=None agent=Some(OpenCode) process=opencode pgid=Some(36714)
2026-08-26T17:28:44.728639Z  INFO herdr::logging: tab focused event="tab.focus" subsystem="tab" outcome="ok" workspace_id="w9" tab_id="w9:t2"
2026-08-26T17:28:45.667789Z  INFO herdr::logging: tab focused event="tab.focus" subsystem="tab" outcome="ok" workspace_id="w9" tab_id="w9:t2"
2026-08-26T17:28:50.670307Z  INFO herdr::logging: session saved event="persist.save" subsystem="persist" outcome="ok" path=/home/mbv/.config/herdr/session.json workspaces=3
2026-08-26T17:28:54.518475Z  INFO herdr::logging: tab focused event="tab.focus" subsystem="tab" outcome="ok" workspace_id="w9" tab_id="w9:t2"
2026-08-26T17:28:55.023400Z  INFO herdr::logging: tab focused event="tab.focus" subsystem="tab" outcome="ok" workspace_id="w9" tab_id="w9:t4"
2026-08-26T17:28:59.190340Z  INFO herdr::logging: tab focused event="tab.focus" subsystem="tab" outcome="ok" workspace_id="w9" tab_id="w9:t2"
2026-08-26T17:29:04.192296Z  INFO herdr::logging: session saved event="persist.save" subsystem="persist" outcome="ok" path=/home/mbv/.config/herdr/session.json workspaces=3
2026-08-26T17:29:06.966948Z  INFO herdr::logging: tab focused event="tab.focus" subsystem="tab" outcome="ok" workspace_id="w9" tab_id="w9:t2"
2026-08-26T17:29:11.969064Z  INFO herdr::logging: session saved event="persist.save" subsystem="persist" outcome="ok" path=/home/mbv/.config/herdr/session.json workspaces=3
2026-08-26T17:29:34.048571Z  INFO herdr::logging: tab focused event="tab.focus" subsystem="tab" outcome="ok" workspace_id="w9" tab_id="w9:t2"
2026-08-26T17:29:39.049663Z  INFO herdr::logging: session saved event="persist.save" subsystem="persist" outcome="ok" path=/home/mbv/.config/herdr/session.json workspaces=3
2026-08-26T17:29:39.612449Z  INFO herdr::logging: tab focused event="tab.focus" subsystem="tab" outcome="ok" workspace_id="w9" tab_id="w9:t2"
2026-08-26T17:29:42.884367Z  INFO herdr::logging: tab focused event="tab.focus" subsystem="tab" outcome="ok" workspace_id="w9" tab_id="w9:t2"
2026-08-26T17:29:45.526265Z  INFO herdr::logging: tab focused event="tab.focus" subsystem="tab" outcome="ok" workspace_id="w9" tab_id="w9:t2"
2026-08-26T17:29:46.989144Z  INFO herdr::logging: tab focused event="tab.focus" subsystem="tab" outcome="ok" workspace_id="w9" tab_id="w9:t2"
2026-08-26T17:29:47.683380Z  INFO herdr::logging: tab focused event="tab.focus" subsystem="tab" outcome="ok" workspace_id="w9" tab_id="w9:t4"
2026-08-26T17:29:52.685448Z  INFO herdr::logging: session saved event="persist.save" subsystem="persist" outcome="ok" path=/home/mbv/.config/herdr/session.json workspaces=3
2026-08-26T17:30:35.663746Z  INFO herdr::logging: tab focused event="tab.focus" subsystem="tab" outcome="ok" workspace_id="w9" tab_id="w9:t2"
2026-08-26T17:30:40.664774Z  INFO herdr::logging: session saved event="persist.save" subsystem="persist" outcome="ok" path=/home/mbv/.config/herdr/session.json workspaces=3
2026-08-26T17:31:01.203507Z  INFO herdr::logging: tab focused event="tab.focus" subsystem="tab" outcome="ok" workspace_id="w9" tab_id="w9:t2"
2026-08-26T17:31:06.205153Z  INFO herdr::logging: session saved event="persist.save" subsystem="persist" outcome="ok" path=/home/mbv/.config/herdr/session.json workspaces=3
2026-08-26T17:31:06.268984Z  INFO herdr::logging: tab focused event="tab.focus" subsystem="tab" outcome="ok" workspace_id="w9" tab_id="w9:t2"
2026-08-26T17:31:08.078825Z  INFO herdr::logging: tab focused event="tab.focus" subsystem="tab" outcome="ok" workspace_id="w9" tab_id="w9:t2"
2026-08-26T17:31:13.079718Z  INFO herdr::logging: session saved event="persist.save" subsystem="persist" outcome="ok" path=/home/mbv/.config/herdr/session.json workspaces=3
2026-08-26T17:31:28.318379Z  INFO herdr::logging: tab focused event="tab.focus" subsystem="tab" outcome="ok" workspace_id="w9" tab_id="w9:t2"
2026-08-26T17:31:33.319862Z  INFO herdr::logging: session saved event="persist.save" subsystem="persist" outcome="ok" path=/home/mbv/.config/herdr/session.json workspaces=3
2026-08-26T17:32:04.447856Z  INFO herdr::logging: tab focused event="tab.focus" subsystem="tab" outcome="ok" workspace_id="w9" tab_id="w9:t2"
2026-08-26T17:32:06.727842Z  INFO herdr::app::actions: copied selection to clipboard
2026-08-26T17:32:07.215895Z  INFO herdr::logging: tab focused event="tab.focus" subsystem="tab" outcome="ok" workspace_id="w9" tab_id="w9:t2"
2026-08-26T17:32:08.624166Z  INFO herdr::logging: tab focused event="tab.focus" subsystem="tab" outcome="ok" workspace_id="w9" tab_id="w9:t4"
2026-08-26T17:32:13.626262Z  INFO herdr::logging: session saved event="persist.save" subsystem="persist" outcome="ok" path=/home/mbv/.config/herdr/session.json workspaces=3
2026-08-26T17:32:14.447064Z  INFO herdr::logging: tab focused event="tab.focus" subsystem="tab" outcome="ok" workspace_id="w9" tab_id="w9:t2"
2026-08-26T17:32:15.965016Z  INFO herdr::logging: tab focused event="tab.focus" subsystem="tab" outcome="ok" workspace_id="w9" tab_id="w9:t2"
2026-08-26T17:32:20.966979Z  INFO herdr::logging: session saved event="persist.save" subsystem="persist" outcome="ok" path=/home/mbv/.config/herdr/session.json workspaces=3
2026-08-26T17:32:35.271830Z  INFO herdr::logging: tab focused event="tab.focus" subsystem="tab" outcome="ok" workspace_id="w9" tab_id="w9:t2"
2026-08-26T17:32:40.273962Z  INFO herdr::logging: session saved event="persist.save" subsystem="persist" outcome="ok" path=/home/mbv/.config/herdr/session.json workspaces=3
2026-08-26T17:32:52.264885Z  INFO herdr::logging: tab focused event="tab.focus" subsystem="tab" outcome="ok" workspace_id="w9" tab_id="w9:t4"
2026-08-26T17:32:57.265475Z  INFO herdr::logging: session saved event="persist.save" subsystem="persist" outcome="ok" path=/home/mbv/.config/herdr/session.json workspaces=3
2026-08-26T17:33:09.811560Z  INFO herdr::logging: tab focused event="tab.focus" subsystem="tab" outcome="ok" workspace_id="w9" tab_id="w9:t2"
2026-08-26T17:33:10.774584Z  INFO herdr::logging: tab focused event="tab.focus" subsystem="tab" outcome="ok" workspace_id="w9" tab_id="w9:t2"
2026-08-26T17:33:15.671848Z  INFO herdr::logging: tab focused event="tab.focus" subsystem="tab" outcome="ok" workspace_id="w9" tab_id="w9:t2"
2026-08-26T17:33:20.674333Z  INFO herdr::logging: session saved event="persist.save" subsystem="persist" outcome="ok" path=/home/mbv/.config/herdr/session.json workspaces=3
2026-08-26T17:33:28.480533Z  INFO herdr::logging: tab focused event="tab.focus" subsystem="tab" outcome="ok" workspace_id="w9" tab_id="w9:t4"
2026-08-26T17:33:33.481638Z  INFO herdr::logging: session saved event="persist.save" subsystem="persist" outcome="ok" path=/home/mbv/.config/herdr/session.json workspaces=3
2026-08-26T17:34:37.564853Z  INFO herdr::logging: tab focused event="tab.focus" subsystem="tab" outcome="ok" workspace_id="w9" tab_id="w9:t4"
2026-08-26T17:34:42.577866Z  INFO herdr::logging: session saved event="persist.save" subsystem="persist" outcome="ok" path=/home/mbv/.config/herdr/session.json workspaces=3
2026-08-26T17:37:49.677802Z  INFO herdr::logging: checking for updates event="update.check.start" subsystem="update" outcome="started"
2026-08-26T17:45:41.033702Z  INFO herdr::logging: tab focused event="tab.focus" subsystem="tab" outcome="ok" workspace_id="w9" tab_id="w9:t4"
2026-08-26T17:45:46.035955Z  INFO herdr::logging: session saved event="persist.save" subsystem="persist" outcome="ok" path=/home/mbv/.config/herdr/session.json workspaces=3
2026-08-26T17:50:42.567586Z  INFO herdr::logging: tab focused event="tab.focus" subsystem="tab" outcome="ok" workspace_id="w9" tab_id="w9:t2"
2026-08-26T17:50:44.122805Z  INFO herdr::logging: tab focused event="tab.focus" subsystem="tab" outcome="ok" workspace_id="w9" tab_id="w9:t2"
2026-08-26T17:50:49.123858Z  INFO herdr::logging: session saved event="persist.save" subsystem="persist" outcome="ok" path=/home/mbv/.config/herdr/session.json workspaces=3
2026-08-26T17:50:52.004752Z  INFO herdr::logging: tab focused event="tab.focus" subsystem="tab" outcome="ok" workspace_id="w9" tab_id="w9:t4"
2026-08-26T17:50:57.005826Z  INFO herdr::logging: session saved event="persist.save" subsystem="persist" outcome="ok" path=/home/mbv/.config/herdr/session.json workspaces=3
2026-08-26T17:53:56.084241Z  INFO herdr::logging: tab focused event="tab.focus" subsystem="tab" outcome="ok" workspace_id="w9" tab_id="w9:t4"
2026-08-26T17:54:01.086128Z  INFO herdr::logging: session saved event="persist.save" subsystem="persist" outcome="ok" path=/home/mbv/.config/herdr/session.json workspaces=3
2026-08-26T17:54:14.667601Z  INFO herdr::logging: tab focused event="tab.focus" subsystem="tab" outcome="ok" workspace_id="w9" tab_id="w9:t4"
2026-08-26T17:54:19.668989Z  INFO herdr::logging: session saved event="persist.save" subsystem="persist" outcome="ok" path=/home/mbv/.config/herdr/session.json workspaces=3
2026-08-26T17:54:30.668583Z  INFO herdr::logging: tab focused event="tab.focus" subsystem="tab" outcome="ok" workspace_id="w9" tab_id="w9:t4"
2026-08-26T17:54:35.670421Z  INFO herdr::logging: session saved event="persist.save" subsystem="persist" outcome="ok" path=/home/mbv/.config/herdr/session.json workspaces=3
2026-08-26T17:54:38.095284Z  INFO herdr::pane: agent changed pane=10 previous_agent=Some(OpenCode) agent=None pgid=Some(4365)
2026-08-26T17:54:38.590458Z  INFO herdr::logging: tab focused event="tab.focus" subsystem="tab" outcome="ok" workspace_id="w9" tab_id="w9:t2"
2026-08-26T17:54:39.375689Z  INFO herdr::logging: tab focused event="tab.focus" subsystem="tab" outcome="ok" workspace_id="w9" tab_id="w9:t2"
2026-08-26T17:54:44.377313Z  INFO herdr::logging: session saved event="persist.save" subsystem="persist" outcome="ok" path=/home/mbv/.config/herdr/session.json workspaces=3
2026-08-26T17:54:51.794813Z  INFO herdr::logging: tab focused event="tab.focus" subsystem="tab" outcome="ok" workspace_id="w9" tab_id="w9:t4"
2026-08-26T17:54:56.795665Z  INFO herdr::logging: session saved event="persist.save" subsystem="persist" outcome="ok" path=/home/mbv/.config/herdr/session.json workspaces=3
2026-08-26T17:55:22.119363Z  INFO herdr::logging: tab focused event="tab.focus" subsystem="tab" outcome="ok" workspace_id="w9" tab_id="w9:t2"
2026-08-26T17:55:27.121405Z  INFO herdr::logging: session saved event="persist.save" subsystem="persist" outcome="ok" path=/home/mbv/.config/herdr/session.json workspaces=3
2026-08-26T17:55:29.504410Z  INFO herdr::logging: tab focused event="tab.focus" subsystem="tab" outcome="ok" workspace_id="w9" tab_id="w9:t4"
2026-08-26T17:55:34.506003Z  INFO herdr::logging: session saved event="persist.save" subsystem="persist" outcome="ok" path=/home/mbv/.config/herdr/session.json workspaces=3
2026-08-26T17:55:35.979372Z  INFO herdr::logging: tab focused event="tab.focus" subsystem="tab" outcome="ok" workspace_id="w9" tab_id="w9:t1"
2026-08-26T17:55:37.274228Z  INFO herdr::logging: tab focused event="tab.focus" subsystem="tab" outcome="ok" workspace_id="w9" tab_id="w9:t2"
2026-08-26T17:55:42.275792Z  INFO herdr::logging: session saved event="persist.save" subsystem="persist" outcome="ok" path=/home/mbv/.config/herdr/session.json workspaces=3
2026-08-26T17:55:50.487250Z  INFO herdr::logging: tab focused event="tab.focus" subsystem="tab" outcome="ok" workspace_id="w9" tab_id="w9:t4"
2026-08-26T17:55:55.488997Z  INFO herdr::logging: session saved event="persist.save" subsystem="persist" outcome="ok" path=/home/mbv/.config/herdr/session.json workspaces=3
2026-08-26T17:56:08.211312Z  INFO herdr::logging: tab focused event="tab.focus" subsystem="tab" outcome="ok" workspace_id="w9" tab_id="w9:t2"
2026-08-26T17:56:13.212881Z  INFO herdr::logging: session saved event="persist.save" subsystem="persist" outcome="ok" path=/home/mbv/.config/herdr/session.json workspaces=3
2026-08-26T17:56:13.679189Z  INFO herdr::logging: tab focused event="tab.focus" subsystem="tab" outcome="ok" workspace_id="w9" tab_id="w9:t4"
2026-08-26T17:56:15.533335Z  INFO herdr::logging: tab focused event="tab.focus" subsystem="tab" outcome="ok" workspace_id="w9" tab_id="w9:t2"
2026-08-26T17:56:20.534945Z  INFO herdr::logging: session saved event="persist.save" subsystem="persist" outcome="ok" path=/home/mbv/.config/herdr/session.json workspaces=3
2026-08-26T17:56:30.152200Z  INFO herdr::logging: tab focused event="tab.focus" subsystem="tab" outcome="ok" workspace_id="w9" tab_id="w9:t2"
2026-08-26T17:56:31.220031Z  INFO herdr::logging: tab focused event="tab.focus" subsystem="tab" outcome="ok" workspace_id="w9" tab_id="w9:t4"
2026-08-26T17:56:36.222245Z  INFO herdr::logging: session saved event="persist.save" subsystem="persist" outcome="ok" path=/home/mbv/.config/herdr/session.json workspaces=3
2026-08-26T17:56:48.116300Z  INFO herdr::logging: tab focused event="tab.focus" subsystem="tab" outcome="ok" workspace_id="w9" tab_id="w9:t2"
2026-08-26T17:56:53.117036Z  INFO herdr::logging: session saved event="persist.save" subsystem="persist" outcome="ok" path=/home/mbv/.config/herdr/session.json workspaces=3
2026-08-26T17:57:05.425915Z  INFO herdr::logging: tab focused event="tab.focus" subsystem="tab" outcome="ok" workspace_id="w9" tab_id="w9:t4"
2026-08-26T17:57:09.146953Z  INFO herdr::logging: tab focused event="tab.focus" subsystem="tab" outcome="ok" workspace_id="w9" tab_id="w9:t2"
2026-08-26T17:57:14.148078Z  INFO herdr::logging: session saved event="persist.save" subsystem="persist" outcome="ok" path=/home/mbv/.config/herdr/session.json workspaces=3
2026-08-26T17:57:14.854789Z  INFO herdr::logging: tab focused event="tab.focus" subsystem="tab" outcome="ok" workspace_id="w9" tab_id="w9:t4"
2026-08-26T17:57:16.125855Z  INFO herdr::logging: tab focused event="tab.focus" subsystem="tab" outcome="ok" workspace_id="w9" tab_id="w9:t4"
2026-08-26T17:57:21.127779Z  INFO herdr::logging: session saved event="persist.save" subsystem="persist" outcome="ok" path=/home/mbv/.config/herdr/session.json workspaces=3
2026-08-26T17:57:31.243418Z  INFO herdr::logging: tab focused event="tab.focus" subsystem="tab" outcome="ok" workspace_id="w9" tab_id="w9:t2"
2026-08-26T17:57:36.245311Z  INFO herdr::logging: session saved event="persist.save" subsystem="persist" outcome="ok" path=/home/mbv/.config/herdr/session.json workspaces=3
2026-08-26T17:57:39.035603Z  INFO herdr::logging: tab focused event="tab.focus" subsystem="tab" outcome="ok" workspace_id="w9" tab_id="w9:t2"
2026-08-26T17:57:40.117313Z  INFO herdr::logging: tab focused event="tab.focus" subsystem="tab" outcome="ok" workspace_id="w9" tab_id="w9:t4"
2026-08-26T17:57:45.119420Z  INFO herdr::logging: session saved event="persist.save" subsystem="persist" outcome="ok" path=/home/mbv/.config/herdr/session.json workspaces=3
2026-08-26T17:57:58.527333Z  INFO herdr::logging: tab focused event="tab.focus" subsystem="tab" outcome="ok" workspace_id="w9" tab_id="w9:t2"
2026-08-26T17:58:01.154588Z  INFO herdr::logging: tab focused event="tab.focus" subsystem="tab" outcome="ok" workspace_id="w9" tab_id="w9:t2"
2026-08-26T17:58:05.015516Z  INFO herdr::logging: tab focused event="tab.focus" subsystem="tab" outcome="ok" workspace_id="w9" tab_id="w9:t2"
2026-08-26T17:58:09.033959Z  INFO herdr::logging: tab focused event="tab.focus" subsystem="tab" outcome="ok" workspace_id="w9" tab_id="w9:t2"
2026-08-26T17:58:14.035892Z  INFO herdr::logging: session saved event="persist.save" subsystem="persist" outcome="ok" path=/home/mbv/.config/herdr/session.json workspaces=3
2026-08-26T17:58:15.341367Z  INFO herdr::app::actions: copied selection to clipboard
2026-08-26T17:58:15.983327Z  INFO herdr::logging: tab focused event="tab.focus" subsystem="tab" outcome="ok" workspace_id="w9" tab_id="w9:t2"
2026-08-26T17:58:20.984618Z  INFO herdr::logging: session saved event="persist.save" subsystem="persist" outcome="ok" path=/home/mbv/.config/herdr/session.json workspaces=3
2026-08-26T17:58:21.620536Z  INFO herdr::logging: tab focused event="tab.focus" subsystem="tab" outcome="ok" workspace_id="w9" tab_id="w9:t2"
2026-08-26T17:58:22.006615Z  INFO herdr::logging: tab focused event="tab.focus" subsystem="tab" outcome="ok" workspace_id="w9" tab_id="w9:t4"
2026-08-26T17:58:25.962394Z  INFO herdr::logging: tab focused event="tab.focus" subsystem="tab" outcome="ok" workspace_id="w9" tab_id="w9:t2"
2026-08-26T17:58:30.963689Z  INFO herdr::logging: session saved event="persist.save" subsystem="persist" outcome="ok" path=/home/mbv/.config/herdr/session.json workspaces=3
2026-08-26T17:58:50.192364Z  INFO herdr::logging: tab focused event="tab.focus" subsystem="tab" outcome="ok" workspace_id="w9" tab_id="w9:t4"
2026-08-26T17:58:55.194588Z  INFO herdr::logging: session saved event="persist.save" subsystem="persist" outcome="ok" path=/home/mbv/.config/herdr/session.json workspaces=3
2026-08-26T18:01:08.214641Z  INFO herdr::logging: tab focused event="tab.focus" subsystem="tab" outcome="ok" workspace_id="w9" tab_id="w9:t2"
2026-08-26T18:01:08.962748Z  INFO herdr::logging: tab focused event="tab.focus" subsystem="tab" outcome="ok" workspace_id="w9" tab_id="w9:t2"
2026-08-26T18:01:13.964798Z  INFO herdr::logging: session saved event="persist.save" subsystem="persist" outcome="ok" path=/home/mbv/.config/herdr/session.json workspaces=3
2026-08-26T18:01:21.920766Z  INFO herdr::logging: tab focused event="tab.focus" subsystem="tab" outcome="ok" workspace_id="w9" tab_id="w9:t2"
2026-08-26T18:01:22.456607Z  INFO herdr::logging: tab focused event="tab.focus" subsystem="tab" outcome="ok" workspace_id="w9" tab_id="w9:t4"
2026-08-26T18:01:27.457672Z  INFO herdr::logging: session saved event="persist.save" subsystem="persist" outcome="ok" path=/home/mbv/.config/herdr/session.json workspaces=3
2026-08-26T18:03:23.682350Z  INFO herdr::logging: tab focused event="tab.focus" subsystem="tab" outcome="ok" workspace_id="w9" tab_id="w9:t2"
2026-08-26T18:03:24.271294Z  INFO herdr::logging: tab focused event="tab.focus" subsystem="tab" outcome="ok" workspace_id="w9" tab_id="w9:t2"
2026-08-26T18:03:29.272798Z  INFO herdr::logging: session saved event="persist.save" subsystem="persist" outcome="ok" path=/home/mbv/.config/herdr/session.json workspaces=3
2026-08-26T18:03:37.726133Z  INFO herdr::logging: tab focused event="tab.focus" subsystem="tab" outcome="ok" workspace_id="w9" tab_id="w9:t4"
2026-08-26T18:03:42.728490Z  INFO herdr::logging: session saved event="persist.save" subsystem="persist" outcome="ok" path=/home/mbv/.config/herdr/session.json workspaces=3
2026-08-26T18:04:56.439777Z  INFO herdr::logging: tab focused event="tab.focus" subsystem="tab" outcome="ok" workspace_id="w9" tab_id="w9:t2"
2026-08-26T18:05:01.440856Z  INFO herdr::logging: session saved event="persist.save" subsystem="persist" outcome="ok" path=/home/mbv/.config/herdr/session.json workspaces=3
2026-08-26T18:05:08.224686Z  INFO herdr::logging: tab focused event="tab.focus" subsystem="tab" outcome="ok" workspace_id="w9" tab_id="w9:t4"
2026-08-26T18:05:13.225745Z  INFO herdr::logging: session saved event="persist.save" subsystem="persist" outcome="ok" path=/home/mbv/.config/herdr/session.json workspaces=3
2026-08-26T18:06:12.646343Z  INFO herdr::logging: tab focused event="tab.focus" subsystem="tab" outcome="ok" workspace_id="w9" tab_id="w9:t2"
2026-08-26T18:06:16.405535Z  INFO herdr::pane: agent changed pane=9 previous_agent=Some(OpenCode) agent=None pgid=Some(4361)
2026-08-26T18:06:17.648179Z  INFO herdr::logging: session saved event="persist.save" subsystem="persist" outcome="ok" path=/home/mbv/.config/herdr/session.json workspaces=3
2026-08-26T18:06:17.911449Z  INFO herdr::pane: agent changed pane=9 previous_agent=None agent=Some(Codex) process=codex pgid=Some(49960)
2026-08-26T18:07:30.259890Z  INFO herdr::logging: tab focused event="tab.focus" subsystem="tab" outcome="ok" workspace_id="w9" tab_id="w9:t4"
2026-08-26T18:07:35.260711Z  INFO herdr::logging: session saved event="persist.save" subsystem="persist" outcome="ok" path=/home/mbv/.config/herdr/session.json workspaces=3
2026-08-26T18:07:46.943477Z  INFO herdr::logging: tab focused event="tab.focus" subsystem="tab" outcome="ok" workspace_id="w9" tab_id="w9:t2"
2026-08-26T18:07:49.678264Z  INFO herdr::logging: checking for updates event="update.check.start" subsystem="update" outcome="started"
2026-08-26T18:07:51.944798Z  INFO herdr::logging: session saved event="persist.save" subsystem="persist" outcome="ok" path=/home/mbv/.config/herdr/session.json workspaces=3
2026-08-26T18:08:01.255429Z  INFO herdr::logging: tab focused event="tab.focus" subsystem="tab" outcome="ok" workspace_id="w9" tab_id="w9:t4"
2026-08-26T18:08:06.257197Z  INFO herdr::logging: session saved event="persist.save" subsystem="persist" outcome="ok" path=/home/mbv/.config/herdr/session.json workspaces=3
2026-08-26T18:08:19.456961Z  INFO herdr::logging: tab focused event="tab.focus" subsystem="tab" outcome="ok" workspace_id="w9" tab_id="w9:t2"
2026-08-26T18:08:24.458227Z  INFO herdr::logging: session saved event="persist.save" subsystem="persist" outcome="ok" path=/home/mbv/.config/herdr/session.json workspaces=3
2026-08-26T18:08:32.871199Z  INFO herdr::logging: tab focused event="tab.focus" subsystem="tab" outcome="ok" workspace_id="w9" tab_id="w9:t4"
2026-08-26T18:08:37.871821Z  INFO herdr::logging: session saved event="persist.save" subsystem="persist" outcome="ok" path=/home/mbv/.config/herdr/session.json workspaces=3
2026-08-26T18:08:56.792581Z  INFO herdr::logging: tab focused event="tab.focus" subsystem="tab" outcome="ok" workspace_id="w9" tab_id="w9:t2"
2026-08-26T18:09:01.794005Z  INFO herdr::logging: session saved event="persist.save" subsystem="persist" outcome="ok" path=/home/mbv/.config/herdr/session.json workspaces=3
2026-08-26T18:09:04.030534Z  INFO herdr::logging: tab focused event="tab.focus" subsystem="tab" outcome="ok" workspace_id="w9" tab_id="w9:t4"
2026-08-26T18:09:09.031718Z  INFO herdr::logging: session saved event="persist.save" subsystem="persist" outcome="ok" path=/home/mbv/.config/herdr/session.json workspaces=3
2026-08-26T18:09:18.268155Z  INFO herdr::logging: tab focused event="tab.focus" subsystem="tab" outcome="ok" workspace_id="w9" tab_id="w9:t2"
2026-08-26T18:09:23.269923Z  INFO herdr::logging: session saved event="persist.save" subsystem="persist" outcome="ok" path=/home/mbv/.config/herdr/session.json workspaces=3
2026-08-26T18:09:34.809972Z  INFO herdr::logging: tab focused event="tab.focus" subsystem="tab" outcome="ok" workspace_id="w9" tab_id="w9:t4"
2026-08-26T18:09:39.811168Z  INFO herdr::logging: session saved event="persist.save" subsystem="persist" outcome="ok" path=/home/mbv/.config/herdr/session.json workspaces=3
2026-08-26T18:09:53.911679Z  INFO herdr::logging: tab focused event="tab.focus" subsystem="tab" outcome="ok" workspace_id="w9" tab_id="w9:t2"
2026-08-26T18:09:56.005634Z  INFO herdr::logging: tab focused event="tab.focus" subsystem="tab" outcome="ok" workspace_id="w9" tab_id="w9:t4"
2026-08-26T18:10:01.006516Z  INFO herdr::logging: session saved event="persist.save" subsystem="persist" outcome="ok" path=/home/mbv/.config/herdr/session.json workspaces=3
2026-08-26T18:10:12.359398Z  INFO herdr::logging: tab focused event="tab.focus" subsystem="tab" outcome="ok" workspace_id="w9" tab_id="w9:t2"
2026-08-26T18:10:17.361040Z  INFO herdr::logging: session saved event="persist.save" subsystem="persist" outcome="ok" path=/home/mbv/.config/herdr/session.json workspaces=3
2026-08-26T18:12:48.978283Z  INFO herdr::logging: tab focused event="tab.focus" subsystem="tab" outcome="ok" workspace_id="w9" tab_id="w9:t4"
2026-08-26T18:12:53.980267Z  INFO herdr::logging: session saved event="persist.save" subsystem="persist" outcome="ok" path=/home/mbv/.config/herdr/session.json workspaces=3
2026-08-26T18:12:57.939408Z  INFO herdr::logging: tab focused event="tab.focus" subsystem="tab" outcome="ok" workspace_id="w9" tab_id="w9:t2"
2026-08-26T18:13:02.941404Z  INFO herdr::logging: session saved event="persist.save" subsystem="persist" outcome="ok" path=/home/mbv/.config/herdr/session.json workspaces=3
2026-08-26T18:14:18.854065Z  INFO herdr::logging: tab focused event="tab.focus" subsystem="tab" outcome="ok" workspace_id="w9" tab_id="w9:t4"
2026-08-26T18:14:23.854850Z  INFO herdr::logging: session saved event="persist.save" subsystem="persist" outcome="ok" path=/home/mbv/.config/herdr/session.json workspaces=3
2026-08-26T18:14:33.095377Z  INFO herdr::logging: tab focused event="tab.focus" subsystem="tab" outcome="ok" workspace_id="w9" tab_id="w9:t2"
2026-08-26T18:14:38.097426Z  INFO herdr::logging: session saved event="persist.save" subsystem="persist" outcome="ok" path=/home/mbv/.config/herdr/session.json workspaces=3
2026-08-26T18:16:35.942617Z  INFO herdr::logging: tab focused event="tab.focus" subsystem="tab" outcome="ok" workspace_id="w9" tab_id="w9:t4"
2026-08-26T18:16:40.944421Z  INFO herdr::logging: session saved event="persist.save" subsystem="persist" outcome="ok" path=/home/mbv/.config/herdr/session.json workspaces=3
2026-08-26T18:37:49.679966Z  INFO herdr::logging: checking for updates event="update.check.start" subsystem="update" outcome="started"
2026-08-26T19:07:49.680526Z  INFO herdr::logging: checking for updates event="update.check.start" subsystem="update" outcome="started"
2026-08-26T19:35:54.905411Z  INFO herdr::logging: tab focused event="tab.focus" subsystem="tab" outcome="ok" workspace_id="w9" tab_id="w9:t2"
2026-08-26T19:35:59.907093Z  INFO herdr::logging: session saved event="persist.save" subsystem="persist" outcome="ok" path=/home/mbv/.config/herdr/session.json workspaces=3
2026-08-26T19:37:49.681410Z  INFO herdr::logging: checking for updates event="update.check.start" subsystem="update" outcome="started"
2026-08-26T19:44:36.889228Z  INFO herdr::logging: tab focused event="tab.focus" subsystem="tab" outcome="ok" workspace_id="w9" tab_id="w9:t2"
2026-08-26T19:44:41.890611Z  INFO herdr::logging: session saved event="persist.save" subsystem="persist" outcome="ok" path=/home/mbv/.config/herdr/session.json workspaces=3
2026-08-26T19:57:51.625622Z  INFO herdr::logging: tab focused event="tab.focus" subsystem="tab" outcome="ok" workspace_id="w9" tab_id="w9:t2"
2026-08-26T19:57:56.627029Z  INFO herdr::logging: session saved event="persist.save" subsystem="persist" outcome="ok" path=/home/mbv/.config/herdr/session.json workspaces=3
2026-08-26T19:59:06.744293Z  INFO herdr::logging: tab focused event="tab.focus" subsystem="tab" outcome="ok" workspace_id="w9" tab_id="w9:t4"
2026-08-26T19:59:07.918249Z  INFO herdr::logging: tab focused event="tab.focus" subsystem="tab" outcome="ok" workspace_id="w9" tab_id="w9:t4"
2026-08-26T19:59:08.836352Z  INFO herdr::logging: tab focused event="tab.focus" subsystem="tab" outcome="ok" workspace_id="w9" tab_id="w9:t4"
2026-08-26T19:59:13.840917Z  INFO herdr::logging: session saved event="persist.save" subsystem="persist" outcome="ok" path=/home/mbv/.config/herdr/session.json workspaces=3
2026-08-26T19:59:19.490673Z  INFO herdr::logging: tab focused event="tab.focus" subsystem="tab" outcome="ok" workspace_id="w9" tab_id="w9:t2"
2026-08-26T19:59:24.491895Z  INFO herdr::logging: session saved event="persist.save" subsystem="persist" outcome="ok" path=/home/mbv/.config/herdr/session.json workspaces=3
2026-08-26T20:00:36.762375Z  INFO herdr::logging: tab focused event="tab.focus" subsystem="tab" outcome="ok" workspace_id="w9" tab_id="w9:t4"
2026-08-26T20:00:41.764226Z  INFO herdr::logging: session saved event="persist.save" subsystem="persist" outcome="ok" path=/home/mbv/.config/herdr/session.json workspaces=3
2026-08-26T20:00:49.923836Z  INFO herdr::logging: tab focused event="tab.focus" subsystem="tab" outcome="ok" workspace_id="w9" tab_id="w9:t2"
2026-08-26T20:00:54.924980Z  INFO herdr::logging: session saved event="persist.save" subsystem="persist" outcome="ok" path=/home/mbv/.config/herdr/session.json workspaces=3
2026-08-26T20:01:06.738418Z  INFO herdr::logging: tab focused event="tab.focus" subsystem="tab" outcome="ok" workspace_id="w9" tab_id="w9:t4"
2026-08-26T20:01:08.851761Z  INFO herdr::logging: tab focused event="tab.focus" subsystem="tab" outcome="ok" workspace_id="w9" tab_id="w9:t4"
2026-08-26T20:01:11.391682Z  INFO herdr::logging: tab focused event="tab.focus" subsystem="tab" outcome="ok" workspace_id="w9" tab_id="w9:t2"
2026-08-26T20:01:12.034425Z  INFO herdr::logging: tab focused event="tab.focus" subsystem="tab" outcome="ok" workspace_id="w9" tab_id="w9:t2"
2026-08-26T20:01:17.035943Z  INFO herdr::logging: session saved event="persist.save" subsystem="persist" outcome="ok" path=/home/mbv/.config/herdr/session.json workspaces=3
2026-08-26T20:01:22.936593Z  INFO herdr::logging: tab focused event="tab.focus" subsystem="tab" outcome="ok" workspace_id="w9" tab_id="w9:t2"
2026-08-26T20:01:27.938988Z  INFO herdr::logging: session saved event="persist.save" subsystem="persist" outcome="ok" path=/home/mbv/.config/herdr/session.json workspaces=3
2026-08-26T20:02:09.246940Z  INFO herdr::logging: tab focused event="tab.focus" subsystem="tab" outcome="ok" workspace_id="w9" tab_id="w9:t2"
2026-08-26T20:02:14.249474Z  INFO herdr::logging: session saved event="persist.save" subsystem="persist" outcome="ok" path=/home/mbv/.config/herdr/session.json workspaces=3
2026-08-26T20:02:55.300587Z  INFO herdr::logging: tab focused event="tab.focus" subsystem="tab" outcome="ok" workspace_id="w9" tab_id="w9:t4"
2026-08-26T20:02:56.063262Z  INFO herdr::logging: tab focused event="tab.focus" subsystem="tab" outcome="ok" workspace_id="w9" tab_id="w9:t4"
2026-08-26T20:03:01.065622Z  INFO herdr::logging: session saved event="persist.save" subsystem="persist" outcome="ok" path=/home/mbv/.config/herdr/session.json workspaces=3
2026-08-26T20:03:11.273042Z  INFO herdr::logging: tab focused event="tab.focus" subsystem="tab" outcome="ok" workspace_id="w9" tab_id="w9:t2"
2026-08-26T20:03:13.069679Z  INFO herdr::logging: tab focused event="tab.focus" subsystem="tab" outcome="ok" workspace_id="w9" tab_id="w9:t4"
2026-08-26T20:03:18.071185Z  INFO herdr::logging: session saved event="persist.save" subsystem="persist" outcome="ok" path=/home/mbv/.config/herdr/session.json workspaces=3
2026-08-26T20:04:20.610269Z  INFO herdr::logging: tab focused event="tab.focus" subsystem="tab" outcome="ok" workspace_id="w9" tab_id="w9:t2"
2026-08-26T20:04:21.434228Z  INFO herdr::logging: tab focused event="tab.focus" subsystem="tab" outcome="ok" workspace_id="w9" tab_id="w9:t2"
2026-08-26T20:04:24.245291Z  INFO herdr::logging: tab focused event="tab.focus" subsystem="tab" outcome="ok" workspace_id="w9" tab_id="w9:t4"
2026-08-26T20:04:26.015717Z  INFO herdr::pane: agent changed pane=14 previous_agent=Some(OpenCode) agent=None pgid=Some(33164)
2026-08-26T20:04:29.026369Z  INFO herdr::pane: agent changed pane=14 previous_agent=None agent=Some(Codex) process=codex pgid=Some(98772)
2026-08-26T20:04:29.246777Z  INFO herdr::logging: session saved event="persist.save" subsystem="persist" outcome="ok" path=/home/mbv/.config/herdr/session.json workspaces=3
2026-08-26T20:07:49.683040Z  INFO herdr::logging: checking for updates event="update.check.start" subsystem="update" outcome="started"
2026-08-26T20:11:57.976889Z  INFO herdr::logging: tab focused event="tab.focus" subsystem="tab" outcome="ok" workspace_id="w9" tab_id="w9:t2"
2026-08-26T20:11:59.038755Z  INFO herdr::logging: tab focused event="tab.focus" subsystem="tab" outcome="ok" workspace_id="w9" tab_id="w9:t2"
2026-08-26T20:12:04.040119Z  INFO herdr::logging: session saved event="persist.save" subsystem="persist" outcome="ok" path=/home/mbv/.config/herdr/session.json workspaces=3
2026-08-26T20:12:07.991662Z  INFO herdr::logging: tab focused event="tab.focus" subsystem="tab" outcome="ok" workspace_id="w9" tab_id="w9:t2"
2026-08-26T20:12:12.994175Z  INFO herdr::logging: session saved event="persist.save" subsystem="persist" outcome="ok" path=/home/mbv/.config/herdr/session.json workspaces=3
2026-08-26T20:12:18.686497Z  INFO herdr::logging: tab focused event="tab.focus" subsystem="tab" outcome="ok" workspace_id="w9" tab_id="w9:t2"
2026-08-26T20:12:23.688573Z  INFO herdr::logging: session saved event="persist.save" subsystem="persist" outcome="ok" path=/home/mbv/.config/herdr/session.json workspaces=3
2026-08-26T20:12:42.977226Z  INFO herdr::logging: tab focused event="tab.focus" subsystem="tab" outcome="ok" workspace_id="w9" tab_id="w9:t4"
2026-08-26T20:12:47.764932Z  INFO herdr::logging: tab focused event="tab.focus" subsystem="tab" outcome="ok" workspace_id="w9" tab_id="w9:t2"
2026-08-26T20:12:48.510155Z  INFO herdr::logging: tab focused event="tab.focus" subsystem="tab" outcome="ok" workspace_id="w9" tab_id="w9:t2"
2026-08-26T20:12:50.224969Z  INFO herdr::logging: tab focused event="tab.focus" subsystem="tab" outcome="ok" workspace_id="w9" tab_id="w9:t4"
2026-08-26T20:12:55.225915Z  INFO herdr::logging: session saved event="persist.save" subsystem="persist" outcome="ok" path=/home/mbv/.config/herdr/session.json workspaces=3
2026-08-26T20:14:10.862137Z  INFO herdr::logging: tab focused event="tab.focus" subsystem="tab" outcome="ok" workspace_id="w9" tab_id="w9:t4"
2026-08-26T20:14:14.997771Z  INFO herdr::logging: tab focused event="tab.focus" subsystem="tab" outcome="ok" workspace_id="w9" tab_id="w9:t4"
2026-08-26T20:14:18.149751Z  INFO herdr::app::actions: copied selection to clipboard
2026-08-26T20:14:19.845337Z  INFO herdr::logging: tab focused event="tab.focus" subsystem="tab" outcome="ok" workspace_id="w9" tab_id="w9:t2"
2026-08-26T20:14:20.441275Z  INFO herdr::logging: tab focused event="tab.focus" subsystem="tab" outcome="ok" workspace_id="w9" tab_id="w9:t2"
2026-08-26T20:14:25.442815Z  INFO herdr::logging: session saved event="persist.save" subsystem="persist" outcome="ok" path=/home/mbv/.config/herdr/session.json workspaces=3
2026-08-26T20:14:32.348860Z  INFO herdr::logging: tab focused event="tab.focus" subsystem="tab" outcome="ok" workspace_id="w9" tab_id="w9:t4"
2026-08-26T20:14:37.349643Z  INFO herdr::logging: session saved event="persist.save" subsystem="persist" outcome="ok" path=/home/mbv/.config/herdr/session.json workspaces=3
2026-08-26T20:14:50.955659Z  INFO herdr::logging: tab focused event="tab.focus" subsystem="tab" outcome="ok" workspace_id="w9" tab_id="w9:t2"
2026-08-26T20:14:55.957066Z  INFO herdr::logging: session saved event="persist.save" subsystem="persist" outcome="ok" path=/home/mbv/.config/herdr/session.json workspaces=3
2026-08-26T20:15:01.073192Z  INFO herdr::logging: tab focused event="tab.focus" subsystem="tab" outcome="ok" workspace_id="w9" tab_id="w9:t4"
2026-08-26T20:15:06.075030Z  INFO herdr::logging: session saved event="persist.save" subsystem="persist" outcome="ok" path=/home/mbv/.config/herdr/session.json workspaces=3
2026-08-26T20:15:38.451569Z  INFO herdr::app::actions: copied selection to clipboard
2026-08-26T20:15:39.387649Z  INFO herdr::logging: tab focused event="tab.focus" subsystem="tab" outcome="ok" workspace_id="w9" tab_id="w9:t2"
2026-08-26T20:15:41.363037Z  INFO herdr::logging: tab focused event="tab.focus" subsystem="tab" outcome="ok" workspace_id="w9" tab_id="w9:t4"
2026-08-26T20:15:42.645130Z  INFO herdr::logging: spawning pane terminal event="pane.spawn.start" subsystem="pane" outcome="started" pane_id=15 rows=74 cols=144 scrollback_limit_bytes=10000000
2026-08-26T20:15:42.647234Z  INFO herdr::logging: pane child spawned event="pane.spawned" subsystem="pane" outcome="ok" pane_id=15 pid=101176
2026-08-26T20:15:42.647407Z  INFO herdr::logging: tab focused event="tab.focus" subsystem="tab" outcome="ok" workspace_id="w9" tab_id="w9:t4"
2026-08-26T20:15:47.649274Z  INFO herdr::logging: session saved event="persist.save" subsystem="persist" outcome="ok" path=/home/mbv/.config/herdr/session.json workspaces=3
2026-08-26T20:15:57.805096Z  INFO herdr::app::actions: copied selection to clipboard
2026-08-26T20:15:58.877206Z  INFO herdr::logging: tab focused event="tab.focus" subsystem="tab" outcome="ok" workspace_id="w9" tab_id="w9:t2"
2026-08-26T20:15:59.525338Z  INFO herdr::logging: tab focused event="tab.focus" subsystem="tab" outcome="ok" workspace_id="w9" tab_id="w9:t2"
2026-08-26T20:16:04.527157Z  INFO herdr::logging: session saved event="persist.save" subsystem="persist" outcome="ok" path=/home/mbv/.config/herdr/session.json workspaces=3
2026-08-26T20:16:06.560468Z  INFO herdr::logging: tab focused event="tab.focus" subsystem="tab" outcome="ok" workspace_id="w9" tab_id="w9:t4"
2026-08-26T20:16:11.562678Z  INFO herdr::logging: session saved event="persist.save" subsystem="persist" outcome="ok" path=/home/mbv/.config/herdr/session.json workspaces=3
2026-08-26T20:16:21.521396Z  INFO herdr::logging: tab focused event="tab.focus" subsystem="tab" outcome="ok" workspace_id="w9" tab_id="w9:t2"
2026-08-26T20:16:26.523584Z  INFO herdr::logging: session saved event="persist.save" subsystem="persist" outcome="ok" path=/home/mbv/.config/herdr/session.json workspaces=3
2026-08-26T20:16:33.384436Z  INFO herdr::logging: tab focused event="tab.focus" subsystem="tab" outcome="ok" workspace_id="w9" tab_id="w9:t2"
2026-08-26T20:16:38.386312Z  INFO herdr::logging: session saved event="persist.save" subsystem="persist" outcome="ok" path=/home/mbv/.config/herdr/session.json workspaces=3
2026-08-26T20:16:57.274824Z  INFO herdr::logging: tab focused event="tab.focus" subsystem="tab" outcome="ok" workspace_id="w9" tab_id="w9:t2"
2026-08-26T20:17:02.277229Z  INFO herdr::logging: session saved event="persist.save" subsystem="persist" outcome="ok" path=/home/mbv/.config/herdr/session.json workspaces=3
2026-08-26T20:17:02.832621Z  INFO herdr::logging: tab focused event="tab.focus" subsystem="tab" outcome="ok" workspace_id="w9" tab_id="w9:t4"
2026-08-26T20:17:04.324869Z  INFO herdr::logging: tab focused event="tab.focus" subsystem="tab" outcome="ok" workspace_id="w9" tab_id="w9:t4"
2026-08-26T20:17:09.040477Z  INFO herdr::pane: agent changed pane=14 previous_agent=Some(Codex) agent=None pgid=Some(33164)
2026-08-26T20:17:09.326610Z  INFO herdr::logging: session saved event="persist.save" subsystem="persist" outcome="ok" path=/home/mbv/.config/herdr/session.json workspaces=3
2026-08-26T20:17:12.205726Z  INFO herdr::logging: tab focused event="tab.focus" subsystem="tab" outcome="ok" workspace_id="w9" tab_id="w9:t4"
2026-08-26T20:17:13.452308Z  INFO herdr::pane: agent changed pane=15 previous_agent=None agent=Some(OpenCode) process=opencode pgid=Some(102294)
2026-08-26T20:17:17.207525Z  INFO herdr::logging: session saved event="persist.save" subsystem="persist" outcome="ok" path=/home/mbv/.config/herdr/session.json workspaces=3
2026-08-26T20:17:19.467551Z  INFO herdr::logging: tab focused event="tab.focus" subsystem="tab" outcome="ok" workspace_id="w9" tab_id="w9:t4"
2026-08-26T20:17:20.531352Z  INFO herdr::app::actions: copied selection to clipboard
2026-08-26T20:17:21.185409Z  INFO herdr::logging: tab focused event="tab.focus" subsystem="tab" outcome="ok" workspace_id="w9" tab_id="w9:t4"
2026-08-26T20:17:23.759661Z  INFO herdr::logging: tab focused event="tab.focus" subsystem="tab" outcome="ok" workspace_id="w9" tab_id="w9:t1"
2026-08-26T20:17:24.423613Z  INFO herdr::logging: tab focused event="tab.focus" subsystem="tab" outcome="ok" workspace_id="w9" tab_id="w9:t2"
2026-08-26T20:17:27.238368Z  INFO herdr::logging: tab focused event="tab.focus" subsystem="tab" outcome="ok" workspace_id="w9" tab_id="w9:t4"
2026-08-26T20:17:28.311173Z  INFO herdr::pane: agent changed pane=15 previous_agent=Some(OpenCode) agent=None pgid=Some(101176)
2026-08-26T20:17:29.596469Z  INFO herdr::logging: tab focused event="tab.focus" subsystem="tab" outcome="ok" workspace_id="w9" tab_id="w9:t2"
2026-08-26T20:17:30.312427Z  INFO herdr::logging: tab focused event="tab.focus" subsystem="tab" outcome="ok" workspace_id="w9" tab_id="w9:t2"
2026-08-26T20:17:35.314957Z  INFO herdr::logging: session saved event="persist.save" subsystem="persist" outcome="ok" path=/home/mbv/.config/herdr/session.json workspaces=3
2026-08-26T20:17:46.017334Z  INFO herdr::logging: tab focused event="tab.focus" subsystem="tab" outcome="ok" workspace_id="w9" tab_id="w9:t2"
2026-08-26T20:17:51.019575Z  INFO herdr::logging: session saved event="persist.save" subsystem="persist" outcome="ok" path=/home/mbv/.config/herdr/session.json workspaces=3
2026-08-26T20:17:57.334000Z  INFO herdr::logging: tab focused event="tab.focus" subsystem="tab" outcome="ok" workspace_id="w9" tab_id="w9:t4"
2026-08-26T20:18:00.403097Z  INFO herdr::pane: agent changed pane=15 previous_agent=None agent=Some(OpenCode) process=opencode pgid=Some(102922)
2026-08-26T20:18:02.336404Z  INFO herdr::logging: session saved event="persist.save" subsystem="persist" outcome="ok" path=/home/mbv/.config/herdr/session.json workspaces=3
2026-08-26T20:18:03.872019Z  INFO herdr::logging: tab focused event="tab.focus" subsystem="tab" outcome="ok" workspace_id="w9" tab_id="w9:t2"
2026-08-26T20:18:08.874428Z  INFO herdr::logging: session saved event="persist.save" subsystem="persist" outcome="ok" path=/home/mbv/.config/herdr/session.json workspaces=3
2026-08-26T20:18:18.518686Z  INFO herdr::logging: tab focused event="tab.focus" subsystem="tab" outcome="ok" workspace_id="w9" tab_id="w9:t4"
2026-08-26T20:18:23.520039Z  INFO herdr::logging: session saved event="persist.save" subsystem="persist" outcome="ok" path=/home/mbv/.config/herdr/session.json workspaces=3
2026-08-26T20:18:49.926311Z  INFO herdr::logging: tab focused event="tab.focus" subsystem="tab" outcome="ok" workspace_id="w9" tab_id="w9:t2"
2026-08-26T20:18:54.928375Z  INFO herdr::logging: session saved event="persist.save" subsystem="persist" outcome="ok" path=/home/mbv/.config/herdr/session.json workspaces=3
2026-08-26T20:18:59.449438Z  INFO herdr::logging: tab focused event="tab.focus" subsystem="tab" outcome="ok" workspace_id="w9" tab_id="w9:t4"
2026-08-26T20:19:04.451545Z  INFO herdr::logging: session saved event="persist.save" subsystem="persist" outcome="ok" path=/home/mbv/.config/herdr/session.json workspaces=3
2026-08-26T20:19:39.995561Z  INFO herdr::logging: tab focused event="tab.focus" subsystem="tab" outcome="ok" workspace_id="w9" tab_id="w9:t2"
2026-08-26T20:19:44.783510Z  INFO herdr::logging: tab focused event="tab.focus" subsystem="tab" outcome="ok" workspace_id="w9" tab_id="w9:t4"
2026-08-26T20:19:49.785014Z  INFO herdr::logging: session saved event="persist.save" subsystem="persist" outcome="ok" path=/home/mbv/.config/herdr/session.json workspaces=3
2026-08-26T20:20:06.871652Z  INFO herdr::logging: tab focused event="tab.focus" subsystem="tab" outcome="ok" workspace_id="w9" tab_id="w9:t2"
2026-08-26T20:20:11.873538Z  INFO herdr::logging: session saved event="persist.save" subsystem="persist" outcome="ok" path=/home/mbv/.config/herdr/session.json workspaces=3
2026-08-26T20:20:12.813617Z  INFO herdr::logging: tab focused event="tab.focus" subsystem="tab" outcome="ok" workspace_id="w9" tab_id="w9:t2"
2026-08-26T20:20:16.047268Z  INFO herdr::pane: agent changed pane=13 previous_agent=None agent=Some(Codex) process=codex pgid=Some(108633)
2026-08-26T20:20:17.816843Z  INFO herdr::logging: session saved event="persist.save" subsystem="persist" outcome="ok" path=/home/mbv/.config/herdr/session.json workspaces=3
2026-08-26T20:20:22.866497Z  INFO herdr::logging: tab focused event="tab.focus" subsystem="tab" outcome="ok" workspace_id="w9" tab_id="w9:t2"
2026-08-26T20:20:27.868838Z  INFO herdr::logging: session saved event="persist.save" subsystem="persist" outcome="ok" path=/home/mbv/.config/herdr/session.json workspaces=3
2026-08-26T20:20:34.354968Z  INFO herdr::logging: tab focused event="tab.focus" subsystem="tab" outcome="ok" workspace_id="w9" tab_id="w9:t4"
2026-08-26T20:20:39.356300Z  INFO herdr::logging: session saved event="persist.save" subsystem="persist" outcome="ok" path=/home/mbv/.config/herdr/session.json workspaces=3
2026-08-26T20:20:47.409624Z  INFO herdr::logging: tab focused event="tab.focus" subsystem="tab" outcome="ok" workspace_id="w9" tab_id="w9:t2"
2026-08-26T20:20:52.411638Z  INFO herdr::logging: session saved event="persist.save" subsystem="persist" outcome="ok" path=/home/mbv/.config/herdr/session.json workspaces=3
2026-08-26T20:20:56.858861Z  INFO herdr::app::actions: copied selection to clipboard
2026-08-26T20:20:57.670654Z  INFO herdr::logging: tab focused event="tab.focus" subsystem="tab" outcome="ok" workspace_id="w9" tab_id="w9:t2"
2026-08-26T20:21:02.673302Z  INFO herdr::logging: session saved event="persist.save" subsystem="persist" outcome="ok" path=/home/mbv/.config/herdr/session.json workspaces=3
2026-08-26T20:21:12.216442Z  INFO herdr::logging: tab focused event="tab.focus" subsystem="tab" outcome="ok" workspace_id="w9" tab_id="w9:t4"
2026-08-26T20:21:17.218229Z  INFO herdr::logging: session saved event="persist.save" subsystem="persist" outcome="ok" path=/home/mbv/.config/herdr/session.json workspaces=3
2026-08-26T20:21:30.190320Z  INFO herdr::logging: tab focused event="tab.focus" subsystem="tab" outcome="ok" workspace_id="w9" tab_id="w9:t2"
2026-08-26T20:21:31.786230Z  INFO herdr::logging: tab focused event="tab.focus" subsystem="tab" outcome="ok" workspace_id="w9" tab_id="w9:t4"
2026-08-26T20:21:36.787966Z  INFO herdr::logging: session saved event="persist.save" subsystem="persist" outcome="ok" path=/home/mbv/.config/herdr/session.json workspaces=3
2026-08-26T20:21:41.945273Z  INFO herdr::logging: tab focused event="tab.focus" subsystem="tab" outcome="ok" workspace_id="w9" tab_id="w9:t2"
2026-08-26T20:21:46.946877Z  INFO herdr::logging: session saved event="persist.save" subsystem="persist" outcome="ok" path=/home/mbv/.config/herdr/session.json workspaces=3
2026-08-26T20:21:54.593994Z  INFO herdr::logging: tab focused event="tab.focus" subsystem="tab" outcome="ok" workspace_id="w9" tab_id="w9:t4"
2026-08-26T20:21:59.596110Z  INFO herdr::logging: session saved event="persist.save" subsystem="persist" outcome="ok" path=/home/mbv/.config/herdr/session.json workspaces=3
2026-08-26T20:22:09.951137Z  INFO herdr::logging: tab focused event="tab.focus" subsystem="tab" outcome="ok" workspace_id="w9" tab_id="w9:t2"
2026-08-26T20:22:14.032992Z  INFO herdr::logging: tab focused event="tab.focus" subsystem="tab" outcome="ok" workspace_id="w9" tab_id="w9:t4"
2026-08-26T20:22:19.034155Z  INFO herdr::logging: session saved event="persist.save" subsystem="persist" outcome="ok" path=/home/mbv/.config/herdr/session.json workspaces=3
2026-08-26T20:22:47.342348Z  INFO herdr::logging: tab focused event="tab.focus" subsystem="tab" outcome="ok" workspace_id="w9" tab_id="w9:t2"
2026-08-26T20:22:49.620569Z  INFO herdr::logging: tab focused event="tab.focus" subsystem="tab" outcome="ok" workspace_id="w9" tab_id="w9:t4"
2026-08-26T20:22:54.621858Z  INFO herdr::logging: session saved event="persist.save" subsystem="persist" outcome="ok" path=/home/mbv/.config/herdr/session.json workspaces=3
2026-08-26T20:24:26.976943Z  INFO herdr::logging: tab focused event="tab.focus" subsystem="tab" outcome="ok" workspace_id="w9" tab_id="w9:t2"
2026-08-26T20:24:31.977776Z  INFO herdr::logging: session saved event="persist.save" subsystem="persist" outcome="ok" path=/home/mbv/.config/herdr/session.json workspaces=3
2026-08-26T20:24:45.136848Z  INFO herdr::logging: tab focused event="tab.focus" subsystem="tab" outcome="ok" workspace_id="w9" tab_id="w9:t2"
2026-08-26T20:24:45.822056Z  INFO herdr::logging: tab focused event="tab.focus" subsystem="tab" outcome="ok" workspace_id="w9" tab_id="w9:t4"
2026-08-26T20:24:50.824053Z  INFO herdr::logging: session saved event="persist.save" subsystem="persist" outcome="ok" path=/home/mbv/.config/herdr/session.json workspaces=3
2026-08-26T20:24:53.505732Z  INFO herdr::logging: tab focused event="tab.focus" subsystem="tab" outcome="ok" workspace_id="w9" tab_id="w9:t2"
2026-08-26T20:24:58.507256Z  INFO herdr::logging: session saved event="persist.save" subsystem="persist" outcome="ok" path=/home/mbv/.config/herdr/session.json workspaces=3
2026-08-26T20:34:57.823194Z  INFO herdr::logging: tab focused event="tab.focus" subsystem="tab" outcome="ok" workspace_id="w9" tab_id="w9:t4"
2026-08-26T20:35:02.825615Z  INFO herdr::logging: session saved event="persist.save" subsystem="persist" outcome="ok" path=/home/mbv/.config/herdr/session.json workspaces=3
2026-08-26T20:35:18.827395Z  INFO herdr::logging: tab focused event="tab.focus" subsystem="tab" outcome="ok" workspace_id="w9" tab_id="w9:t2"
2026-08-26T20:35:19.945844Z  INFO herdr::logging: tab focused event="tab.focus" subsystem="tab" outcome="ok" workspace_id="w9" tab_id="w9:t4"
2026-08-26T20:35:24.947585Z  INFO herdr::logging: session saved event="persist.save" subsystem="persist" outcome="ok" path=/home/mbv/.config/herdr/session.json workspaces=3
2026-08-26T20:35:35.801668Z  INFO herdr::logging: tab focused event="tab.focus" subsystem="tab" outcome="ok" workspace_id="w9" tab_id="w9:t2"
2026-08-26T20:35:40.802873Z  INFO herdr::logging: session saved event="persist.save" subsystem="persist" outcome="ok" path=/home/mbv/.config/herdr/session.json workspaces=3
2026-08-26T20:35:50.049367Z  INFO herdr::logging: tab focused event="tab.focus" subsystem="tab" outcome="ok" workspace_id="w9" tab_id="w9:t4"
2026-08-26T20:35:55.051610Z  INFO herdr::logging: session saved event="persist.save" subsystem="persist" outcome="ok" path=/home/mbv/.config/herdr/session.json workspaces=3
2026-08-26T20:36:09.041466Z  INFO herdr::logging: tab focused event="tab.focus" subsystem="tab" outcome="ok" workspace_id="w9" tab_id="w9:t2"
2026-08-26T20:36:12.565175Z  INFO herdr::logging: tab focused event="tab.focus" subsystem="tab" outcome="ok" workspace_id="w9" tab_id="w9:t4"
2026-08-26T20:36:12.833270Z  INFO herdr::logging: tab focused event="tab.focus" subsystem="tab" outcome="ok" workspace_id="w9" tab_id="w9:t4"
2026-08-26T20:36:17.835465Z  INFO herdr::logging: session saved event="persist.save" subsystem="persist" outcome="ok" path=/home/mbv/.config/herdr/session.json workspaces=3
2026-08-26T20:36:27.910203Z  INFO herdr::logging: tab focused event="tab.focus" subsystem="tab" outcome="ok" workspace_id="w9" tab_id="w9:t2"
2026-08-26T20:36:32.911995Z  INFO herdr::logging: session saved event="persist.save" subsystem="persist" outcome="ok" path=/home/mbv/.config/herdr/session.json workspaces=3
2026-08-26T20:36:37.724039Z  INFO herdr::logging: tab focused event="tab.focus" subsystem="tab" outcome="ok" workspace_id="w9" tab_id="w9:t4"
2026-08-26T20:36:42.725910Z  INFO herdr::logging: session saved event="persist.save" subsystem="persist" outcome="ok" path=/home/mbv/.config/herdr/session.json workspaces=3
2026-08-26T20:36:48.755010Z  INFO herdr::logging: tab focused event="tab.focus" subsystem="tab" outcome="ok" workspace_id="w9" tab_id="w9:t4"
2026-08-26T20:36:51.044074Z  INFO herdr::logging: tab focused event="tab.focus" subsystem="tab" outcome="ok" workspace_id="w9" tab_id="w9:t4"
2026-08-26T20:36:56.046519Z  INFO herdr::logging: session saved event="persist.save" subsystem="persist" outcome="ok" path=/home/mbv/.config/herdr/session.json workspaces=3
2026-08-26T20:37:03.583353Z  INFO herdr::logging: tab focused event="tab.focus" subsystem="tab" outcome="ok" workspace_id="w9" tab_id="w9:t2"
2026-08-26T20:37:08.584703Z  INFO herdr::logging: session saved event="persist.save" subsystem="persist" outcome="ok" path=/home/mbv/.config/herdr/session.json workspaces=3
2026-08-26T20:37:23.342503Z  INFO herdr::logging: tab focused event="tab.focus" subsystem="tab" outcome="ok" workspace_id="w9" tab_id="w9:t2"
2026-08-26T20:37:26.247321Z  INFO herdr::pane: agent changed pane=9 previous_agent=Some(Codex) agent=None pgid=Some(4361)
2026-08-26T20:37:28.343684Z  INFO herdr::logging: session saved event="persist.save" subsystem="persist" outcome="ok" path=/home/mbv/.config/herdr/session.json workspaces=3
2026-08-26T20:37:45.026274Z  INFO herdr::logging: tab focused event="tab.focus" subsystem="tab" outcome="ok" workspace_id="w9" tab_id="w9:t2"
2026-08-26T20:37:49.683869Z  INFO herdr::logging: checking for updates event="update.check.start" subsystem="update" outcome="started"
2026-08-26T20:37:50.027766Z  INFO herdr::logging: session saved event="persist.save" subsystem="persist" outcome="ok" path=/home/mbv/.config/herdr/session.json workspaces=3
2026-08-26T20:37:57.241843Z  INFO herdr::logging: tab focused event="tab.focus" subsystem="tab" outcome="ok" workspace_id="w9" tab_id="w9:t4"
2026-08-26T20:38:02.242785Z  INFO herdr::logging: session saved event="persist.save" subsystem="persist" outcome="ok" path=/home/mbv/.config/herdr/session.json workspaces=3
2026-08-26T20:38:14.645543Z  INFO herdr::logging: tab focused event="tab.focus" subsystem="tab" outcome="ok" workspace_id="w9" tab_id="w9:t2"
2026-08-26T20:38:19.647100Z  INFO herdr::logging: session saved event="persist.save" subsystem="persist" outcome="ok" path=/home/mbv/.config/herdr/session.json workspaces=3
2026-08-26T20:38:24.949776Z  INFO herdr::logging: tab focused event="tab.focus" subsystem="tab" outcome="ok" workspace_id="w9" tab_id="w9:t4"
2026-08-26T20:38:29.950655Z  INFO herdr::logging: session saved event="persist.save" subsystem="persist" outcome="ok" path=/home/mbv/.config/herdr/session.json workspaces=3
2026-08-26T20:38:47.327769Z  INFO herdr::logging: tab focused event="tab.focus" subsystem="tab" outcome="ok" workspace_id="w9" tab_id="w9:t2"
2026-08-26T20:38:52.328788Z  INFO herdr::logging: session saved event="persist.save" subsystem="persist" outcome="ok" path=/home/mbv/.config/herdr/session.json workspaces=3
2026-08-26T20:38:53.612890Z  INFO herdr::logging: tab focused event="tab.focus" subsystem="tab" outcome="ok" workspace_id="w9" tab_id="w9:t4"
2026-08-26T20:38:58.614315Z  INFO herdr::logging: session saved event="persist.save" subsystem="persist" outcome="ok" path=/home/mbv/.config/herdr/session.json workspaces=3
2026-08-26T20:39:18.868688Z  INFO herdr::logging: tab focused event="tab.focus" subsystem="tab" outcome="ok" workspace_id="w9" tab_id="w9:t2"
2026-08-26T20:39:22.939442Z  INFO herdr::logging: tab focused event="tab.focus" subsystem="tab" outcome="ok" workspace_id="w9" tab_id="w9:t4"
2026-08-26T20:39:27.940208Z  INFO herdr::logging: session saved event="persist.save" subsystem="persist" outcome="ok" path=/home/mbv/.config/herdr/session.json workspaces=3
2026-08-26T20:39:31.214314Z  INFO herdr::logging: tab focused event="tab.focus" subsystem="tab" outcome="ok" workspace_id="w9" tab_id="w9:t2"
2026-08-26T20:39:36.215739Z  INFO herdr::logging: session saved event="persist.save" subsystem="persist" outcome="ok" path=/home/mbv/.config/herdr/session.json workspaces=3
2026-08-26T20:39:53.342562Z  INFO herdr::logging: tab focused event="tab.focus" subsystem="tab" outcome="ok" workspace_id="w9" tab_id="w9:t4"
2026-08-26T20:39:58.343783Z  INFO herdr::logging: session saved event="persist.save" subsystem="persist" outcome="ok" path=/home/mbv/.config/herdr/session.json workspaces=3
2026-08-26T20:40:12.465625Z  INFO herdr::logging: tab focused event="tab.focus" subsystem="tab" outcome="ok" workspace_id="w9" tab_id="w9:t2"
2026-08-26T20:40:16.502535Z  INFO herdr::logging: tab focused event="tab.focus" subsystem="tab" outcome="ok" workspace_id="w9" tab_id="w9:t4"
2026-08-26T20:40:21.504639Z  INFO herdr::logging: session saved event="persist.save" subsystem="persist" outcome="ok" path=/home/mbv/.config/herdr/session.json workspaces=3
2026-08-26T20:40:31.433091Z  INFO herdr::logging: tab focused event="tab.focus" subsystem="tab" outcome="ok" workspace_id="w9" tab_id="w9:t2"
2026-08-26T20:40:36.435558Z  INFO herdr::logging: session saved event="persist.save" subsystem="persist" outcome="ok" path=/home/mbv/.config/herdr/session.json workspaces=3
2026-08-26T20:41:25.013431Z  INFO herdr::logging: tab focused event="tab.focus" subsystem="tab" outcome="ok" workspace_id="w9" tab_id="w9:t4"
2026-08-26T20:41:30.019535Z  INFO herdr::logging: session saved event="persist.save" subsystem="persist" outcome="ok" path=/home/mbv/.config/herdr/session.json workspaces=3
2026-08-26T20:41:32.143870Z  INFO herdr::logging: tab focused event="tab.focus" subsystem="tab" outcome="ok" workspace_id="w9" tab_id="w9:t2"
2026-08-26T20:41:37.144735Z  INFO herdr::logging: session saved event="persist.save" subsystem="persist" outcome="ok" path=/home/mbv/.config/herdr/session.json workspaces=3
2026-08-26T20:42:37.957641Z  INFO herdr::logging: tab focused event="tab.focus" subsystem="tab" outcome="ok" workspace_id="w9" tab_id="w9:t2"
2026-08-26T20:42:41.699965Z  INFO herdr::pane: agent changed pane=9 previous_agent=None agent=Some(Codex) process=codex pgid=Some(119976)
2026-08-26T20:42:42.959715Z  INFO herdr::logging: session saved event="persist.save" subsystem="persist" outcome="ok" path=/home/mbv/.config/herdr/session.json workspaces=3
2026-08-26T20:42:57.532619Z  INFO herdr::logging: tab focused event="tab.focus" subsystem="tab" outcome="ok" workspace_id="w9" tab_id="w9:t2"
2026-08-26T20:42:58.415031Z  INFO herdr::pane: agent changed pane=13 previous_agent=Some(Codex) agent=None pgid=Some(32358)
2026-08-26T20:43:02.535142Z  INFO herdr::logging: session saved event="persist.save" subsystem="persist" outcome="ok" path=/home/mbv/.config/herdr/session.json workspaces=3
2026-08-26T20:47:15.848633Z  INFO herdr::logging: tab focused event="tab.focus" subsystem="tab" outcome="ok" workspace_id="w9" tab_id="w9:t4"
2026-08-26T20:47:20.850656Z  INFO herdr::logging: session saved event="persist.save" subsystem="persist" outcome="ok" path=/home/mbv/.config/herdr/session.json workspaces=3
2026-08-26T20:47:22.387736Z  INFO herdr::logging: tab focused event="tab.focus" subsystem="tab" outcome="ok" workspace_id="w9" tab_id="w9:t2"
2026-08-26T20:47:27.389237Z  INFO herdr::logging: session saved event="persist.save" subsystem="persist" outcome="ok" path=/home/mbv/.config/herdr/session.json workspaces=3
2026-08-26T20:47:49.245103Z  INFO herdr::logging: tab focused event="tab.focus" subsystem="tab" outcome="ok" workspace_id="w9" tab_id="w9:t4"
2026-08-26T20:47:54.247307Z  INFO herdr::logging: session saved event="persist.save" subsystem="persist" outcome="ok" path=/home/mbv/.config/herdr/session.json workspaces=3
2026-08-26T20:48:00.993143Z  INFO herdr::logging: tab focused event="tab.focus" subsystem="tab" outcome="ok" workspace_id="w9" tab_id="w9:t4"
2026-08-26T20:48:05.995030Z  INFO herdr::logging: session saved event="persist.save" subsystem="persist" outcome="ok" path=/home/mbv/.config/herdr/session.json workspaces=3
2026-08-26T20:48:07.213382Z  INFO herdr::logging: tab focused event="tab.focus" subsystem="tab" outcome="ok" workspace_id="w9" tab_id="w9:t4"
2026-08-26T20:48:08.033226Z  INFO herdr::logging: tab focused event="tab.focus" subsystem="tab" outcome="ok" workspace_id="w9" tab_id="w9:t4"
2026-08-26T20:48:13.035093Z  INFO herdr::logging: session saved event="persist.save" subsystem="persist" outcome="ok" path=/home/mbv/.config/herdr/session.json workspaces=3
2026-08-26T20:48:33.912205Z  INFO herdr::logging: tab focused event="tab.focus" subsystem="tab" outcome="ok" workspace_id="w9" tab_id="w9:t4"
2026-08-26T20:48:34.454915Z  INFO herdr::logging: tab focused event="tab.focus" subsystem="tab" outcome="ok" workspace_id="w9" tab_id="w9:t4"
2026-08-26T20:48:39.456886Z  INFO herdr::logging: session saved event="persist.save" subsystem="persist" outcome="ok" path=/home/mbv/.config/herdr/session.json workspaces=3
2026-08-26T20:48:40.216133Z  INFO herdr::logging: tab focused event="tab.focus" subsystem="tab" outcome="ok" workspace_id="w9" tab_id="w9:t2"
2026-08-26T20:48:45.218253Z  INFO herdr::logging: session saved event="persist.save" subsystem="persist" outcome="ok" path=/home/mbv/.config/herdr/session.json workspaces=3
2026-08-26T20:48:47.791813Z  INFO herdr::logging: tab focused event="tab.focus" subsystem="tab" outcome="ok" workspace_id="w9" tab_id="w9:t4"
2026-08-26T20:48:52.793000Z  INFO herdr::logging: session saved event="persist.save" subsystem="persist" outcome="ok" path=/home/mbv/.config/herdr/session.json workspaces=3
2026-08-26T20:49:11.732402Z  INFO herdr::logging: tab focused event="tab.focus" subsystem="tab" outcome="ok" workspace_id="w9" tab_id="w9:t4"
2026-08-26T20:49:16.182341Z  INFO herdr::logging: tab focused event="tab.focus" subsystem="tab" outcome="ok" workspace_id="w9" tab_id="w9:t2"
2026-08-26T20:49:17.940746Z  INFO herdr::logging: tab focused event="tab.focus" subsystem="tab" outcome="ok" workspace_id="w9" tab_id="w9:t4"
2026-08-26T20:49:22.942435Z  INFO herdr::logging: session saved event="persist.save" subsystem="persist" outcome="ok" path=/home/mbv/.config/herdr/session.json workspaces=3
2026-08-26T20:49:26.788044Z  INFO herdr::logging: tab focused event="tab.focus" subsystem="tab" outcome="ok" workspace_id="w9" tab_id="w9:t2"
2026-08-26T20:49:31.790299Z  INFO herdr::logging: session saved event="persist.save" subsystem="persist" outcome="ok" path=/home/mbv/.config/herdr/session.json workspaces=3
2026-08-26T20:50:02.205654Z  INFO herdr::pane: agent changed pane=13 previous_agent=None agent=Some(OpenCode) process=opencode pgid=Some(122076)
2026-08-26T20:50:04.917121Z  INFO herdr::pane: agent changed pane=13 previous_agent=Some(OpenCode) agent=None pgid=Some(32358)
2026-08-26T20:50:05.418489Z  INFO herdr::pane: agent changed pane=13 previous_agent=None agent=Some(OpenCode) process=opencode pgid=Some(122247)
2026-08-26T20:50:08.430364Z  INFO herdr::pane: agent changed pane=13 previous_agent=Some(OpenCode) agent=None pgid=Some(32358)
2026-08-26T20:50:39.285271Z  INFO herdr::logging: tab focused event="tab.focus" subsystem="tab" outcome="ok" workspace_id="w9" tab_id="w9:t2"
2026-08-26T20:50:42.541898Z  INFO herdr::logging: tab focused event="tab.focus" subsystem="tab" outcome="ok" workspace_id="w9" tab_id="w9:t2"
2026-08-26T20:50:47.543987Z  INFO herdr::logging: session saved event="persist.save" subsystem="persist" outcome="ok" path=/home/mbv/.config/herdr/session.json workspaces=3
2026-08-26T20:50:54.571812Z  INFO herdr::logging: tab focused event="tab.focus" subsystem="tab" outcome="ok" workspace_id="w9" tab_id="w9:t2"
2026-08-26T20:50:59.573854Z  INFO herdr::logging: session saved event="persist.save" subsystem="persist" outcome="ok" path=/home/mbv/.config/herdr/session.json workspaces=3
2026-08-26T20:58:40.241500Z  INFO herdr::pane: agent changed pane=9 previous_agent=Some(Codex) agent=None pgid=Some(4361)
2026-08-26T20:58:57.801096Z  INFO herdr::pane: agent changed pane=9 previous_agent=None agent=Some(Codex) process=codex pgid=Some(126247)
2026-08-26T20:59:26.944607Z  INFO herdr::logging: tab focused event="tab.focus" subsystem="tab" outcome="ok" workspace_id="w9" tab_id="w9:t4"
2026-08-26T20:59:28.200500Z  INFO herdr::logging: tab focused event="tab.focus" subsystem="tab" outcome="ok" workspace_id="w9" tab_id="w9:t2"
2026-08-26T20:59:28.657675Z  INFO herdr::logging: tab focused event="tab.focus" subsystem="tab" outcome="ok" workspace_id="w9" tab_id="w9:t2"
2026-08-26T20:59:33.674959Z  INFO herdr::logging: session saved event="persist.save" subsystem="persist" outcome="ok" path=/home/mbv/.config/herdr/session.json workspaces=3
2026-08-26T20:59:51.135261Z  INFO herdr::logging: tab focused event="tab.focus" subsystem="tab" outcome="ok" workspace_id="w9" tab_id="w9:t4"
2026-08-26T20:59:55.197410Z  INFO herdr::logging: tab focused event="tab.focus" subsystem="tab" outcome="ok" workspace_id="w9" tab_id="w9:t4"
2026-08-26T20:59:56.173316Z  INFO herdr::logging: tab focused event="tab.focus" subsystem="tab" outcome="ok" workspace_id="w9" tab_id="w9:t4"
2026-08-26T20:59:57.137997Z  INFO herdr::pane: agent changed pane=15 previous_agent=Some(OpenCode) agent=None pgid=Some(101176)
2026-08-26T20:59:59.646119Z  INFO herdr::pane: agent changed pane=15 previous_agent=None agent=Some(OpenCode) process=opencode pgid=Some(127469)
2026-08-26T21:00:01.175587Z  INFO herdr::logging: session saved event="persist.save" subsystem="persist" outcome="ok" path=/home/mbv/.config/herdr/session.json workspaces=3
2026-08-26T21:00:39.749213Z  INFO herdr::logging: tab focused event="tab.focus" subsystem="tab" outcome="ok" workspace_id="w9" tab_id="w9:t4"
2026-08-26T21:00:44.750938Z  INFO herdr::logging: session saved event="persist.save" subsystem="persist" outcome="ok" path=/home/mbv/.config/herdr/session.json workspaces=3
2026-08-26T21:01:12.693250Z  INFO herdr::logging: tab focused event="tab.focus" subsystem="tab" outcome="ok" workspace_id="w9" tab_id="w9:t4"
2026-08-26T21:01:14.331049Z  INFO herdr::logging: tab focused event="tab.focus" subsystem="tab" outcome="ok" workspace_id="w9" tab_id="w9:t2"
2026-08-26T21:01:15.413753Z  INFO herdr::logging: tab focused event="tab.focus" subsystem="tab" outcome="ok" workspace_id="w9" tab_id="w9:t4"
2026-08-26T21:01:20.414952Z  INFO herdr::logging: session saved event="persist.save" subsystem="persist" outcome="ok" path=/home/mbv/.config/herdr/session.json workspaces=3
2026-08-26T21:04:57.474262Z  INFO herdr::logging: tab focused event="tab.focus" subsystem="tab" outcome="ok" workspace_id="w9" tab_id="w9:t4"
2026-08-26T21:04:57.974472Z  INFO herdr::logging: tab focused event="tab.focus" subsystem="tab" outcome="ok" workspace_id="w9" tab_id="w9:t2"
2026-08-26T21:05:02.976545Z  INFO herdr::logging: session saved event="persist.save" subsystem="persist" outcome="ok" path=/home/mbv/.config/herdr/session.json workspaces=3
2026-08-26T21:05:09.654253Z  INFO herdr::logging: tab focused event="tab.focus" subsystem="tab" outcome="ok" workspace_id="w9" tab_id="w9:t2"
2026-08-26T21:05:14.655853Z  INFO herdr::logging: session saved event="persist.save" subsystem="persist" outcome="ok" path=/home/mbv/.config/herdr/session.json workspaces=3
2026-08-26T21:05:16.912786Z  INFO herdr::logging: tab focused event="tab.focus" subsystem="tab" outcome="ok" workspace_id="w9" tab_id="w9:t2"
2026-08-26T21:05:21.914222Z  INFO herdr::logging: session saved event="persist.save" subsystem="persist" outcome="ok" path=/home/mbv/.config/herdr/session.json workspaces=3
2026-08-26T21:05:23.788137Z  INFO herdr::logging: tab focused event="tab.focus" subsystem="tab" outcome="ok" workspace_id="w9" tab_id="w9:t2"
2026-08-26T21:05:24.834379Z  INFO herdr::server::headless: client detach requested via keybind client_id=2
2026-08-26T21:05:24.837129Z  INFO herdr::server::headless: client disconnected client_id=2
2026-08-26T21:05:28.790106Z  INFO herdr::logging: session saved event="persist.save" subsystem="persist" outcome="ok" path=/home/mbv/.config/herdr/session.json workspaces=3
2026-08-26T21:06:33.307371Z  INFO herdr::server::headless: server shutdown initiated
2026-08-26T21:06:33.357459Z  INFO herdr::server::headless: completing server shutdown
2026-08-26T21:06:33.357810Z  INFO herdr::logging: session saved event="persist.save" subsystem="persist" outcome="ok" path=/home/mbv/.config/herdr/session.json workspaces=3
2026-08-26T21:06:33.357944Z  INFO herdr::server::headless: headless server exiting
2026-08-26T21:06:33.358519Z  INFO herdr::logging: pane child exited event="pane.exit" subsystem="pane" outcome="completed" pane_id=9 status="ExitStatus { code: 1, signal: Some(\"Hangup\") }"
2026-08-26T21:06:33.363899Z  INFO herdr::pane: pane session terminated pane=9 pid=4361 signal=Hangup
2026-08-26T21:06:33.364605Z  INFO herdr::logging: pane child exited event="pane.exit" subsystem="pane" outcome="completed" pane_id=3 status="ExitStatus { code: 1, signal: Some(\"Hangup\") }"
2026-08-26T21:06:33.369358Z  INFO herdr::pane: pane session terminated pane=3 pid=4335 signal=Hangup
2026-08-26T21:06:33.370530Z  INFO herdr::logging: pane child exited event="pane.exit" subsystem="pane" outcome="completed" pane_id=10 status="ExitStatus { code: 1, signal: Some(\"Hangup\") }"
2026-08-26T21:06:33.374850Z  INFO herdr::pane: pane session terminated pane=10 pid=4365 signal=Hangup
2026-08-26T21:06:33.375654Z  INFO herdr::logging: pane child exited event="pane.exit" subsystem="pane" outcome="completed" pane_id=5 status="ExitStatus { code: 1, signal: Some(\"Hangup\") }"
2026-08-26T21:06:33.379706Z  INFO herdr::pane: pane session terminated pane=5 pid=4342 signal=Hangup
2026-08-26T21:06:33.380322Z  INFO herdr::logging: pane child exited event="pane.exit" subsystem="pane" outcome="completed" pane_id=13 status="ExitStatus { code: 1, signal: Some(\"Hangup\") }"
2026-08-26T21:06:33.384018Z  INFO herdr::pane: pane session terminated pane=13 pid=32358 signal=Hangup
2026-08-26T21:06:33.384646Z  INFO herdr::logging: pane child exited event="pane.exit" subsystem="pane" outcome="completed" pane_id=8 status="ExitStatus { code: 1, signal: Some(\"Hangup\") }"
2026-08-26T21:06:33.388192Z  INFO herdr::pane: pane session terminated pane=8 pid=4356 signal=Hangup
2026-08-26T21:06:33.388701Z  INFO herdr::logging: pane child exited event="pane.exit" subsystem="pane" outcome="completed" pane_id=1 status="ExitStatus { code: 1, signal: Some(\"Hangup\") }"
2026-08-26T21:06:33.392260Z  INFO herdr::pane: pane session terminated pane=1 pid=4329 signal=Hangup
2026-08-26T21:06:33.392844Z  INFO herdr::logging: pane child exited event="pane.exit" subsystem="pane" outcome="completed" pane_id=15 status="ExitStatus { code: 1, signal: Some(\"Hangup\") }"
2026-08-26T21:06:33.436344Z  INFO herdr::pane: pane session terminated pane=15 pid=101176 signal=Hangup
2026-08-26T21:06:33.436843Z  INFO herdr::logging: pane child exited event="pane.exit" subsystem="pane" outcome="completed" pane_id=2 status="ExitStatus { code: 1, signal: Some(\"Hangup\") }"
2026-08-26T21:06:33.441380Z  INFO herdr::pane: pane session terminated pane=2 pid=4332 signal=Hangup
2026-08-26T21:06:33.441960Z  INFO herdr::logging: pane child exited event="pane.exit" subsystem="pane" outcome="completed" pane_id=4 status="ExitStatus { code: 1, signal: Some(\"Hangup\") }"
2026-08-26T21:06:33.446037Z  INFO herdr::pane: pane session terminated pane=4 pid=4339 signal=Hangup
2026-08-26T21:06:33.446559Z  INFO herdr::logging: pane child exited event="pane.exit" subsystem="pane" outcome="completed" pane_id=7 status="ExitStatus { code: 1, signal: Some(\"Hangup\") }"
2026-08-26T21:06:33.450588Z  INFO herdr::pane: pane session terminated pane=7 pid=4353 signal=Hangup
2026-08-26T21:06:33.451074Z  INFO herdr::logging: pane child exited event="pane.exit" subsystem="pane" outcome="completed" pane_id=6 status="ExitStatus { code: 1, signal: Some(\"Hangup\") }"
2026-08-26T21:06:33.454889Z  INFO herdr::pane: pane session terminated pane=6 pid=4350 signal=Hangup
2026-08-26T21:06:33.455554Z  INFO herdr::logging: pane child exited event="pane.exit" subsystem="pane" outcome="completed" pane_id=14 status="ExitStatus { code: 1, signal: Some(\"Hangup\") }"
2026-08-26T21:06:33.458910Z  INFO herdr::pane: pane session terminated pane=14 pid=33164 signal=Hangup
2026-08-26T21:06:33.460022Z  INFO herdr::logging: herdr exiting event="app.shutdown" subsystem="server" outcome="completed" pid=4295
2026-08-27T07:24:10.103802Z  INFO herdr::api::server: api server listening path=/home/mbv/.config/herdr/herdr.sock
2026-08-27T07:24:10.105349Z  INFO herdr::logging: spawning pane terminal event="pane.spawn.start" subsystem="pane" outcome="started" pane_id=1 rows=24 cols=80 scrollback_limit_bytes=10000000
2026-08-27T07:24:10.106251Z  INFO herdr::logging: pane child spawned event="pane.spawned" subsystem="pane" outcome="ok" pane_id=1 pid=5342
2026-08-27T07:24:10.106401Z  INFO herdr::logging: spawning pane terminal event="pane.spawn.start" subsystem="pane" outcome="started" pane_id=2 rows=24 cols=80 scrollback_limit_bytes=10000000
2026-08-27T07:24:10.107106Z  INFO herdr::logging: pane child spawned event="pane.spawned" subsystem="pane" outcome="ok" pane_id=2 pid=5345
2026-08-27T07:24:10.107246Z  INFO herdr::logging: spawning pane terminal event="pane.spawn.start" subsystem="pane" outcome="started" pane_id=3 rows=24 cols=80 scrollback_limit_bytes=10000000
2026-08-27T07:24:10.108014Z  INFO herdr::logging: pane child spawned event="pane.spawned" subsystem="pane" outcome="ok" pane_id=3 pid=5348
2026-08-27T07:24:10.108721Z  INFO herdr::logging: spawning pane terminal event="pane.spawn.start" subsystem="pane" outcome="started" pane_id=4 rows=24 cols=80 scrollback_limit_bytes=10000000
2026-08-27T07:24:10.109526Z  INFO herdr::logging: pane child spawned event="pane.spawned" subsystem="pane" outcome="ok" pane_id=4 pid=5351
2026-08-27T07:24:10.109663Z  INFO herdr::logging: spawning pane terminal event="pane.spawn.start" subsystem="pane" outcome="started" pane_id=5 rows=24 cols=80 scrollback_limit_bytes=10000000
2026-08-27T07:24:10.110541Z  INFO herdr::logging: pane child spawned event="pane.spawned" subsystem="pane" outcome="ok" pane_id=5 pid=5354
2026-08-27T07:24:10.110677Z  INFO herdr::logging: spawning pane terminal event="pane.spawn.start" subsystem="pane" outcome="started" pane_id=6 rows=24 cols=80 scrollback_limit_bytes=10000000
2026-08-27T07:24:10.111597Z  INFO herdr::logging: pane child spawned event="pane.spawned" subsystem="pane" outcome="ok" pane_id=6 pid=5357
2026-08-27T07:24:10.111832Z  INFO herdr::logging: spawning pane terminal event="pane.spawn.start" subsystem="pane" outcome="started" pane_id=7 rows=24 cols=80 scrollback_limit_bytes=10000000
2026-08-27T07:24:10.112851Z  INFO herdr::logging: pane child spawned event="pane.spawned" subsystem="pane" outcome="ok" pane_id=7 pid=5360
2026-08-27T07:24:10.113566Z  INFO herdr::logging: spawning pane terminal event="pane.spawn.start" subsystem="pane" outcome="started" pane_id=8 rows=24 cols=80 scrollback_limit_bytes=10000000
2026-08-27T07:24:10.114537Z  INFO herdr::logging: pane child spawned event="pane.spawned" subsystem="pane" outcome="ok" pane_id=8 pid=5364
2026-08-27T07:24:10.114694Z  INFO herdr::logging: spawning pane terminal event="pane.spawn.start" subsystem="pane" outcome="started" pane_id=9 rows=24 cols=80 scrollback_limit_bytes=10000000
2026-08-27T07:24:10.115675Z  INFO herdr::logging: pane child spawned event="pane.spawned" subsystem="pane" outcome="ok" pane_id=9 pid=5368
2026-08-27T07:24:10.115809Z  INFO herdr::logging: spawning pane terminal event="pane.spawn.start" subsystem="pane" outcome="started" pane_id=10 rows=24 cols=80 scrollback_limit_bytes=10000000
2026-08-27T07:24:10.116791Z  INFO herdr::logging: pane child spawned event="pane.spawned" subsystem="pane" outcome="ok" pane_id=10 pid=5372
2026-08-27T07:24:10.117091Z  INFO herdr::logging: spawning pane terminal event="pane.spawn.start" subsystem="pane" outcome="started" pane_id=11 rows=24 cols=80 scrollback_limit_bytes=10000000
2026-08-27T07:24:10.118081Z  INFO herdr::logging: pane child spawned event="pane.spawned" subsystem="pane" outcome="ok" pane_id=11 pid=5392
2026-08-27T07:24:10.118215Z  INFO herdr::logging: spawning pane terminal event="pane.spawn.start" subsystem="pane" outcome="started" pane_id=12 rows=24 cols=80 scrollback_limit_bytes=10000000
2026-08-27T07:24:10.119162Z  INFO herdr::logging: pane child spawned event="pane.spawned" subsystem="pane" outcome="ok" pane_id=12 pid=5412
2026-08-27T07:24:10.119343Z  INFO herdr::logging: spawning pane terminal event="pane.spawn.start" subsystem="pane" outcome="started" pane_id=13 rows=24 cols=80 scrollback_limit_bytes=10000000
2026-08-27T07:24:10.120620Z  INFO herdr::logging: pane child spawned event="pane.spawned" subsystem="pane" outcome="ok" pane_id=13 pid=5435
2026-08-27T07:24:10.121007Z  INFO herdr::logging: session restore evaluated event="persist.restore" subsystem="persist" outcome="ok" workspaces=3
2026-08-27T07:24:10.121017Z  INFO herdr::app: using pane scrollback configuration pane_scrollback_limit_bytes=10000000
2026-08-27T07:24:10.145423Z  INFO herdr::logging: checking for updates event="update.check.start" subsystem="update" outcome="started"
2026-08-27T07:24:10.147296Z  INFO herdr::server::headless: restored session already has workspaces; ignoring startup cwd cwd=/home/mbv
2026-08-27T07:24:10.147827Z  INFO herdr::server::headless: client protocol socket listening path=/home/mbv/.config/herdr/herdr-client.sock
2026-08-27T07:24:10.147854Z  INFO herdr::server::headless: herdr server started api_socket=/home/mbv/.config/herdr/herdr.sock client_socket=/home/mbv/.config/herdr/herdr-client.sock
2026-08-27T07:24:10.148044Z  INFO herdr::logging: herdr starting event="app.startup" subsystem="server" outcome="started" pid=5308
2026-08-27T07:24:10.160016Z  INFO herdr::server::headless: client connected client_id=2 cols=313 rows=75 cell_width_px=0 cell_height_px=0 render_encoding=SemanticFrame
2026-08-27T07:24:14.175747Z  INFO herdr::pane: agent changed pane=9 previous_agent=None agent=Some(Codex) process=codex pgid=Some(7189)
2026-08-27T07:24:15.778210Z  INFO herdr::logging: tab focused event="tab.focus" subsystem="tab" outcome="ok" workspace_id="w9" tab_id="w9:t2"
2026-08-27T07:24:17.068328Z  INFO herdr::logging: tab focused event="tab.focus" subsystem="tab" outcome="ok" workspace_id="w9" tab_id="w9:t2"
2026-08-27T07:24:22.070075Z  INFO herdr::logging: session saved event="persist.save" subsystem="persist" outcome="ok" path=/home/mbv/.config/herdr/session.json workspaces=3
2026-08-27T07:54:10.147025Z  INFO herdr::logging: checking for updates event="update.check.start" subsystem="update" outcome="started"
2026-08-27T08:09:59.996045Z  INFO herdr::logging: tab focused event="tab.focus" subsystem="tab" outcome="ok" workspace_id="w9" tab_id="w9:t2"
2026-08-27T08:10:04.997716Z  INFO herdr::logging: session saved event="persist.save" subsystem="persist" outcome="ok" path=/home/mbv/.config/herdr/session.json workspaces=3
2026-08-27T08:10:26.358401Z  INFO herdr::logging: tab focused event="tab.focus" subsystem="tab" outcome="ok" workspace_id="w9" tab_id="w9:t4"
2026-08-27T08:10:27.830720Z  INFO herdr::logging: tab focused event="tab.focus" subsystem="tab" outcome="ok" workspace_id="w9" tab_id="w9:t4"
2026-08-27T08:10:28.158721Z  INFO herdr::logging: tab focused event="tab.focus" subsystem="tab" outcome="ok" workspace_id="w9" tab_id="w9:t4"
2026-08-27T08:10:28.645078Z  INFO herdr::logging: pane child exited event="pane.exit" subsystem="pane" outcome="completed" pane_id=13 status="ExitStatus { code: 0, signal: None }"
2026-08-27T08:10:28.647246Z  INFO herdr::pane: pane session terminated pane=13 pid=5435 signal=Hangup
2026-08-27T08:10:30.413965Z  INFO herdr::pane: agent changed pane=12 previous_agent=None agent=Some(OpenCode) process=opencode pgid=Some(35719)
2026-08-27T08:10:33.649678Z  INFO herdr::logging: session saved event="persist.save" subsystem="persist" outcome="ok" path=/home/mbv/.config/herdr/session.json workspaces=3
2026-08-27T08:10:35.221591Z  INFO herdr::logging: tab focused event="tab.focus" subsystem="tab" outcome="ok" workspace_id="w9" tab_id="w9:t4"
2026-08-27T08:10:40.223080Z  INFO herdr::logging: session saved event="persist.save" subsystem="persist" outcome="ok" path=/home/mbv/.config/herdr/session.json workspaces=3
2026-08-27T08:11:27.333075Z  INFO herdr::logging: tab focused event="tab.focus" subsystem="tab" outcome="ok" workspace_id="w9" tab_id="w9:t2"
2026-08-27T08:11:28.715152Z  INFO herdr::logging: tab focused event="tab.focus" subsystem="tab" outcome="ok" workspace_id="w9" tab_id="w9:t2"
2026-08-27T08:11:33.717587Z  INFO herdr::logging: session saved event="persist.save" subsystem="persist" outcome="ok" path=/home/mbv/.config/herdr/session.json workspaces=3
2026-08-27T08:11:42.983785Z  INFO herdr::logging: tab focused event="tab.focus" subsystem="tab" outcome="ok" workspace_id="w9" tab_id="w9:t4"
2026-08-27T08:11:47.985182Z  INFO herdr::logging: session saved event="persist.save" subsystem="persist" outcome="ok" path=/home/mbv/.config/herdr/session.json workspaces=3
2026-08-27T08:11:53.810856Z  INFO herdr::logging: tab focused event="tab.focus" subsystem="tab" outcome="ok" workspace_id="w9" tab_id="w9:t4"
2026-08-27T08:11:58.812964Z  INFO herdr::logging: session saved event="persist.save" subsystem="persist" outcome="ok" path=/home/mbv/.config/herdr/session.json workspaces=3
2026-08-27T08:13:34.784442Z  INFO herdr::logging: tab focused event="tab.focus" subsystem="tab" outcome="ok" workspace_id="w9" tab_id="w9:t2"
2026-08-27T08:13:39.036788Z  INFO herdr::logging: tab focused event="tab.focus" subsystem="tab" outcome="ok" workspace_id="w9" tab_id="w9:t2"
2026-08-27T08:13:44.038702Z  INFO herdr::logging: session saved event="persist.save" subsystem="persist" outcome="ok" path=/home/mbv/.config/herdr/session.json workspaces=3
2026-08-27T08:13:47.797450Z  INFO herdr::logging: tab focused event="tab.focus" subsystem="tab" outcome="ok" workspace_id="w9" tab_id="w9:t4"
2026-08-27T08:13:50.011756Z  INFO herdr::pane: agent changed pane=12 previous_agent=Some(OpenCode) agent=None pgid=Some(5412)
2026-08-27T08:13:52.018864Z  INFO herdr::pane: agent changed pane=12 previous_agent=None agent=Some(OpenCode) process=opencode pgid=Some(37673)
2026-08-27T08:13:52.798580Z  INFO herdr::logging: session saved event="persist.save" subsystem="persist" outcome="ok" path=/home/mbv/.config/herdr/session.json workspaces=3
2026-08-27T08:13:54.426869Z  INFO herdr::pane: agent changed pane=12 previous_agent=Some(OpenCode) agent=None pgid=Some(5412)
2026-08-27T08:13:55.786483Z  INFO herdr::logging: workspace focused event="workspace.focus" subsystem="workspace" outcome="ok" workspace_id="w8"
2026-08-27T08:13:55.786516Z  INFO herdr::logging: tab focused event="tab.focus" subsystem="tab" outcome="ok" workspace_id="w8" tab_id="w8:t1"
2026-08-27T08:14:00.788415Z  INFO herdr::logging: session saved event="persist.save" subsystem="persist" outcome="ok" path=/home/mbv/.config/herdr/session.json workspaces=3
2026-08-27T08:14:01.989605Z  INFO herdr::logging: tab focused event="tab.focus" subsystem="tab" outcome="ok" workspace_id="w8" tab_id="w8:t2"
2026-08-27T08:14:03.316326Z  INFO herdr::logging: tab focused event="tab.focus" subsystem="tab" outcome="ok" workspace_id="w8" tab_id="w8:t3"
2026-08-27T08:14:06.107436Z  INFO herdr::logging: workspace focused event="workspace.focus" subsystem="workspace" outcome="ok" workspace_id="w9"
2026-08-27T08:14:06.107469Z  INFO herdr::logging: tab focused event="tab.focus" subsystem="tab" outcome="ok" workspace_id="w9" tab_id="w9:t4"
2026-08-27T08:14:07.067498Z  INFO herdr::logging: tab focused event="tab.focus" subsystem="tab" outcome="ok" workspace_id="w9" tab_id="w9:t2"
2026-08-27T08:14:12.069029Z  INFO herdr::logging: session saved event="persist.save" subsystem="persist" outcome="ok" path=/home/mbv/.config/herdr/session.json workspaces=3
2026-08-27T08:14:37.970802Z  INFO herdr::logging: tab focused event="tab.focus" subsystem="tab" outcome="ok" workspace_id="w9" tab_id="w9:t4"
2026-08-27T08:14:39.581211Z  INFO herdr::pane: agent changed pane=12 previous_agent=None agent=Some(OpenCode) process=opencode pgid=Some(37999)
2026-08-27T08:14:42.972462Z  INFO herdr::logging: session saved event="persist.save" subsystem="persist" outcome="ok" path=/home/mbv/.config/herdr/session.json workspaces=3
2026-08-27T08:18:03.206205Z  INFO herdr::server::headless: client resize client_id=2 cols=154 rows=75 cell_width_px=0 cell_height_px=0
2026-08-27T08:18:05.708759Z  INFO herdr::server::headless: client resize client_id=2 cols=313 rows=75 cell_width_px=0 cell_height_px=0
2026-08-27T08:18:18.415194Z  INFO herdr::pane: agent changed pane=12 previous_agent=Some(OpenCode) agent=None pgid=Some(5412)
2026-08-27T08:18:19.211657Z  INFO herdr::logging: tab focused event="tab.focus" subsystem="tab" outcome="ok" workspace_id="w9" tab_id="w9:t2"
2026-08-27T08:18:20.232263Z  INFO herdr::logging: tab focused event="tab.focus" subsystem="tab" outcome="ok" workspace_id="w9" tab_id="w9:t4"
2026-08-27T08:18:24.437144Z  INFO herdr::pane: agent changed pane=12 previous_agent=None agent=Some(OpenCode) process=opencode pgid=Some(39715)
2026-08-27T08:18:25.234315Z  INFO herdr::logging: session saved event="persist.save" subsystem="persist" outcome="ok" path=/home/mbv/.config/herdr/session.json workspaces=3
2026-08-27T08:18:33.330371Z  INFO herdr::logging: spawning pane terminal event="pane.spawn.start" subsystem="pane" outcome="started" pane_id=14 rows=74 cols=144 scrollback_limit_bytes=10000000
2026-08-27T08:18:33.332242Z  INFO herdr::logging: pane child spawned event="pane.spawned" subsystem="pane" outcome="ok" pane_id=14 pid=39908
2026-08-27T08:18:33.332387Z  INFO herdr::logging: tab focused event="tab.focus" subsystem="tab" outcome="ok" workspace_id="w9" tab_id="w9:t4"
2026-08-27T08:18:37.896951Z  INFO herdr::pane: agent changed pane=14 previous_agent=None agent=Some(Codex) process=codex pgid=Some(40225)
2026-08-27T08:18:38.334612Z  INFO herdr::logging: session saved event="persist.save" subsystem="persist" outcome="ok" path=/home/mbv/.config/herdr/session.json workspaces=3
2026-08-27T08:18:52.479833Z  INFO herdr::logging: tab focused event="tab.focus" subsystem="tab" outcome="ok" workspace_id="w9" tab_id="w9:t4"
2026-08-27T08:18:57.481739Z  INFO herdr::logging: session saved event="persist.save" subsystem="persist" outcome="ok" path=/home/mbv/.config/herdr/session.json workspaces=3
2026-08-27T08:21:04.701772Z  INFO herdr::logging: tab focused event="tab.focus" subsystem="tab" outcome="ok" workspace_id="w9" tab_id="w9:t4"
2026-08-27T08:21:09.240824Z  INFO herdr::logging: tab focused event="tab.focus" subsystem="tab" outcome="ok" workspace_id="w9" tab_id="w9:t4"
2026-08-27T08:21:14.242454Z  INFO herdr::logging: session saved event="persist.save" subsystem="persist" outcome="ok" path=/home/mbv/.config/herdr/session.json workspaces=3
2026-08-27T08:21:21.700221Z  INFO herdr::logging: tab focused event="tab.focus" subsystem="tab" outcome="ok" workspace_id="w9" tab_id="w9:t2"
2026-08-27T08:21:26.703167Z  INFO herdr::logging: session saved event="persist.save" subsystem="persist" outcome="ok" path=/home/mbv/.config/herdr/session.json workspaces=3
2026-08-27T08:21:30.521565Z  INFO herdr::logging: tab focused event="tab.focus" subsystem="tab" outcome="ok" workspace_id="w9" tab_id="w9:t2"
2026-08-27T08:21:31.252102Z  INFO herdr::logging: tab focused event="tab.focus" subsystem="tab" outcome="ok" workspace_id="w9" tab_id="w9:t4"
2026-08-27T08:21:32.817647Z  INFO herdr::logging: tab focused event="tab.focus" subsystem="tab" outcome="ok" workspace_id="w9" tab_id="w9:t4"
2026-08-27T08:21:33.190897Z  INFO herdr::logging: tab focused event="tab.focus" subsystem="tab" outcome="ok" workspace_id="w9" tab_id="w9:t4"
2026-08-27T08:21:38.193587Z  INFO herdr::logging: session saved event="persist.save" subsystem="persist" outcome="ok" path=/home/mbv/.config/herdr/session.json workspaces=3
2026-08-27T08:23:35.653776Z  INFO herdr::logging: tab focused event="tab.focus" subsystem="tab" outcome="ok" workspace_id="w9" tab_id="w9:t4"
2026-08-27T08:23:40.655638Z  INFO herdr::logging: session saved event="persist.save" subsystem="persist" outcome="ok" path=/home/mbv/.config/herdr/session.json workspaces=3
2026-08-27T08:23:59.753267Z  INFO herdr::logging: tab focused event="tab.focus" subsystem="tab" outcome="ok" workspace_id="w9" tab_id="w9:t4"
2026-08-27T08:24:04.754822Z  INFO herdr::logging: session saved event="persist.save" subsystem="persist" outcome="ok" path=/home/mbv/.config/herdr/session.json workspaces=3
2026-08-27T08:24:08.710213Z  INFO herdr::logging: tab focused event="tab.focus" subsystem="tab" outcome="ok" workspace_id="w9" tab_id="w9:t4"
2026-08-27T08:24:10.148009Z  INFO herdr::logging: checking for updates event="update.check.start" subsystem="update" outcome="started"
2026-08-27T08:24:13.711958Z  INFO herdr::logging: session saved event="persist.save" subsystem="persist" outcome="ok" path=/home/mbv/.config/herdr/session.json workspaces=3
2026-08-27T08:24:21.228600Z  INFO herdr::logging: tab focused event="tab.focus" subsystem="tab" outcome="ok" workspace_id="w9" tab_id="w9:t4"
2026-08-27T08:24:23.122623Z  INFO herdr::app::actions: copied selection to clipboard
2026-08-27T08:24:23.836517Z  INFO herdr::logging: tab focused event="tab.focus" subsystem="tab" outcome="ok" workspace_id="w9" tab_id="w9:t4"
2026-08-27T08:24:28.837917Z  INFO herdr::logging: session saved event="persist.save" subsystem="persist" outcome="ok" path=/home/mbv/.config/herdr/session.json workspaces=3
2026-08-27T08:25:25.105471Z  INFO herdr::app::actions: copied selection to clipboard
2026-08-27T08:25:26.043500Z  INFO herdr::logging: tab focused event="tab.focus" subsystem="tab" outcome="ok" workspace_id="w9" tab_id="w9:t2"
2026-08-27T08:25:26.615513Z  INFO herdr::logging: tab focused event="tab.focus" subsystem="tab" outcome="ok" workspace_id="w9" tab_id="w9:t2"
2026-08-27T08:25:31.617607Z  INFO herdr::logging: session saved event="persist.save" subsystem="persist" outcome="ok" path=/home/mbv/.config/herdr/session.json workspaces=3
2026-08-27T08:54:10.148976Z  INFO herdr::logging: checking for updates event="update.check.start" subsystem="update" outcome="started"
2026-08-27T09:01:48.572533Z  INFO herdr::logging: tab focused event="tab.focus" subsystem="tab" outcome="ok" workspace_id="w9" tab_id="w9:t2"
2026-08-27T09:01:53.573751Z  INFO herdr::logging: session saved event="persist.save" subsystem="persist" outcome="ok" path=/home/mbv/.config/herdr/session.json workspaces=3
2026-08-27T09:07:57.920097Z  INFO herdr::logging: tab focused event="tab.focus" subsystem="tab" outcome="ok" workspace_id="w9" tab_id="w9:t2"
2026-08-27T09:08:02.921852Z  INFO herdr::logging: session saved event="persist.save" subsystem="persist" outcome="ok" path=/home/mbv/.config/herdr/session.json workspaces=3
2026-08-27T09:08:04.418087Z  INFO herdr::logging: tab focused event="tab.focus" subsystem="tab" outcome="ok" workspace_id="w9" tab_id="w9:t2"
2026-08-27T09:08:09.419624Z  INFO herdr::logging: session saved event="persist.save" subsystem="persist" outcome="ok" path=/home/mbv/.config/herdr/session.json workspaces=3
2026-08-27T09:10:15.893510Z  INFO herdr::logging: tab focused event="tab.focus" subsystem="tab" outcome="ok" workspace_id="w9" tab_id="w9:t4"
2026-08-27T09:10:19.590404Z  INFO herdr::logging: tab focused event="tab.focus" subsystem="tab" outcome="ok" workspace_id="w9" tab_id="w9:t4"
2026-08-27T09:10:24.592235Z  INFO herdr::logging: session saved event="persist.save" subsystem="persist" outcome="ok" path=/home/mbv/.config/herdr/session.json workspaces=3
2026-08-27T09:11:28.149611Z  INFO herdr::logging: tab focused event="tab.focus" subsystem="tab" outcome="ok" workspace_id="w9" tab_id="w9:t4"
2026-08-27T09:11:28.785631Z  INFO herdr::logging: tab focused event="tab.focus" subsystem="tab" outcome="ok" workspace_id="w9" tab_id="w9:t4"
2026-08-27T09:11:33.788434Z  INFO herdr::logging: session saved event="persist.save" subsystem="persist" outcome="ok" path=/home/mbv/.config/herdr/session.json workspaces=3
2026-08-27T09:11:35.780855Z  INFO herdr::app::actions: copied selection to clipboard
2026-08-27T09:11:52.541531Z  INFO herdr::logging: tab focused event="tab.focus" subsystem="tab" outcome="ok" workspace_id="w9" tab_id="w9:t4"
2026-08-27T09:11:57.297321Z  INFO herdr::server::headless: client resize client_id=2 cols=154 rows=75 cell_width_px=0 cell_height_px=0
2026-08-27T09:11:57.542794Z  INFO herdr::logging: session saved event="persist.save" subsystem="persist" outcome="ok" path=/home/mbv/.config/herdr/session.json workspaces=3
2026-08-27T09:11:59.898984Z  INFO herdr::server::headless: client resize client_id=2 cols=313 rows=75 cell_width_px=0 cell_height_px=0
2026-08-27T09:13:32.298042Z  INFO herdr::logging: tab focused event="tab.focus" subsystem="tab" outcome="ok" workspace_id="w9" tab_id="w9:t4"
2026-08-27T09:13:32.987349Z  INFO herdr::logging: tab focused event="tab.focus" subsystem="tab" outcome="ok" workspace_id="w9" tab_id="w9:t4"
2026-08-27T09:13:37.988581Z  INFO herdr::logging: session saved event="persist.save" subsystem="persist" outcome="ok" path=/home/mbv/.config/herdr/session.json workspaces=3
2026-08-27T09:16:08.748648Z  INFO herdr::logging: tab focused event="tab.focus" subsystem="tab" outcome="ok" workspace_id="w9" tab_id="w9:t2"
2026-08-27T09:16:09.769587Z  INFO herdr::logging: tab focused event="tab.focus" subsystem="tab" outcome="ok" workspace_id="w9" tab_id="w9:t2"
2026-08-27T09:16:14.772373Z  INFO herdr::logging: session saved event="persist.save" subsystem="persist" outcome="ok" path=/home/mbv/.config/herdr/session.json workspaces=3
2026-08-27T09:16:21.342173Z  INFO herdr::logging: tab focused event="tab.focus" subsystem="tab" outcome="ok" workspace_id="w9" tab_id="w9:t4"
2026-08-27T09:16:26.344465Z  INFO herdr::logging: session saved event="persist.save" subsystem="persist" outcome="ok" path=/home/mbv/.config/herdr/session.json workspaces=3
2026-08-27T09:17:51.185106Z  INFO herdr::logging: tab focused event="tab.focus" subsystem="tab" outcome="ok" workspace_id="w9" tab_id="w9:t4"
2026-08-27T09:17:56.186829Z  INFO herdr::logging: session saved event="persist.save" subsystem="persist" outcome="ok" path=/home/mbv/.config/herdr/session.json workspaces=3
2026-08-27T09:18:08.406857Z  INFO herdr::logging: tab focused event="tab.focus" subsystem="tab" outcome="ok" workspace_id="w9" tab_id="w9:t4"
2026-08-27T09:18:08.772002Z  INFO herdr::logging: tab focused event="tab.focus" subsystem="tab" outcome="ok" workspace_id="w9" tab_id="w9:t4"
2026-08-27T09:18:13.773881Z  INFO herdr::logging: session saved event="persist.save" subsystem="persist" outcome="ok" path=/home/mbv/.config/herdr/session.json workspaces=3
2026-08-27T09:18:16.878739Z  INFO herdr::logging: tab focused event="tab.focus" subsystem="tab" outcome="ok" workspace_id="w9" tab_id="w9:t2"
2026-08-27T09:18:20.707708Z  INFO herdr::logging: tab focused event="tab.focus" subsystem="tab" outcome="ok" workspace_id="w9" tab_id="w9:t2"
2026-08-27T09:18:25.709580Z  INFO herdr::logging: session saved event="persist.save" subsystem="persist" outcome="ok" path=/home/mbv/.config/herdr/session.json workspaces=3
2026-08-27T09:19:13.634506Z  INFO herdr::pane: agent changed pane=10 previous_agent=None agent=Some(OpenCode) process=opencode pgid=Some(123795)
2026-08-27T09:19:22.474799Z  INFO herdr::pane: agent changed pane=10 previous_agent=Some(OpenCode) agent=None pgid=Some(5372)
2026-08-27T09:19:34.691098Z  INFO herdr::logging: tab focused event="tab.focus" subsystem="tab" outcome="ok" workspace_id="w9" tab_id="w9:t2"
2026-08-27T09:19:37.279220Z  INFO herdr::app::actions: copied selection to clipboard
2026-08-27T09:19:37.787189Z  INFO herdr::logging: tab focused event="tab.focus" subsystem="tab" outcome="ok" workspace_id="w9" tab_id="w9:t2"
2026-08-27T09:19:42.789512Z  INFO herdr::logging: session saved event="persist.save" subsystem="persist" outcome="ok" path=/home/mbv/.config/herdr/session.json workspaces=3
2026-08-27T09:20:16.160115Z  INFO herdr::logging: tab focused event="tab.focus" subsystem="tab" outcome="ok" workspace_id="w9" tab_id="w9:t2"
2026-08-27T09:20:16.879807Z  INFO herdr::logging: tab focused event="tab.focus" subsystem="tab" outcome="ok" workspace_id="w9" tab_id="w9:t4"
2026-08-27T09:20:21.881585Z  INFO herdr::logging: session saved event="persist.save" subsystem="persist" outcome="ok" path=/home/mbv/.config/herdr/session.json workspaces=3
2026-08-27T09:20:28.760040Z  INFO herdr::app::actions: copied selection to clipboard
2026-08-27T09:20:29.822213Z  INFO herdr::pane: agent changed pane=14 previous_agent=Some(Codex) agent=None pgid=Some(39908)
2026-08-27T09:20:33.836230Z  INFO herdr::pane: agent changed pane=14 previous_agent=None agent=Some(Codex) process=codex pgid=Some(125241)
2026-08-27T09:21:09.171187Z  INFO herdr::logging: tab focused event="tab.focus" subsystem="tab" outcome="ok" workspace_id="w9" tab_id="w9:t2"
2026-08-27T09:21:14.173343Z  INFO herdr::logging: session saved event="persist.save" subsystem="persist" outcome="ok" path=/home/mbv/.config/herdr/session.json workspaces=3
2026-08-27T09:21:42.821945Z  INFO herdr::logging: tab focused event="tab.focus" subsystem="tab" outcome="ok" workspace_id="w9" tab_id="w9:t2"
2026-08-27T09:21:47.823860Z  INFO herdr::logging: session saved event="persist.save" subsystem="persist" outcome="ok" path=/home/mbv/.config/herdr/session.json workspaces=3
2026-08-27T09:22:38.421259Z  INFO herdr::logging: tab focused event="tab.focus" subsystem="tab" outcome="ok" workspace_id="w9" tab_id="w9:t2"
2026-08-27T09:22:43.423468Z  INFO herdr::logging: session saved event="persist.save" subsystem="persist" outcome="ok" path=/home/mbv/.config/herdr/session.json workspaces=3
2026-08-27T09:24:00.653063Z  INFO herdr::logging: tab focused event="tab.focus" subsystem="tab" outcome="ok" workspace_id="w9" tab_id="w9:t2"
2026-08-27T09:24:02.233113Z  INFO herdr::app::actions: copied selection to clipboard
2026-08-27T09:24:02.606726Z  INFO herdr::logging: tab focused event="tab.focus" subsystem="tab" outcome="ok" workspace_id="w9" tab_id="w9:t2"
2026-08-27T09:24:07.607675Z  INFO herdr::logging: session saved event="persist.save" subsystem="persist" outcome="ok" path=/home/mbv/.config/herdr/session.json workspaces=3
2026-08-27T09:24:10.149384Z  INFO herdr::logging: checking for updates event="update.check.start" subsystem="update" outcome="started"
2026-08-27T09:24:47.037422Z  INFO herdr::logging: tab focused event="tab.focus" subsystem="tab" outcome="ok" workspace_id="w9" tab_id="w9:t2"
2026-08-27T09:24:52.038977Z  INFO herdr::logging: session saved event="persist.save" subsystem="persist" outcome="ok" path=/home/mbv/.config/herdr/session.json workspaces=3
2026-08-27T09:24:59.461847Z  INFO herdr::logging: tab focused event="tab.focus" subsystem="tab" outcome="ok" workspace_id="w9" tab_id="w9:t2"
2026-08-27T09:25:04.463435Z  INFO herdr::logging: session saved event="persist.save" subsystem="persist" outcome="ok" path=/home/mbv/.config/herdr/session.json workspaces=3
2026-08-27T09:26:08.074694Z  INFO herdr::logging: tab focused event="tab.focus" subsystem="tab" outcome="ok" workspace_id="w9" tab_id="w9:t4"
2026-08-27T09:26:10.466464Z  INFO herdr::pane: agent changed pane=14 previous_agent=Some(Codex) agent=None pgid=Some(39908)
2026-08-27T09:26:11.970582Z  INFO herdr::pane: agent changed pane=14 previous_agent=None agent=Some(Codex) process=codex pgid=Some(128955)
2026-08-27T09:26:13.075775Z  INFO herdr::logging: session saved event="persist.save" subsystem="persist" outcome="ok" path=/home/mbv/.config/herdr/session.json workspaces=3
2026-08-27T09:26:24.767900Z  INFO herdr::logging: tab focused event="tab.focus" subsystem="tab" outcome="ok" workspace_id="w9" tab_id="w9:t2"
2026-08-27T09:26:29.769312Z  INFO herdr::logging: session saved event="persist.save" subsystem="persist" outcome="ok" path=/home/mbv/.config/herdr/session.json workspaces=3
2026-08-27T09:27:07.155066Z  INFO herdr::logging: tab focused event="tab.focus" subsystem="tab" outcome="ok" workspace_id="w9" tab_id="w9:t2"
2026-08-27T09:27:12.157216Z  INFO herdr::logging: session saved event="persist.save" subsystem="persist" outcome="ok" path=/home/mbv/.config/herdr/session.json workspaces=3
2026-08-27T09:27:27.314360Z  INFO herdr::logging: tab focused event="tab.focus" subsystem="tab" outcome="ok" workspace_id="w9" tab_id="w9:t2"
2026-08-27T09:27:27.950329Z  INFO herdr::logging: tab focused event="tab.focus" subsystem="tab" outcome="ok" workspace_id="w9" tab_id="w9:t4"
2026-08-27T09:27:32.807160Z  INFO herdr::logging: tab focused event="tab.focus" subsystem="tab" outcome="ok" workspace_id="w9" tab_id="w9:t4"
2026-08-27T09:27:37.809348Z  INFO herdr::logging: session saved event="persist.save" subsystem="persist" outcome="ok" path=/home/mbv/.config/herdr/session.json workspaces=3
2026-08-27T09:27:50.287721Z  INFO herdr::logging: tab focused event="tab.focus" subsystem="tab" outcome="ok" workspace_id="w9" tab_id="w9:t4"
2026-08-27T09:27:51.074771Z  INFO herdr::logging: tab focused event="tab.focus" subsystem="tab" outcome="ok" workspace_id="w9" tab_id="w9:t4"
2026-08-27T09:27:56.077303Z  INFO herdr::logging: session saved event="persist.save" subsystem="persist" outcome="ok" path=/home/mbv/.config/herdr/session.json workspaces=3
2026-08-27T09:31:46.656208Z  INFO herdr::logging: tab focused event="tab.focus" subsystem="tab" outcome="ok" workspace_id="w9" tab_id="w9:t4"
2026-08-27T09:31:51.658031Z  INFO herdr::logging: session saved event="persist.save" subsystem="persist" outcome="ok" path=/home/mbv/.config/herdr/session.json workspaces=3
2026-08-27T09:32:04.727342Z  INFO herdr::logging: tab focused event="tab.focus" subsystem="tab" outcome="ok" workspace_id="w9" tab_id="w9:t4"
2026-08-27T09:32:05.814574Z  INFO herdr::pane: agent changed pane=12 previous_agent=Some(OpenCode) agent=None pgid=Some(5412)
2026-08-27T09:32:09.731932Z  INFO herdr::logging: session saved event="persist.save" subsystem="persist" outcome="ok" path=/home/mbv/.config/herdr/session.json workspaces=3
2026-08-27T09:32:10.759318Z  INFO herdr::logging: tab focused event="tab.focus" subsystem="tab" outcome="ok" workspace_id="w9" tab_id="w9:t2"
2026-08-27T09:32:15.761162Z  INFO herdr::logging: session saved event="persist.save" subsystem="persist" outcome="ok" path=/home/mbv/.config/herdr/session.json workspaces=3
2026-08-27T09:32:42.993794Z  INFO herdr::pane: agent changed pane=10 previous_agent=None agent=Some(Codex) process=codex pgid=Some(140677)
2026-08-27T09:32:54.962554Z  INFO herdr::logging: tab focused event="tab.focus" subsystem="tab" outcome="ok" workspace_id="w9" tab_id="w9:t2"
2026-08-27T09:32:59.192429Z  INFO herdr::logging: tab focused event="tab.focus" subsystem="tab" outcome="ok" workspace_id="w9" tab_id="w9:t2"
2026-08-27T09:33:04.193639Z  INFO herdr::logging: session saved event="persist.save" subsystem="persist" outcome="ok" path=/home/mbv/.config/herdr/session.json workspaces=3
2026-08-27T09:38:22.207011Z  INFO herdr::logging: tab focused event="tab.focus" subsystem="tab" outcome="ok" workspace_id="w9" tab_id="w9:t2"
2026-08-27T09:38:27.208536Z  INFO herdr::logging: session saved event="persist.save" subsystem="persist" outcome="ok" path=/home/mbv/.config/herdr/session.json workspaces=3
2026-08-27T09:38:51.421001Z  INFO herdr::logging: tab focused event="tab.focus" subsystem="tab" outcome="ok" workspace_id="w9" tab_id="w9:t2"
2026-08-27T09:38:56.423533Z  INFO herdr::logging: session saved event="persist.save" subsystem="persist" outcome="ok" path=/home/mbv/.config/herdr/session.json workspaces=3
2026-08-27T09:38:59.396927Z  INFO herdr::logging: tab focused event="tab.focus" subsystem="tab" outcome="ok" workspace_id="w9" tab_id="w9:t2"
2026-08-27T09:39:01.246833Z  INFO herdr::logging: spawning pane terminal event="pane.spawn.start" subsystem="pane" outcome="started" pane_id=15 rows=74 cols=144 scrollback_limit_bytes=10000000
2026-08-27T09:39:01.248955Z  INFO herdr::logging: pane child spawned event="pane.spawned" subsystem="pane" outcome="ok" pane_id=15 pid=144692
2026-08-27T09:39:01.249101Z  INFO herdr::logging: tab focused event="tab.focus" subsystem="tab" outcome="ok" workspace_id="w9" tab_id="w9:t2"
2026-08-27T09:39:06.251359Z  INFO herdr::logging: session saved event="persist.save" subsystem="persist" outcome="ok" path=/home/mbv/.config/herdr/session.json workspaces=3
2026-08-27T09:41:16.167818Z  INFO herdr::server::headless: client resize client_id=2 cols=154 rows=75 cell_width_px=0 cell_height_px=0
2026-08-27T09:41:17.270965Z  INFO herdr::server::headless: client resize client_id=2 cols=313 rows=75 cell_width_px=0 cell_height_px=0
2026-08-27T09:41:57.696173Z  INFO herdr::logging: spawning pane terminal event="pane.spawn.start" subsystem="pane" outcome="started" pane_id=16 rows=74 cols=144 scrollback_limit_bytes=10000000
2026-08-27T09:41:57.698343Z  INFO herdr::logging: pane child spawned event="pane.spawned" subsystem="pane" outcome="ok" pane_id=16 pid=147107
2026-08-27T09:41:57.698567Z  INFO herdr::logging: tab focused event="tab.focus" subsystem="tab" outcome="ok" workspace_id="w9" tab_id="w9:t6"
2026-08-27T09:42:02.702039Z  INFO herdr::logging: session saved event="persist.save" subsystem="persist" outcome="ok" path=/home/mbv/.config/herdr/session.json workspaces=3
2026-08-27T09:42:22.809488Z  INFO herdr::logging: tab focused event="tab.focus" subsystem="tab" outcome="ok" workspace_id="w9" tab_id="w9:t2"
2026-08-27T09:42:24.078170Z  INFO herdr::logging: tab focused event="tab.focus" subsystem="tab" outcome="ok" workspace_id="w9" tab_id="w9:t4"
2026-08-27T09:42:26.146404Z  INFO herdr::logging: tab focused event="tab.focus" subsystem="tab" outcome="ok" workspace_id="w9" tab_id="w9:t4"
2026-08-27T09:42:28.803409Z  INFO herdr::logging: tab focused event="tab.focus" subsystem="tab" outcome="ok" workspace_id="w9" tab_id="w9:t4"
2026-08-27T09:42:29.405490Z  INFO herdr::logging: tab focused event="tab.focus" subsystem="tab" outcome="ok" workspace_id="w9" tab_id="w9:t4"
2026-08-27T09:42:32.689490Z  INFO herdr::logging: tab focused event="tab.focus" subsystem="tab" outcome="ok" workspace_id="w9" tab_id="w9:t2"
2026-08-27T09:42:37.691022Z  INFO herdr::logging: session saved event="persist.save" subsystem="persist" outcome="ok" path=/home/mbv/.config/herdr/session.json workspaces=3
2026-08-27T09:43:02.987284Z  INFO herdr::pane: agent changed pane=15 previous_agent=None agent=Some(Cursor) process=cursor pgid=Some(147879)
2026-08-27T09:44:11.525063Z  INFO herdr::logging: tab focused event="tab.focus" subsystem="tab" outcome="ok" workspace_id="w9" tab_id="w9:t1"
2026-08-27T09:44:12.298815Z  INFO herdr::logging: tab focused event="tab.focus" subsystem="tab" outcome="ok" workspace_id="w9" tab_id="w9:t2"
2026-08-27T09:44:13.033811Z  INFO herdr::logging: tab focused event="tab.focus" subsystem="tab" outcome="ok" workspace_id="w9" tab_id="w9:t4"
2026-08-27T09:44:14.075746Z  INFO herdr::logging: tab focused event="tab.focus" subsystem="tab" outcome="ok" workspace_id="w9" tab_id="w9:t6"
2026-08-27T09:44:14.751857Z  INFO herdr::logging: tab focused event="tab.focus" subsystem="tab" outcome="ok" workspace_id="w9" tab_id="w9:t2"
2026-08-27T09:44:19.752685Z  INFO herdr::logging: session saved event="persist.save" subsystem="persist" outcome="ok" path=/home/mbv/.config/herdr/session.json workspaces=3
2026-08-27T09:45:47.396774Z  INFO herdr::logging: tab focused event="tab.focus" subsystem="tab" outcome="ok" workspace_id="w9" tab_id="w9:t4"
2026-08-27T09:45:47.959040Z  INFO herdr::logging: tab focused event="tab.focus" subsystem="tab" outcome="ok" workspace_id="w9" tab_id="w9:t6"
2026-08-27T09:45:52.960771Z  INFO herdr::logging: session saved event="persist.save" subsystem="persist" outcome="ok" path=/home/mbv/.config/herdr/session.json workspaces=3
2026-08-27T09:45:54.180970Z  INFO herdr::logging: tab focused event="tab.focus" subsystem="tab" outcome="ok" workspace_id="w9" tab_id="w9:t2"
2026-08-27T09:45:59.182888Z  INFO herdr::logging: session saved event="persist.save" subsystem="persist" outcome="ok" path=/home/mbv/.config/herdr/session.json workspaces=3
2026-08-27T09:46:04.784454Z  INFO herdr::logging: tab focused event="tab.focus" subsystem="tab" outcome="ok" workspace_id="w9" tab_id="w9:t6"
2026-08-27T09:46:05.551476Z  INFO herdr::logging: tab focused event="tab.focus" subsystem="tab" outcome="ok" workspace_id="w9" tab_id="w9:t2"
2026-08-27T09:46:10.553787Z  INFO herdr::logging: session saved event="persist.save" subsystem="persist" outcome="ok" path=/home/mbv/.config/herdr/session.json workspaces=3
2026-08-27T09:46:37.063339Z  INFO herdr::logging: tab focused event="tab.focus" subsystem="tab" outcome="ok" workspace_id="w9" tab_id="w9:t2"
2026-08-27T09:46:38.109990Z  INFO herdr::pane: agent changed pane=9 previous_agent=Some(Codex) agent=None pgid=Some(5368)
2026-08-27T09:46:42.065345Z  INFO herdr::logging: session saved event="persist.save" subsystem="persist" outcome="ok" path=/home/mbv/.config/herdr/session.json workspaces=3
2026-08-27T09:46:51.521274Z  INFO herdr::logging: tab focused event="tab.focus" subsystem="tab" outcome="ok" workspace_id="w9" tab_id="w9:t2"
2026-08-27T09:46:53.529303Z  INFO herdr::logging: tab focused event="tab.focus" subsystem="tab" outcome="ok" workspace_id="w9" tab_id="w9:t2"
2026-08-27T09:46:58.532263Z  INFO herdr::logging: session saved event="persist.save" subsystem="persist" outcome="ok" path=/home/mbv/.config/herdr/session.json workspaces=3
2026-08-27T09:47:39.741552Z  INFO herdr::logging: tab focused event="tab.focus" subsystem="tab" outcome="ok" workspace_id="w9" tab_id="w9:t2"
2026-08-27T09:47:44.742906Z  INFO herdr::logging: session saved event="persist.save" subsystem="persist" outcome="ok" path=/home/mbv/.config/herdr/session.json workspaces=3
2026-08-27T09:48:01.400059Z  INFO herdr::logging: tab focused event="tab.focus" subsystem="tab" outcome="ok" workspace_id="w9" tab_id="w9:t2"
2026-08-27T09:48:02.453616Z  INFO herdr::app::actions: copied selection to clipboard
2026-08-27T09:48:02.813567Z  INFO herdr::logging: tab focused event="tab.focus" subsystem="tab" outcome="ok" workspace_id="w9" tab_id="w9:t2"
2026-08-27T09:48:04.632461Z  INFO herdr::logging: tab focused event="tab.focus" subsystem="tab" outcome="ok" workspace_id="w9" tab_id="w9:t2"
2026-08-27T09:48:05.065153Z  INFO herdr::logging: tab focused event="tab.focus" subsystem="tab" outcome="ok" workspace_id="w9" tab_id="w9:t2"
2026-08-27T09:48:10.066801Z  INFO herdr::logging: session saved event="persist.save" subsystem="persist" outcome="ok" path=/home/mbv/.config/herdr/session.json workspaces=3
2026-08-27T09:54:10.150407Z  INFO herdr::logging: checking for updates event="update.check.start" subsystem="update" outcome="started"
2026-08-27T10:11:35.712059Z  INFO herdr::logging: tab focused event="tab.focus" subsystem="tab" outcome="ok" workspace_id="w9" tab_id="w9:t2"
2026-08-27T10:11:36.368690Z  INFO herdr::logging: tab focused event="tab.focus" subsystem="tab" outcome="ok" workspace_id="w9" tab_id="w9:t4"
2026-08-27T10:11:41.370308Z  INFO herdr::logging: session saved event="persist.save" subsystem="persist" outcome="ok" path=/home/mbv/.config/herdr/session.json workspaces=3
2026-08-27T10:13:09.572591Z  INFO herdr::logging: tab focused event="tab.focus" subsystem="tab" outcome="ok" workspace_id="w9" tab_id="w9:t2"
2026-08-27T10:13:14.574197Z  INFO herdr::logging: session saved event="persist.save" subsystem="persist" outcome="ok" path=/home/mbv/.config/herdr/session.json workspaces=3
2026-08-27T10:15:11.903248Z  INFO herdr::logging: tab focused event="tab.focus" subsystem="tab" outcome="ok" workspace_id="w9" tab_id="w9:t2"
2026-08-27T10:15:13.577976Z  INFO herdr::logging: tab focused event="tab.focus" subsystem="tab" outcome="ok" workspace_id="w9" tab_id="w9:t2"
2026-08-27T10:15:18.580980Z  INFO herdr::logging: session saved event="persist.save" subsystem="persist" outcome="ok" path=/home/mbv/.config/herdr/session.json workspaces=3
2026-08-27T10:19:46.566012Z  INFO herdr::logging: tab focused event="tab.focus" subsystem="tab" outcome="ok" workspace_id="w9" tab_id="w9:t2"
2026-08-27T10:19:48.121345Z  INFO herdr::logging: tab focused event="tab.focus" subsystem="tab" outcome="ok" workspace_id="w9" tab_id="w9:t1"
2026-08-27T10:19:48.883289Z  INFO herdr::logging: tab focused event="tab.focus" subsystem="tab" outcome="ok" workspace_id="w9" tab_id="w9:t2"
2026-08-27T10:19:49.572155Z  INFO herdr::logging: tab focused event="tab.focus" subsystem="tab" outcome="ok" workspace_id="w9" tab_id="w9:t4"
2026-08-27T10:19:51.283084Z  INFO herdr::logging: tab focused event="tab.focus" subsystem="tab" outcome="ok" workspace_id="w9" tab_id="w9:t6"
2026-08-27T10:19:51.847989Z  INFO herdr::logging: tab focused event="tab.focus" subsystem="tab" outcome="ok" workspace_id="w9" tab_id="w9:t2"
2026-08-27T10:19:56.849175Z  INFO herdr::logging: session saved event="persist.save" subsystem="persist" outcome="ok" path=/home/mbv/.config/herdr/session.json workspaces=3
2026-08-27T10:23:48.688952Z  INFO herdr::logging: tab focused event="tab.focus" subsystem="tab" outcome="ok" workspace_id="w9" tab_id="w9:t4"
2026-08-27T10:23:50.459077Z  INFO herdr::logging: tab focused event="tab.focus" subsystem="tab" outcome="ok" workspace_id="w9" tab_id="w9:t2"
2026-08-27T10:23:52.555590Z  INFO herdr::pane: agent changed pane=9 previous_agent=None agent=Some(Codex) process=codex pgid=Some(162570)
2026-08-27T10:23:55.461112Z  INFO herdr::logging: session saved event="persist.save" subsystem="persist" outcome="ok" path=/home/mbv/.config/herdr/session.json workspaces=3
2026-08-27T10:24:01.543771Z  INFO herdr::logging: tab focused event="tab.focus" subsystem="tab" outcome="ok" workspace_id="w9" tab_id="w9:t2"
2026-08-27T10:24:06.546916Z  INFO herdr::logging: session saved event="persist.save" subsystem="persist" outcome="ok" path=/home/mbv/.config/herdr/session.json workspaces=3
2026-08-27T10:24:10.152099Z  INFO herdr::logging: checking for updates event="update.check.start" subsystem="update" outcome="started"
2026-08-27T10:24:35.245178Z  INFO herdr::logging: tab focused event="tab.focus" subsystem="tab" outcome="ok" workspace_id="w9" tab_id="w9:t2"
2026-08-27T10:24:40.247100Z  INFO herdr::logging: session saved event="persist.save" subsystem="persist" outcome="ok" path=/home/mbv/.config/herdr/session.json workspaces=3
2026-08-27T10:47:06.442070Z  INFO herdr::logging: tab focused event="tab.focus" subsystem="tab" outcome="ok" workspace_id="w9" tab_id="w9:t2"
2026-08-27T10:47:11.040959Z  INFO herdr::logging: tab focused event="tab.focus" subsystem="tab" outcome="ok" workspace_id="w9" tab_id="w9:t2"
2026-08-27T10:47:16.043074Z  INFO herdr::logging: session saved event="persist.save" subsystem="persist" outcome="ok" path=/home/mbv/.config/herdr/session.json workspaces=3
2026-08-27T10:48:45.484900Z  INFO herdr::logging: tab focused event="tab.focus" subsystem="tab" outcome="ok" workspace_id="w9" tab_id="w9:t2"
2026-08-27T10:48:46.601262Z  INFO herdr::pane: agent changed pane=10 previous_agent=Some(Codex) agent=None pgid=Some(5372)
2026-08-27T10:48:50.486742Z  INFO herdr::logging: session saved event="persist.save" subsystem="persist" outcome="ok" path=/home/mbv/.config/herdr/session.json workspaces=3
2026-08-27T10:48:55.164343Z  INFO herdr::logging: tab focused event="tab.focus" subsystem="tab" outcome="ok" workspace_id="w9" tab_id="w9:t2"
2026-08-27T10:48:56.142436Z  INFO herdr::app::actions: copied selection to clipboard
2026-08-27T10:48:56.550252Z  INFO herdr::logging: tab focused event="tab.focus" subsystem="tab" outcome="ok" workspace_id="w9" tab_id="w9:t2"
2026-08-27T10:49:01.552245Z  INFO herdr::logging: session saved event="persist.save" subsystem="persist" outcome="ok" path=/home/mbv/.config/herdr/session.json workspaces=3
2026-08-27T10:49:11.082097Z  INFO herdr::logging: tab focused event="tab.focus" subsystem="tab" outcome="ok" workspace_id="w9" tab_id="w9:t2"
2026-08-27T10:49:14.500047Z  INFO herdr::app::actions: copied selection to clipboard
2026-08-27T10:49:15.163884Z  INFO herdr::logging: tab focused event="tab.focus" subsystem="tab" outcome="ok" workspace_id="w9" tab_id="w9:t2"
2026-08-27T10:49:20.166454Z  INFO herdr::logging: session saved event="persist.save" subsystem="persist" outcome="ok" path=/home/mbv/.config/herdr/session.json workspaces=3
2026-08-27T10:49:39.355424Z  INFO herdr::app::actions: copied selection to clipboard
2026-08-27T10:49:40.231181Z  INFO herdr::logging: tab focused event="tab.focus" subsystem="tab" outcome="ok" workspace_id="w9" tab_id="w9:t2"
2026-08-27T10:49:45.233064Z  INFO herdr::logging: session saved event="persist.save" subsystem="persist" outcome="ok" path=/home/mbv/.config/herdr/session.json workspaces=3
2026-08-27T10:50:20.321194Z  INFO herdr::logging: tab focused event="tab.focus" subsystem="tab" outcome="ok" workspace_id="w9" tab_id="w9:t2"
2026-08-27T10:50:25.323607Z  INFO herdr::logging: session saved event="persist.save" subsystem="persist" outcome="ok" path=/home/mbv/.config/herdr/session.json workspaces=3
2026-08-27T10:50:28.917190Z  INFO herdr::logging: spawning pane terminal event="pane.spawn.start" subsystem="pane" outcome="started" pane_id=17 rows=74 cols=144 scrollback_limit_bytes=10000000
2026-08-27T10:50:28.919483Z  INFO herdr::logging: pane child spawned event="pane.spawned" subsystem="pane" outcome="ok" pane_id=17 pid=178385
2026-08-27T10:50:28.919639Z  INFO herdr::logging: tab focused event="tab.focus" subsystem="tab" outcome="ok" workspace_id="w9" tab_id="w9:t2"
2026-08-27T10:50:29.762305Z  INFO herdr::logging: pane child exited event="pane.exit" subsystem="pane" outcome="completed" pane_id=17 status="ExitStatus { code: 0, signal: None }"
2026-08-27T10:50:29.762399Z  INFO herdr::pane: pane session terminated pane=17 pid=178385 signal=Hangup
2026-08-27T10:50:30.499167Z  INFO herdr::logging: spawning pane terminal event="pane.spawn.start" subsystem="pane" outcome="started" pane_id=18 rows=74 cols=144 scrollback_limit_bytes=10000000
2026-08-27T10:50:30.501471Z  INFO herdr::logging: pane child spawned event="pane.spawned" subsystem="pane" outcome="ok" pane_id=18 pid=178691
2026-08-27T10:50:30.501581Z  INFO herdr::logging: tab focused event="tab.focus" subsystem="tab" outcome="ok" workspace_id="w9" tab_id="w9:t2"
2026-08-27T10:50:35.503635Z  INFO herdr::logging: session saved event="persist.save" subsystem="persist" outcome="ok" path=/home/mbv/.config/herdr/session.json workspaces=3
2026-08-27T10:51:11.987062Z  INFO herdr::logging: tab focused event="tab.focus" subsystem="tab" outcome="ok" workspace_id="w9" tab_id="w9:t2"
2026-08-27T10:51:12.799427Z  INFO herdr::logging: tab focused event="tab.focus" subsystem="tab" outcome="ok" workspace_id="w9" tab_id="w9:t2"
2026-08-27T10:51:17.800760Z  INFO herdr::logging: session saved event="persist.save" subsystem="persist" outcome="ok" path=/home/mbv/.config/herdr/session.json workspaces=3
2026-08-27T10:51:35.308297Z  INFO herdr::logging: tab focused event="tab.focus" subsystem="tab" outcome="ok" workspace_id="w9" tab_id="w9:t2"
2026-08-27T10:51:40.309983Z  INFO herdr::logging: session saved event="persist.save" subsystem="persist" outcome="ok" path=/home/mbv/.config/herdr/session.json workspaces=3
2026-08-27T10:52:37.015181Z  INFO herdr::logging: tab focused event="tab.focus" subsystem="tab" outcome="ok" workspace_id="w9" tab_id="w9:t2"
2026-08-27T10:52:38.616227Z  INFO herdr::logging: spawning pane terminal event="pane.spawn.start" subsystem="pane" outcome="started" pane_id=19 rows=74 cols=144 scrollback_limit_bytes=10000000
2026-08-27T10:52:38.618634Z  INFO herdr::logging: pane child spawned event="pane.spawned" subsystem="pane" outcome="ok" pane_id=19 pid=180668
2026-08-27T10:52:38.618803Z  INFO herdr::logging: tab focused event="tab.focus" subsystem="tab" outcome="ok" workspace_id="w9" tab_id="w9:t2"
2026-08-27T10:52:40.673331Z  INFO herdr::pane: agent changed pane=19 previous_agent=None agent=Some(OpenCode) process=opencode pgid=Some(180990)
2026-08-27T10:52:43.620629Z  INFO herdr::logging: session saved event="persist.save" subsystem="persist" outcome="ok" path=/home/mbv/.config/herdr/session.json workspaces=3
2026-08-27T10:52:53.036872Z  INFO herdr::pane: agent changed pane=19 previous_agent=Some(OpenCode) agent=None pgid=Some(180668)
2026-08-27T10:54:10.152644Z  INFO herdr::logging: checking for updates event="update.check.start" subsystem="update" outcome="started"
2026-08-27T10:56:33.839848Z  INFO herdr::logging: tab focused event="tab.focus" subsystem="tab" outcome="ok" workspace_id="w9" tab_id="w9:t2"
2026-08-27T10:56:35.346037Z  INFO herdr::logging: tab focused event="tab.focus" subsystem="tab" outcome="ok" workspace_id="w9" tab_id="w9:t2"
2026-08-27T10:56:35.920840Z  INFO herdr::logging: tab focused event="tab.focus" subsystem="tab" outcome="ok" workspace_id="w9" tab_id="w9:t2"
2026-08-27T10:56:40.923452Z  INFO herdr::logging: session saved event="persist.save" subsystem="persist" outcome="ok" path=/home/mbv/.config/herdr/session.json workspaces=3
2026-08-27T10:57:03.680109Z  INFO herdr::logging: tab focused event="tab.focus" subsystem="tab" outcome="ok" workspace_id="w9" tab_id="w9:t2"
2026-08-27T10:57:04.874292Z  INFO herdr::logging: tab focused event="tab.focus" subsystem="tab" outcome="ok" workspace_id="w9" tab_id="w9:t2"
2026-08-27T10:57:07.971389Z  INFO herdr::logging: tab focused event="tab.focus" subsystem="tab" outcome="ok" workspace_id="w9" tab_id="w9:t2"
2026-08-27T10:57:11.153898Z  INFO herdr::logging: pane child exited event="pane.exit" subsystem="pane" outcome="completed" pane_id=19 status="ExitStatus { code: 0, signal: None }"
2026-08-27T10:57:11.157070Z  INFO herdr::pane: pane session terminated pane=19 pid=180668 signal=Hangup
2026-08-27T10:57:16.159355Z  INFO herdr::logging: session saved event="persist.save" subsystem="persist" outcome="ok" path=/home/mbv/.config/herdr/session.json workspaces=3
2026-08-27T10:57:16.772547Z  INFO herdr::logging: tab focused event="tab.focus" subsystem="tab" outcome="ok" workspace_id="w9" tab_id="w9:t2"
2026-08-27T10:57:18.986495Z  INFO herdr::app::actions: copied selection to clipboard
2026-08-27T10:57:19.446586Z  INFO herdr::logging: tab focused event="tab.focus" subsystem="tab" outcome="ok" workspace_id="w9" tab_id="w9:t2"
2026-08-27T10:57:24.448407Z  INFO herdr::logging: session saved event="persist.save" subsystem="persist" outcome="ok" path=/home/mbv/.config/herdr/session.json workspaces=3
2026-08-27T10:57:32.626135Z  INFO herdr::app::actions: copied selection to clipboard
2026-08-27T10:59:26.562345Z  INFO herdr::logging: tab focused event="tab.focus" subsystem="tab" outcome="ok" workspace_id="w9" tab_id="w9:t2"
2026-08-27T10:59:28.754399Z  INFO herdr::logging: spawning pane terminal event="pane.spawn.start" subsystem="pane" outcome="started" pane_id=20 rows=74 cols=144 scrollback_limit_bytes=10000000
2026-08-27T10:59:28.756783Z  INFO herdr::logging: pane child spawned event="pane.spawned" subsystem="pane" outcome="ok" pane_id=20 pid=185574
2026-08-27T10:59:28.756958Z  INFO herdr::logging: tab focused event="tab.focus" subsystem="tab" outcome="ok" workspace_id="w9" tab_id="w9:t2"
2026-08-27T10:59:33.759041Z  INFO herdr::logging: session saved event="persist.save" subsystem="persist" outcome="ok" path=/home/mbv/.config/herdr/session.json workspaces=3
2026-08-27T11:01:33.144628Z  INFO herdr::logging: tab focused event="tab.focus" subsystem="tab" outcome="ok" workspace_id="w9" tab_id="w9:t2"
2026-08-27T11:01:33.466657Z  INFO herdr::logging: tab focused event="tab.focus" subsystem="tab" outcome="ok" workspace_id="w9" tab_id="w9:t2"
2026-08-27T11:01:38.468349Z  INFO herdr::logging: session saved event="persist.save" subsystem="persist" outcome="ok" path=/home/mbv/.config/herdr/session.json workspaces=3
2026-08-27T11:02:20.653974Z  INFO herdr::logging: tab focused event="tab.focus" subsystem="tab" outcome="ok" workspace_id="w9" tab_id="w9:t2"
2026-08-27T11:02:21.081222Z  INFO herdr::logging: tab focused event="tab.focus" subsystem="tab" outcome="ok" workspace_id="w9" tab_id="w9:t2"
2026-08-27T11:02:26.082756Z  INFO herdr::logging: session saved event="persist.save" subsystem="persist" outcome="ok" path=/home/mbv/.config/herdr/session.json workspaces=3
2026-08-27T11:03:08.971337Z  INFO herdr::logging: tab focused event="tab.focus" subsystem="tab" outcome="ok" workspace_id="w9" tab_id="w9:t2"
2026-08-27T11:03:11.983269Z  INFO herdr::logging: spawning pane terminal event="pane.spawn.start" subsystem="pane" outcome="started" pane_id=21 rows=37 cols=144 scrollback_limit_bytes=10000000
2026-08-27T11:03:11.985787Z  INFO herdr::logging: pane child spawned event="pane.spawned" subsystem="pane" outcome="ok" pane_id=21 pid=188398
2026-08-27T11:03:11.985940Z  INFO herdr::logging: tab focused event="tab.focus" subsystem="tab" outcome="ok" workspace_id="w9" tab_id="w9:t2"
2026-08-27T11:03:16.988116Z  INFO herdr::logging: session saved event="persist.save" subsystem="persist" outcome="ok" path=/home/mbv/.config/herdr/session.json workspaces=3
2026-08-27T11:04:03.947296Z  INFO herdr::app::actions: copied selection to clipboard
2026-08-27T11:05:26.256398Z  INFO herdr::logging: tab focused event="tab.focus" subsystem="tab" outcome="ok" workspace_id="w9" tab_id="w9:t2"
2026-08-27T11:05:31.258271Z  INFO herdr::logging: session saved event="persist.save" subsystem="persist" outcome="ok" path=/home/mbv/.config/herdr/session.json workspaces=3
2026-08-27T11:08:49.889738Z  INFO herdr::pane: agent changed pane=20 previous_agent=None agent=Some(OpenCode) process=opencode pgid=Some(190818)
2026-08-27T11:10:17.308758Z  INFO herdr::logging: tab focused event="tab.focus" subsystem="tab" outcome="ok" workspace_id="w9" tab_id="w9:t2"
2026-08-27T11:10:20.636931Z  INFO herdr::app::actions: copied selection to clipboard
2026-08-27T11:10:21.392640Z  INFO herdr::logging: tab focused event="tab.focus" subsystem="tab" outcome="ok" workspace_id="w9" tab_id="w9:t2"
2026-08-27T11:10:26.394211Z  INFO herdr::logging: session saved event="persist.save" subsystem="persist" outcome="ok" path=/home/mbv/.config/herdr/session.json workspaces=3
2026-08-27T11:24:10.153581Z  INFO herdr::logging: checking for updates event="update.check.start" subsystem="update" outcome="started"
2026-08-27T11:35:32.213978Z  INFO herdr::logging: tab focused event="tab.focus" subsystem="tab" outcome="ok" workspace_id="w9" tab_id="w9:t2"
2026-08-27T11:35:37.216422Z  INFO herdr::logging: session saved event="persist.save" subsystem="persist" outcome="ok" path=/home/mbv/.config/herdr/session.json workspaces=3
2026-08-27T11:35:38.822937Z  INFO herdr::logging: tab focused event="tab.focus" subsystem="tab" outcome="ok" workspace_id="w9" tab_id="w9:t2"
2026-08-27T11:35:43.824588Z  INFO herdr::logging: session saved event="persist.save" subsystem="persist" outcome="ok" path=/home/mbv/.config/herdr/session.json workspaces=3
2026-08-27T11:36:20.486986Z  INFO herdr::app::actions: copied selection to clipboard
2026-08-27T11:36:20.974814Z  INFO herdr::logging: tab focused event="tab.focus" subsystem="tab" outcome="ok" workspace_id="w9" tab_id="w9:t2"
2026-08-27T11:36:25.977404Z  INFO herdr::logging: session saved event="persist.save" subsystem="persist" outcome="ok" path=/home/mbv/.config/herdr/session.json workspaces=3
2026-08-27T11:40:21.733954Z  INFO herdr::logging: tab focused event="tab.focus" subsystem="tab" outcome="ok" workspace_id="w9" tab_id="w9:t2"
2026-08-27T11:40:22.045866Z  INFO herdr::logging: tab focused event="tab.focus" subsystem="tab" outcome="ok" workspace_id="w9" tab_id="w9:t2"
2026-08-27T11:40:27.046988Z  INFO herdr::logging: session saved event="persist.save" subsystem="persist" outcome="ok" path=/home/mbv/.config/herdr/session.json workspaces=3
2026-08-27T11:40:35.390912Z  INFO herdr::app::actions: copied selection to clipboard
2026-08-27T11:41:19.015390Z  INFO herdr::logging: tab focused event="tab.focus" subsystem="tab" outcome="ok" workspace_id="w9" tab_id="w9:t2"
2026-08-27T11:41:19.330147Z  INFO herdr::logging: tab focused event="tab.focus" subsystem="tab" outcome="ok" workspace_id="w9" tab_id="w9:t2"
2026-08-27T11:41:24.332141Z  INFO herdr::logging: session saved event="persist.save" subsystem="persist" outcome="ok" path=/home/mbv/.config/herdr/session.json workspaces=3
2026-08-27T11:42:20.084501Z  INFO herdr::logging: tab focused event="tab.focus" subsystem="tab" outcome="ok" workspace_id="w9" tab_id="w9:t2"
2026-08-27T11:42:20.734400Z  INFO herdr::logging: tab focused event="tab.focus" subsystem="tab" outcome="ok" workspace_id="w9" tab_id="w9:t2"
2026-08-27T11:42:22.073909Z  INFO herdr::logging: pane child exited event="pane.exit" subsystem="pane" outcome="completed" pane_id=21 status="ExitStatus { code: 1, signal: None }"
2026-08-27T11:42:22.077034Z  INFO herdr::pane: pane session terminated pane=21 pid=188398 signal=Hangup
2026-08-27T11:42:24.247914Z  INFO herdr::logging: pane child exited event="pane.exit" subsystem="pane" outcome="completed" pane_id=9 status="ExitStatus { code: 0, signal: None }"
2026-08-27T11:42:24.251754Z  INFO herdr::pane: pane session terminated pane=9 pid=5368 signal=Hangup
2026-08-27T11:42:29.252903Z  INFO herdr::logging: session saved event="persist.save" subsystem="persist" outcome="ok" path=/home/mbv/.config/herdr/session.json workspaces=3
2026-08-27T11:45:22.866147Z  INFO herdr::logging: spawning pane terminal event="pane.spawn.start" subsystem="pane" outcome="started" pane_id=22 rows=74 cols=144 scrollback_limit_bytes=10000000
2026-08-27T11:45:22.869408Z  INFO herdr::logging: pane child spawned event="pane.spawned" subsystem="pane" outcome="ok" pane_id=22 pid=206741
2026-08-27T11:45:22.869562Z  INFO herdr::logging: tab focused event="tab.focus" subsystem="tab" outcome="ok" workspace_id="w9" tab_id="w9:t2"
2026-08-27T11:45:27.871691Z  INFO herdr::logging: session saved event="persist.save" subsystem="persist" outcome="ok" path=/home/mbv/.config/herdr/session.json workspaces=3
2026-08-27T11:45:30.441525Z  INFO herdr::pane: agent changed pane=22 previous_agent=None agent=Some(OpenCode) process=opencode pgid=Some(207168)
2026-08-27T11:45:31.043247Z  INFO herdr::pane: agent changed pane=22 previous_agent=Some(OpenCode) agent=None pgid=Some(206741)
2026-08-27T11:45:38.350191Z  INFO herdr::app::actions: copied selection to clipboard
2026-08-27T11:45:38.715268Z  INFO herdr::logging: tab focused event="tab.focus" subsystem="tab" outcome="ok" workspace_id="w9" tab_id="w9:t2"
2026-08-27T11:45:43.718223Z  INFO herdr::logging: session saved event="persist.save" subsystem="persist" outcome="ok" path=/home/mbv/.config/herdr/session.json workspaces=3
2026-08-27T11:46:10.034214Z  INFO herdr::logging: tab focused event="tab.focus" subsystem="tab" outcome="ok" workspace_id="w9" tab_id="w9:t2"
2026-08-27T11:46:15.036580Z  INFO herdr::logging: session saved event="persist.save" subsystem="persist" outcome="ok" path=/home/mbv/.config/herdr/session.json workspaces=3
2026-08-27T11:46:15.162670Z  INFO herdr::pane: agent changed pane=22 previous_agent=None agent=Some(OpenCode) process=opencode pgid=Some(207627)
2026-08-27T11:46:15.765314Z  INFO herdr::pane: agent changed pane=22 previous_agent=Some(OpenCode) agent=None pgid=Some(206741)
2026-08-27T11:46:19.817188Z  INFO herdr::app::actions: copied selection to clipboard
2026-08-27T11:46:23.633142Z  INFO herdr::logging: tab focused event="tab.focus" subsystem="tab" outcome="ok" workspace_id="w9" tab_id="w9:t2"
2026-08-27T11:46:28.634797Z  INFO herdr::logging: session saved event="persist.save" subsystem="persist" outcome="ok" path=/home/mbv/.config/herdr/session.json workspaces=3
2026-08-27T11:46:39.625146Z  INFO herdr::logging: tab focused event="tab.focus" subsystem="tab" outcome="ok" workspace_id="w9" tab_id="w9:t2"
2026-08-27T11:46:44.626883Z  INFO herdr::logging: session saved event="persist.save" subsystem="persist" outcome="ok" path=/home/mbv/.config/herdr/session.json workspaces=3
2026-08-27T11:46:58.880717Z  INFO herdr::pane: agent changed pane=22 previous_agent=None agent=Some(OpenCode) process=opencode pgid=Some(208032)
2026-08-27T11:47:08.817092Z  INFO herdr::pane: agent changed pane=22 previous_agent=Some(OpenCode) agent=None pgid=Some(206741)
2026-08-27T11:47:10.901997Z  INFO herdr::app::actions: copied selection to clipboard
2026-08-27T11:47:12.569829Z  INFO herdr::logging: tab focused event="tab.focus" subsystem="tab" outcome="ok" workspace_id="w9" tab_id="w9:t2"
2026-08-27T11:47:17.572198Z  INFO herdr::logging: session saved event="persist.save" subsystem="persist" outcome="ok" path=/home/mbv/.config/herdr/session.json workspaces=3
2026-08-27T11:47:30.151339Z  INFO herdr::logging: tab focused event="tab.focus" subsystem="tab" outcome="ok" workspace_id="w9" tab_id="w9:t2"
2026-08-27T11:47:32.377213Z  INFO herdr::pane: agent changed pane=22 previous_agent=None agent=Some(OpenCode) process=opencode pgid=Some(208441)
2026-08-27T11:47:35.153214Z  INFO herdr::logging: session saved event="persist.save" subsystem="persist" outcome="ok" path=/home/mbv/.config/herdr/session.json workspaces=3
2026-08-27T11:47:35.990959Z  INFO herdr::pane: agent changed pane=22 previous_agent=Some(OpenCode) agent=None pgid=Some(206741)
2026-08-27T11:47:38.498634Z  INFO herdr::pane: agent changed pane=22 previous_agent=None agent=Some(OpenCode) process=opencode pgid=Some(208618)
2026-08-27T11:47:39.101343Z  INFO herdr::pane: agent changed pane=22 previous_agent=Some(OpenCode) agent=None pgid=Some(206741)
2026-08-27T11:48:08.684693Z  INFO herdr::logging: tab focused event="tab.focus" subsystem="tab" outcome="ok" workspace_id="w9" tab_id="w9:t2"
2026-08-27T11:48:13.686751Z  INFO herdr::logging: session saved event="persist.save" subsystem="persist" outcome="ok" path=/home/mbv/.config/herdr/session.json workspaces=3
2026-08-27T11:48:29.259503Z  INFO herdr::logging: tab focused event="tab.focus" subsystem="tab" outcome="ok" workspace_id="w9" tab_id="w9:t2"
2026-08-27T11:48:34.260758Z  INFO herdr::logging: session saved event="persist.save" subsystem="persist" outcome="ok" path=/home/mbv/.config/herdr/session.json workspaces=3
2026-08-27T11:48:47.298127Z  INFO herdr::logging: tab focused event="tab.focus" subsystem="tab" outcome="ok" workspace_id="w9" tab_id="w9:t2"
2026-08-27T11:48:50.231133Z  INFO herdr::logging: tab focused event="tab.focus" subsystem="tab" outcome="ok" workspace_id="w9" tab_id="w9:t2"
2026-08-27T11:48:55.232547Z  INFO herdr::logging: session saved event="persist.save" subsystem="persist" outcome="ok" path=/home/mbv/.config/herdr/session.json workspaces=3
2026-08-27T11:54:10.154206Z  INFO herdr::logging: checking for updates event="update.check.start" subsystem="update" outcome="started"
2026-08-27T11:55:35.415635Z  INFO herdr::logging: tab focused event="tab.focus" subsystem="tab" outcome="ok" workspace_id="w9" tab_id="w9:t2"
2026-08-27T11:55:40.416952Z  INFO herdr::logging: session saved event="persist.save" subsystem="persist" outcome="ok" path=/home/mbv/.config/herdr/session.json workspaces=3
2026-08-27T12:09:02.731988Z  INFO herdr::logging: tab focused event="tab.focus" subsystem="tab" outcome="ok" workspace_id="w9" tab_id="w9:t2"
2026-08-27T12:09:03.256453Z  INFO herdr::logging: pane child exited event="pane.exit" subsystem="pane" outcome="completed" pane_id=22 status="ExitStatus { code: 0, signal: None }"
2026-08-27T12:09:03.259804Z  INFO herdr::pane: pane session terminated pane=22 pid=206741 signal=Hangup
2026-08-27T12:09:08.260986Z  INFO herdr::logging: session saved event="persist.save" subsystem="persist" outcome="ok" path=/home/mbv/.config/herdr/session.json workspaces=3
2026-08-27T12:11:09.283207Z  INFO herdr::logging: tab focused event="tab.focus" subsystem="tab" outcome="ok" workspace_id="w9" tab_id="w9:t2"
2026-08-27T12:11:09.833428Z  INFO herdr::logging: tab focused event="tab.focus" subsystem="tab" outcome="ok" workspace_id="w9" tab_id="w9:t2"
2026-08-27T12:11:14.836529Z  INFO herdr::logging: session saved event="persist.save" subsystem="persist" outcome="ok" path=/home/mbv/.config/herdr/session.json workspaces=3
2026-08-27T12:11:21.300293Z  INFO herdr::logging: tab focused event="tab.focus" subsystem="tab" outcome="ok" workspace_id="w9" tab_id="w9:t1"
2026-08-27T12:11:24.342370Z  INFO herdr::logging: workspace focused event="workspace.focus" subsystem="workspace" outcome="ok" workspace_id="w8"
2026-08-27T12:11:24.342409Z  INFO herdr::logging: tab focused event="tab.focus" subsystem="tab" outcome="ok" workspace_id="w8" tab_id="w8:t3"
2026-08-27T12:11:26.028284Z  INFO herdr::logging: tab focused event="tab.focus" subsystem="tab" outcome="ok" workspace_id="w8" tab_id="w8:t1"
2026-08-27T12:11:27.410281Z  INFO herdr::logging: tab focused event="tab.focus" subsystem="tab" outcome="ok" workspace_id="w8" tab_id="w8:t1"
2026-08-27T12:11:27.766675Z  INFO herdr::logging: pane child exited event="pane.exit" subsystem="pane" outcome="completed" pane_id=4 status="ExitStatus { code: 0, signal: None }"
2026-08-27T12:11:27.769106Z  INFO herdr::pane: pane session terminated pane=4 pid=5351 signal=Hangup
2026-08-27T12:11:32.770965Z  INFO herdr::logging: session saved event="persist.save" subsystem="persist" outcome="ok" path=/home/mbv/.config/herdr/session.json workspaces=3
2026-08-27T12:11:48.446169Z  INFO herdr::logging: spawning pane terminal event="pane.spawn.start" subsystem="pane" outcome="started" pane_id=23 rows=74 cols=287 scrollback_limit_bytes=10000000
2026-08-27T12:11:48.448786Z  INFO herdr::logging: pane child spawned event="pane.spawned" subsystem="pane" outcome="ok" pane_id=23 pid=218478
2026-08-27T12:11:48.448957Z  INFO herdr::logging: tab focused event="tab.focus" subsystem="tab" outcome="ok" workspace_id="w8" tab_id="w8:t1"
2026-08-27T12:11:53.451280Z  INFO herdr::logging: session saved event="persist.save" subsystem="persist" outcome="ok" path=/home/mbv/.config/herdr/session.json workspaces=3
2026-08-27T12:12:03.045486Z  INFO herdr::pane: agent changed pane=23 previous_agent=None agent=Some(OpenCode) process=opencode pgid=Some(219169)
2026-08-27T12:12:03.441522Z  INFO herdr::logging: tab focused event="tab.focus" subsystem="tab" outcome="ok" workspace_id="w8" tab_id="w8:t1"
2026-08-27T12:12:06.133952Z  INFO herdr::logging: workspace focused event="workspace.focus" subsystem="workspace" outcome="ok" workspace_id="w9"
2026-08-27T12:12:06.133990Z  INFO herdr::logging: tab focused event="tab.focus" subsystem="tab" outcome="ok" workspace_id="w9" tab_id="w9:t1"
2026-08-27T12:12:07.019635Z  INFO herdr::logging: tab focused event="tab.focus" subsystem="tab" outcome="ok" workspace_id="w9" tab_id="w9:t2"
2026-08-27T12:12:10.841808Z  INFO herdr::logging: tab focused event="tab.focus" subsystem="tab" outcome="ok" workspace_id="w9" tab_id="w9:t2"
2026-08-27T12:12:10.995940Z  INFO herdr::logging: tab focused event="tab.focus" subsystem="tab" outcome="ok" workspace_id="w9" tab_id="w9:t2"
2026-08-27T12:12:15.997827Z  INFO herdr::logging: session saved event="persist.save" subsystem="persist" outcome="ok" path=/home/mbv/.config/herdr/session.json workspaces=3
2026-08-27T12:22:13.559193Z  INFO herdr::logging: tab focused event="tab.focus" subsystem="tab" outcome="ok" workspace_id="w9" tab_id="w9:t2"
2026-08-27T12:22:18.560825Z  INFO herdr::logging: session saved event="persist.save" subsystem="persist" outcome="ok" path=/home/mbv/.config/herdr/session.json workspaces=3
2026-08-27T12:22:42.960144Z  INFO herdr::app::actions: copied selection to clipboard
2026-08-27T12:22:47.537950Z  INFO herdr::logging: tab focused event="tab.focus" subsystem="tab" outcome="ok" workspace_id="w9" tab_id="w9:t2"
2026-08-27T12:22:49.336030Z  INFO herdr::logging: tab focused event="tab.focus" subsystem="tab" outcome="ok" workspace_id="w9" tab_id="w9:t2"
2026-08-27T12:22:51.433950Z  INFO herdr::app::actions: copied selection to clipboard
2026-08-27T12:22:52.269957Z  INFO herdr::logging: tab focused event="tab.focus" subsystem="tab" outcome="ok" workspace_id="w9" tab_id="w9:t2"
2026-08-27T12:22:57.272202Z  INFO herdr::logging: session saved event="persist.save" subsystem="persist" outcome="ok" path=/home/mbv/.config/herdr/session.json workspaces=3
2026-08-27T12:23:03.610281Z  INFO herdr::logging: tab focused event="tab.focus" subsystem="tab" outcome="ok" workspace_id="w9" tab_id="w9:t2"
2026-08-27T12:23:08.612496Z  INFO herdr::logging: session saved event="persist.save" subsystem="persist" outcome="ok" path=/home/mbv/.config/herdr/session.json workspaces=3
2026-08-27T12:24:10.155530Z  INFO herdr::logging: checking for updates event="update.check.start" subsystem="update" outcome="started"
2026-08-27T12:28:31.105983Z  INFO herdr::logging: tab focused event="tab.focus" subsystem="tab" outcome="ok" workspace_id="w9" tab_id="w9:t2"
2026-08-27T12:28:36.109360Z  INFO herdr::logging: session saved event="persist.save" subsystem="persist" outcome="ok" path=/home/mbv/.config/herdr/session.json workspaces=3
2026-08-27T12:28:45.739871Z  INFO herdr::logging: tab focused event="tab.focus" subsystem="tab" outcome="ok" workspace_id="w9" tab_id="w9:t2"
2026-08-27T12:28:50.744159Z  INFO herdr::logging: session saved event="persist.save" subsystem="persist" outcome="ok" path=/home/mbv/.config/herdr/session.json workspaces=3
2026-08-27T12:29:32.091026Z  INFO herdr::logging: tab focused event="tab.focus" subsystem="tab" outcome="ok" workspace_id="w9" tab_id="w9:t2"
2026-08-27T12:29:37.093086Z  INFO herdr::logging: session saved event="persist.save" subsystem="persist" outcome="ok" path=/home/mbv/.config/herdr/session.json workspaces=3
2026-08-27T12:29:41.616650Z  INFO herdr::pane: agent changed pane=20 previous_agent=Some(OpenCode) agent=None pgid=Some(185574)
2026-08-27T12:29:45.300379Z  INFO herdr::app::actions: copied selection to clipboard
2026-08-27T12:29:46.132807Z  INFO herdr::pane: agent changed pane=20 previous_agent=None agent=Some(OpenCode) process=opencode pgid=Some(233622)
2026-08-27T12:29:47.337359Z  INFO herdr::pane: agent changed pane=20 previous_agent=Some(OpenCode) agent=None pgid=Some(185574)
2026-08-27T12:29:51.852836Z  INFO herdr::pane: agent changed pane=20 previous_agent=None agent=Some(OpenCode) process=opencode pgid=Some(233810)
2026-08-27T12:30:16.888761Z  INFO herdr::logging: tab focused event="tab.focus" subsystem="tab" outcome="ok" workspace_id="w9" tab_id="w9:t2"
2026-08-27T12:30:21.890522Z  INFO herdr::logging: session saved event="persist.save" subsystem="persist" outcome="ok" path=/home/mbv/.config/herdr/session.json workspaces=3
2026-08-27T12:30:52.684976Z  INFO herdr::app::actions: copied selection to clipboard
2026-08-27T12:30:53.044975Z  INFO herdr::logging: tab focused event="tab.focus" subsystem="tab" outcome="ok" workspace_id="w9" tab_id="w9:t2"
2026-08-27T12:30:58.046713Z  INFO herdr::logging: session saved event="persist.save" subsystem="persist" outcome="ok" path=/home/mbv/.config/herdr/session.json workspaces=3
2026-08-27T12:31:35.558378Z  INFO herdr::logging: tab focused event="tab.focus" subsystem="tab" outcome="ok" workspace_id="w9" tab_id="w9:t2"
2026-08-27T12:31:40.560533Z  INFO herdr::logging: session saved event="persist.save" subsystem="persist" outcome="ok" path=/home/mbv/.config/herdr/session.json workspaces=3
2026-08-27T12:32:13.740934Z  INFO herdr::app::actions: copied selection to clipboard
2026-08-27T12:32:14.334926Z  INFO herdr::logging: tab focused event="tab.focus" subsystem="tab" outcome="ok" workspace_id="w9" tab_id="w9:t2"
2026-08-27T12:32:19.337327Z  INFO herdr::logging: session saved event="persist.save" subsystem="persist" outcome="ok" path=/home/mbv/.config/herdr/session.json workspaces=3
2026-08-27T12:39:16.059950Z  INFO herdr::logging: tab focused event="tab.focus" subsystem="tab" outcome="ok" workspace_id="w9" tab_id="w9:t2"
2026-08-27T12:39:21.061696Z  INFO herdr::logging: session saved event="persist.save" subsystem="persist" outcome="ok" path=/home/mbv/.config/herdr/session.json workspaces=3
2026-08-27T12:39:29.832980Z  INFO herdr::app::actions: copied selection to clipboard
2026-08-27T12:39:30.270726Z  INFO herdr::logging: tab focused event="tab.focus" subsystem="tab" outcome="ok" workspace_id="w9" tab_id="w9:t2"
2026-08-27T12:39:35.273293Z  INFO herdr::logging: session saved event="persist.save" subsystem="persist" outcome="ok" path=/home/mbv/.config/herdr/session.json workspaces=3
2026-08-27T12:40:02.487309Z  INFO herdr::logging: tab focused event="tab.focus" subsystem="tab" outcome="ok" workspace_id="w9" tab_id="w9:t2"
2026-08-27T12:40:07.489563Z  INFO herdr::logging: session saved event="persist.save" subsystem="persist" outcome="ok" path=/home/mbv/.config/herdr/session.json workspaces=3
2026-08-27T12:40:45.867082Z  INFO herdr::app::actions: copied selection to clipboard
2026-08-27T12:40:47.888353Z  INFO herdr::logging: tab focused event="tab.focus" subsystem="tab" outcome="ok" workspace_id="w9" tab_id="w9:t2"
2026-08-27T12:40:52.890466Z  INFO herdr::logging: session saved event="persist.save" subsystem="persist" outcome="ok" path=/home/mbv/.config/herdr/session.json workspaces=3
2026-08-27T12:40:56.193458Z  INFO herdr::logging: tab focused event="tab.focus" subsystem="tab" outcome="ok" workspace_id="w9" tab_id="w9:t2"
2026-08-27T12:41:01.195520Z  INFO herdr::logging: session saved event="persist.save" subsystem="persist" outcome="ok" path=/home/mbv/.config/herdr/session.json workspaces=3
2026-08-27T12:41:09.789293Z  INFO herdr::app::actions: copied selection to clipboard
2026-08-27T12:41:12.396426Z  INFO herdr::app::actions: copied selection to clipboard
2026-08-27T12:41:13.208488Z  INFO herdr::logging: tab focused event="tab.focus" subsystem="tab" outcome="ok" workspace_id="w9" tab_id="w9:t2"
2026-08-27T12:41:18.209957Z  INFO herdr::logging: session saved event="persist.save" subsystem="persist" outcome="ok" path=/home/mbv/.config/herdr/session.json workspaces=3
2026-08-27T12:42:03.528550Z  INFO herdr::logging: tab focused event="tab.focus" subsystem="tab" outcome="ok" workspace_id="w9" tab_id="w9:t2"
2026-08-27T12:42:08.529657Z  INFO herdr::logging: session saved event="persist.save" subsystem="persist" outcome="ok" path=/home/mbv/.config/herdr/session.json workspaces=3
2026-08-27T12:42:29.314924Z  INFO herdr::logging: tab focused event="tab.focus" subsystem="tab" outcome="ok" workspace_id="w9" tab_id="w9:t2"
2026-08-27T12:42:34.316226Z  INFO herdr::logging: session saved event="persist.save" subsystem="persist" outcome="ok" path=/home/mbv/.config/herdr/session.json workspaces=3
2026-08-27T12:43:07.064530Z  INFO herdr::logging: tab focused event="tab.focus" subsystem="tab" outcome="ok" workspace_id="w9" tab_id="w9:t2"
2026-08-27T12:43:12.065894Z  INFO herdr::logging: session saved event="persist.save" subsystem="persist" outcome="ok" path=/home/mbv/.config/herdr/session.json workspaces=3
2026-08-27T12:43:47.334305Z  INFO herdr::logging: tab focused event="tab.focus" subsystem="tab" outcome="ok" workspace_id="w9" tab_id="w9:t2"
2026-08-27T12:43:52.336484Z  INFO herdr::logging: session saved event="persist.save" subsystem="persist" outcome="ok" path=/home/mbv/.config/herdr/session.json workspaces=3
2026-08-27T12:44:11.999007Z  INFO herdr::logging: tab focused event="tab.focus" subsystem="tab" outcome="ok" workspace_id="w9" tab_id="w9:t2"
2026-08-27T12:44:13.251811Z  INFO herdr::logging: spawning pane terminal event="pane.spawn.start" subsystem="pane" outcome="started" pane_id=24 rows=74 cols=144 scrollback_limit_bytes=10000000
2026-08-27T12:44:13.254165Z  INFO herdr::logging: pane child spawned event="pane.spawned" subsystem="pane" outcome="ok" pane_id=24 pid=244025
2026-08-27T12:44:13.254337Z  INFO herdr::logging: tab focused event="tab.focus" subsystem="tab" outcome="ok" workspace_id="w9" tab_id="w9:t2"
2026-08-27T12:44:18.255510Z  INFO herdr::logging: session saved event="persist.save" subsystem="persist" outcome="ok" path=/home/mbv/.config/herdr/session.json workspaces=3
2026-08-27T12:44:33.519487Z  INFO herdr::logging: tab focused event="tab.focus" subsystem="tab" outcome="ok" workspace_id="w9" tab_id="w9:t2"
2026-08-27T12:44:33.786498Z  INFO herdr::logging: tab focused event="tab.focus" subsystem="tab" outcome="ok" workspace_id="w9" tab_id="w9:t2"
2026-08-27T12:44:34.145996Z  INFO herdr::logging: pane child exited event="pane.exit" subsystem="pane" outcome="completed" pane_id=24 status="ExitStatus { code: 0, signal: None }"
2026-08-27T12:44:34.149267Z  INFO herdr::pane: pane session terminated pane=24 pid=244025 signal=Hangup
2026-08-27T12:44:39.150690Z  INFO herdr::logging: session saved event="persist.save" subsystem="persist" outcome="ok" path=/home/mbv/.config/herdr/session.json workspaces=3
2026-08-27T12:44:48.204202Z  INFO herdr::logging: spawning pane terminal event="pane.spawn.start" subsystem="pane" outcome="started" pane_id=25 rows=74 cols=144 scrollback_limit_bytes=10000000
2026-08-27T12:44:48.206490Z  INFO herdr::logging: pane child spawned event="pane.spawned" subsystem="pane" outcome="ok" pane_id=25 pid=245199
2026-08-27T12:44:48.206657Z  INFO herdr::logging: tab focused event="tab.focus" subsystem="tab" outcome="ok" workspace_id="w9" tab_id="w9:t2"
2026-08-27T12:44:53.209453Z  INFO herdr::logging: session saved event="persist.save" subsystem="persist" outcome="ok" path=/home/mbv/.config/herdr/session.json workspaces=3
2026-08-27T12:44:56.456221Z  INFO herdr::logging: tab focused event="tab.focus" subsystem="tab" outcome="ok" workspace_id="w9" tab_id="w9:t2"
2026-08-27T12:45:01.458230Z  INFO herdr::logging: session saved event="persist.save" subsystem="persist" outcome="ok" path=/home/mbv/.config/herdr/session.json workspaces=3
2026-08-27T12:45:40.182334Z  INFO herdr::logging: tab focused event="tab.focus" subsystem="tab" outcome="ok" workspace_id="w9" tab_id="w9:t2"
2026-08-27T12:45:45.183652Z  INFO herdr::logging: session saved event="persist.save" subsystem="persist" outcome="ok" path=/home/mbv/.config/herdr/session.json workspaces=3
2026-08-27T12:45:51.642045Z  INFO herdr::logging: tab focused event="tab.focus" subsystem="tab" outcome="ok" workspace_id="w9" tab_id="w9:t2"
2026-08-27T12:45:56.643538Z  INFO herdr::logging: session saved event="persist.save" subsystem="persist" outcome="ok" path=/home/mbv/.config/herdr/session.json workspaces=3
2026-08-27T12:46:23.775373Z  INFO herdr::logging: tab focused event="tab.focus" subsystem="tab" outcome="ok" workspace_id="w9" tab_id="w9:t2"
2026-08-27T12:46:28.777084Z  INFO herdr::logging: session saved event="persist.save" subsystem="persist" outcome="ok" path=/home/mbv/.config/herdr/session.json workspaces=3
2026-08-27T12:52:04.716037Z  INFO herdr::logging: tab focused event="tab.focus" subsystem="tab" outcome="ok" workspace_id="w9" tab_id="w9:t2"
2026-08-27T12:52:08.203638Z  INFO herdr::logging: tab focused event="tab.focus" subsystem="tab" outcome="ok" workspace_id="w9" tab_id="w9:t2"
2026-08-27T12:52:10.656345Z  INFO herdr::logging: tab focused event="tab.focus" subsystem="tab" outcome="ok" workspace_id="w9" tab_id="w9:t2"
2026-08-27T12:52:15.657573Z  INFO herdr::logging: session saved event="persist.save" subsystem="persist" outcome="ok" path=/home/mbv/.config/herdr/session.json workspaces=3
2026-08-27T12:54:10.156357Z  INFO herdr::logging: checking for updates event="update.check.start" subsystem="update" outcome="started"
2026-08-27T12:57:07.598390Z  INFO herdr::logging: tab focused event="tab.focus" subsystem="tab" outcome="ok" workspace_id="w9" tab_id="w9:t2"
2026-08-27T12:57:12.600576Z  INFO herdr::logging: session saved event="persist.save" subsystem="persist" outcome="ok" path=/home/mbv/.config/herdr/session.json workspaces=3
2026-08-27T13:17:14.863337Z  INFO herdr::logging: tab focused event="tab.focus" subsystem="tab" outcome="ok" workspace_id="w9" tab_id="w9:t2"
2026-08-27T13:17:19.864784Z  INFO herdr::logging: session saved event="persist.save" subsystem="persist" outcome="ok" path=/home/mbv/.config/herdr/session.json workspaces=3
2026-08-27T13:17:51.210841Z  INFO herdr::logging: tab focused event="tab.focus" subsystem="tab" outcome="ok" workspace_id="w9" tab_id="w9:t2"
2026-08-27T13:17:55.440641Z  INFO herdr::logging: tab focused event="tab.focus" subsystem="tab" outcome="ok" workspace_id="w9" tab_id="w9:t2"
2026-08-27T13:17:57.561614Z  INFO herdr::logging: tab focused event="tab.focus" subsystem="tab" outcome="ok" workspace_id="w9" tab_id="w9:t2"
2026-08-27T13:17:57.804803Z  INFO herdr::logging: tab focused event="tab.focus" subsystem="tab" outcome="ok" workspace_id="w9" tab_id="w9:t2"
2026-08-27T13:17:59.489589Z  INFO herdr::logging: tab focused event="tab.focus" subsystem="tab" outcome="ok" workspace_id="w9" tab_id="w9:t2"
2026-08-27T13:18:04.490735Z  INFO herdr::logging: session saved event="persist.save" subsystem="persist" outcome="ok" path=/home/mbv/.config/herdr/session.json workspaces=3
2026-08-27T13:18:15.068233Z  INFO herdr::logging: tab focused event="tab.focus" subsystem="tab" outcome="ok" workspace_id="w9" tab_id="w9:t2"
2026-08-27T13:18:17.506814Z  INFO herdr::logging: tab focused event="tab.focus" subsystem="tab" outcome="ok" workspace_id="w9" tab_id="w9:t2"
2026-08-27T13:18:19.811952Z  INFO herdr::logging: tab focused event="tab.focus" subsystem="tab" outcome="ok" workspace_id="w9" tab_id="w9:t2"
2026-08-27T13:18:20.375961Z  INFO herdr::app::actions: copied selection to clipboard
2026-08-27T13:18:20.901912Z  INFO herdr::logging: tab focused event="tab.focus" subsystem="tab" outcome="ok" workspace_id="w9" tab_id="w9:t2"
2026-08-27T13:18:25.903721Z  INFO herdr::logging: session saved event="persist.save" subsystem="persist" outcome="ok" path=/home/mbv/.config/herdr/session.json workspaces=3
2026-08-27T13:18:55.348101Z  INFO herdr::logging: tab focused event="tab.focus" subsystem="tab" outcome="ok" workspace_id="w9" tab_id="w9:t2"
2026-08-27T13:18:55.896830Z  INFO herdr::logging: tab focused event="tab.focus" subsystem="tab" outcome="ok" workspace_id="w9" tab_id="w9:t2"
2026-08-27T13:18:56.518755Z  INFO herdr::logging: tab focused event="tab.focus" subsystem="tab" outcome="ok" workspace_id="w9" tab_id="w9:t2"
2026-08-27T13:19:01.519961Z  INFO herdr::logging: session saved event="persist.save" subsystem="persist" outcome="ok" path=/home/mbv/.config/herdr/session.json workspaces=3
2026-08-27T13:19:16.826601Z  INFO herdr::logging: tab focused event="tab.focus" subsystem="tab" outcome="ok" workspace_id="w9" tab_id="w9:t2"
2026-08-27T13:19:21.828711Z  INFO herdr::logging: session saved event="persist.save" subsystem="persist" outcome="ok" path=/home/mbv/.config/herdr/session.json workspaces=3
2026-08-27T13:24:10.157526Z  INFO herdr::logging: checking for updates event="update.check.start" subsystem="update" outcome="started"
2026-08-27T13:32:12.405386Z  INFO herdr::logging: tab focused event="tab.focus" subsystem="tab" outcome="ok" workspace_id="w9" tab_id="w9:t2"
2026-08-27T13:32:12.987234Z  INFO herdr::app::actions: copied selection to clipboard
2026-08-27T13:32:17.406871Z  INFO herdr::logging: session saved event="persist.save" subsystem="persist" outcome="ok" path=/home/mbv/.config/herdr/session.json workspaces=3
2026-08-27T13:32:33.216748Z  INFO herdr::logging: tab focused event="tab.focus" subsystem="tab" outcome="ok" workspace_id="w9" tab_id="w9:t2"
2026-08-27T13:32:37.222681Z  INFO herdr::logging: tab focused event="tab.focus" subsystem="tab" outcome="ok" workspace_id="w9" tab_id="w9:t2"
2026-08-27T13:32:38.080470Z  INFO herdr::logging: tab focused event="tab.focus" subsystem="tab" outcome="ok" workspace_id="w9" tab_id="w9:t2"
2026-08-27T13:32:39.766497Z  INFO herdr::logging: tab focused event="tab.focus" subsystem="tab" outcome="ok" workspace_id="w9" tab_id="w9:t2"
2026-08-27T13:32:40.079729Z  INFO herdr::logging: pane child exited event="pane.exit" subsystem="pane" outcome="completed" pane_id=25 status="ExitStatus { code: 0, signal: None }"
2026-08-27T13:32:40.082952Z  INFO herdr::pane: pane session terminated pane=25 pid=245199 signal=Hangup
2026-08-27T13:32:45.084507Z  INFO herdr::logging: session saved event="persist.save" subsystem="persist" outcome="ok" path=/home/mbv/.config/herdr/session.json workspaces=3
2026-08-27T13:32:52.766018Z  INFO herdr::logging: session saved event="persist.save" subsystem="persist" outcome="ok" path=/home/mbv/.config/herdr/session.json workspaces=3
2026-08-27T13:32:53.462396Z  INFO herdr::logging: tab focused event="tab.focus" subsystem="tab" outcome="ok" workspace_id="w9" tab_id="w9:t2"
2026-08-27T13:32:56.910325Z  INFO herdr::app::actions: copied selection to clipboard
2026-08-27T13:32:57.560538Z  INFO herdr::logging: tab focused event="tab.focus" subsystem="tab" outcome="ok" workspace_id="w9" tab_id="w9:t2"
2026-08-27T13:33:02.562854Z  INFO herdr::logging: session saved event="persist.save" subsystem="persist" outcome="ok" path=/home/mbv/.config/herdr/session.json workspaces=3
2026-08-27T13:33:03.495551Z  INFO herdr::logging: tab focused event="tab.focus" subsystem="tab" outcome="ok" workspace_id="w9" tab_id="w9:t2"
2026-08-27T13:33:08.497401Z  INFO herdr::logging: session saved event="persist.save" subsystem="persist" outcome="ok" path=/home/mbv/.config/herdr/session.json workspaces=3
2026-08-27T13:47:10.397867Z  INFO herdr::logging: tab focused event="tab.focus" subsystem="tab" outcome="ok" workspace_id="w9" tab_id="w9:t2"
2026-08-27T13:47:15.400225Z  INFO herdr::logging: session saved event="persist.save" subsystem="persist" outcome="ok" path=/home/mbv/.config/herdr/session.json workspaces=3
2026-08-27T13:47:50.033698Z  INFO herdr::logging: tab focused event="tab.focus" subsystem="tab" outcome="ok" workspace_id="w9" tab_id="w9:t2"
2026-08-27T13:47:55.034953Z  INFO herdr::logging: session saved event="persist.save" subsystem="persist" outcome="ok" path=/home/mbv/.config/herdr/session.json workspaces=3
2026-08-27T13:48:25.425153Z  INFO herdr::logging: spawning pane terminal event="pane.spawn.start" subsystem="pane" outcome="started" pane_id=26 rows=74 cols=108 scrollback_limit_bytes=10000000
2026-08-27T13:48:25.427492Z  INFO herdr::logging: pane child spawned event="pane.spawned" subsystem="pane" outcome="ok" pane_id=26 pid=281601
2026-08-27T13:48:25.427705Z  INFO herdr::logging: tab focused event="tab.focus" subsystem="tab" outcome="ok" workspace_id="w9" tab_id="w9:t2"
2026-08-27T13:48:30.430472Z  INFO herdr::logging: session saved event="persist.save" subsystem="persist" outcome="ok" path=/home/mbv/.config/herdr/session.json workspaces=3
2026-08-27T13:48:43.341017Z  INFO herdr::logging: tab focused event="tab.focus" subsystem="tab" outcome="ok" workspace_id="w9" tab_id="w9:t2"
2026-08-27T13:48:48.343510Z  INFO herdr::logging: session saved event="persist.save" subsystem="persist" outcome="ok" path=/home/mbv/.config/herdr/session.json workspaces=3
2026-08-27T13:48:49.745702Z  INFO herdr::logging: tab focused event="tab.focus" subsystem="tab" outcome="ok" workspace_id="w9" tab_id="w9:t2"
2026-08-27T13:48:51.759669Z  INFO herdr::logging: tab focused event="tab.focus" subsystem="tab" outcome="ok" workspace_id="w9" tab_id="w9:t2"
2026-08-27T13:48:56.761487Z  INFO herdr::logging: session saved event="persist.save" subsystem="persist" outcome="ok" path=/home/mbv/.config/herdr/session.json workspaces=3
2026-08-27T13:49:05.477406Z  INFO herdr::logging: tab focused event="tab.focus" subsystem="tab" outcome="ok" workspace_id="w9" tab_id="w9:t2"
2026-08-27T13:49:10.480105Z  INFO herdr::logging: session saved event="persist.save" subsystem="persist" outcome="ok" path=/home/mbv/.config/herdr/session.json workspaces=3
2026-08-27T13:49:24.960546Z  INFO herdr::logging: tab focused event="tab.focus" subsystem="tab" outcome="ok" workspace_id="w9" tab_id="w9:t2"
2026-08-27T13:49:25.507622Z  INFO herdr::logging: tab focused event="tab.focus" subsystem="tab" outcome="ok" workspace_id="w9" tab_id="w9:t2"
2026-08-27T13:49:30.509857Z  INFO herdr::logging: session saved event="persist.save" subsystem="persist" outcome="ok" path=/home/mbv/.config/herdr/session.json workspaces=3
2026-08-27T13:49:42.056157Z  INFO herdr::logging: tab focused event="tab.focus" subsystem="tab" outcome="ok" workspace_id="w9" tab_id="w9:t2"
2026-08-27T13:49:43.724355Z  INFO herdr::pane: agent changed pane=15 previous_agent=Some(Cursor) agent=None pgid=Some(144692)
2026-08-27T13:49:44.572263Z  INFO herdr::logging: tab focused event="tab.focus" subsystem="tab" outcome="ok" workspace_id="w9" tab_id="w9:t2"
2026-08-27T13:49:44.961135Z  INFO herdr::logging: tab focused event="tab.focus" subsystem="tab" outcome="ok" workspace_id="w9" tab_id="w9:t2"
2026-08-27T13:49:49.963535Z  INFO herdr::logging: session saved event="persist.save" subsystem="persist" outcome="ok" path=/home/mbv/.config/herdr/session.json workspaces=3
2026-08-27T13:50:28.167113Z  INFO herdr::logging: tab focused event="tab.focus" subsystem="tab" outcome="ok" workspace_id="w9" tab_id="w9:t2"
2026-08-27T13:50:28.649727Z  INFO herdr::logging: tab focused event="tab.focus" subsystem="tab" outcome="ok" workspace_id="w9" tab_id="w9:t2"
2026-08-27T13:50:29.749199Z  INFO herdr::pane: agent changed pane=20 previous_agent=Some(OpenCode) agent=None pgid=Some(185574)
2026-08-27T13:50:33.261264Z  INFO herdr::pane: agent changed pane=20 previous_agent=None agent=Some(Codex) process=codex pgid=Some(284101)
2026-08-27T13:50:33.651516Z  INFO herdr::logging: session saved event="persist.save" subsystem="persist" outcome="ok" path=/home/mbv/.config/herdr/session.json workspaces=3
2026-08-27T13:52:04.303484Z  INFO herdr::logging: tab focused event="tab.focus" subsystem="tab" outcome="ok" workspace_id="w9" tab_id="w9:t2"
2026-08-27T13:52:04.893320Z  INFO herdr::logging: tab focused event="tab.focus" subsystem="tab" outcome="ok" workspace_id="w9" tab_id="w9:t2"
2026-08-27T13:52:05.221328Z  INFO herdr::logging: tab focused event="tab.focus" subsystem="tab" outcome="ok" workspace_id="w9" tab_id="w9:t2"
2026-08-27T13:52:10.223066Z  INFO herdr::logging: session saved event="persist.save" subsystem="persist" outcome="ok" path=/home/mbv/.config/herdr/session.json workspaces=3
2026-08-27T13:52:18.111182Z  INFO herdr::logging: tab focused event="tab.focus" subsystem="tab" outcome="ok" workspace_id="w9" tab_id="w9:t2"
2026-08-27T13:52:18.683343Z  INFO herdr::logging: tab focused event="tab.focus" subsystem="tab" outcome="ok" workspace_id="w9" tab_id="w9:t2"
2026-08-27T13:52:19.601199Z  INFO herdr::logging: tab focused event="tab.focus" subsystem="tab" outcome="ok" workspace_id="w9" tab_id="w9:t2"
2026-08-27T13:52:24.602793Z  INFO herdr::logging: session saved event="persist.save" subsystem="persist" outcome="ok" path=/home/mbv/.config/herdr/session.json workspaces=3
2026-08-27T13:52:54.501008Z  INFO herdr::logging: tab focused event="tab.focus" subsystem="tab" outcome="ok" workspace_id="w9" tab_id="w9:t2"
2026-08-27T13:52:59.503378Z  INFO herdr::logging: session saved event="persist.save" subsystem="persist" outcome="ok" path=/home/mbv/.config/herdr/session.json workspaces=3
2026-08-27T13:52:59.690644Z  INFO herdr::logging: tab focused event="tab.focus" subsystem="tab" outcome="ok" workspace_id="w9" tab_id="w9:t2"
2026-08-27T13:53:04.692397Z  INFO herdr::logging: session saved event="persist.save" subsystem="persist" outcome="ok" path=/home/mbv/.config/herdr/session.json workspaces=3
2026-08-27T13:53:35.344416Z  INFO herdr::logging: tab focused event="tab.focus" subsystem="tab" outcome="ok" workspace_id="w9" tab_id="w9:t2"
2026-08-27T13:53:40.346736Z  INFO herdr::logging: session saved event="persist.save" subsystem="persist" outcome="ok" path=/home/mbv/.config/herdr/session.json workspaces=3
2026-08-27T13:53:57.442584Z  INFO herdr::logging: tab focused event="tab.focus" subsystem="tab" outcome="ok" workspace_id="w9" tab_id="w9:t2"
2026-08-27T13:53:58.031995Z  INFO herdr::logging: tab focused event="tab.focus" subsystem="tab" outcome="ok" workspace_id="w9" tab_id="w9:t2"
2026-08-27T13:53:59.949925Z  INFO herdr::logging: tab focused event="tab.focus" subsystem="tab" outcome="ok" workspace_id="w9" tab_id="w9:t2"
2026-08-27T13:54:00.451843Z  INFO herdr::logging: tab focused event="tab.focus" subsystem="tab" outcome="ok" workspace_id="w9" tab_id="w9:t2"
2026-08-27T13:54:05.453951Z  INFO herdr::logging: session saved event="persist.save" subsystem="persist" outcome="ok" path=/home/mbv/.config/herdr/session.json workspaces=3
2026-08-27T13:54:10.159054Z  INFO herdr::logging: checking for updates event="update.check.start" subsystem="update" outcome="started"
2026-08-27T13:54:22.063658Z  INFO herdr::logging: tab focused event="tab.focus" subsystem="tab" outcome="ok" workspace_id="w9" tab_id="w9:t2"
2026-08-27T13:54:27.066086Z  INFO herdr::logging: session saved event="persist.save" subsystem="persist" outcome="ok" path=/home/mbv/.config/herdr/session.json workspaces=3
2026-08-27T13:55:24.513111Z  INFO herdr::logging: tab focused event="tab.focus" subsystem="tab" outcome="ok" workspace_id="w9" tab_id="w9:t2"
2026-08-27T13:55:26.337737Z  INFO herdr::logging: tab focused event="tab.focus" subsystem="tab" outcome="ok" workspace_id="w9" tab_id="w9:t2"
2026-08-27T13:55:26.613969Z  INFO herdr::logging: tab focused event="tab.focus" subsystem="tab" outcome="ok" workspace_id="w9" tab_id="w9:t2"
2026-08-27T13:55:31.618252Z  INFO herdr::logging: session saved event="persist.save" subsystem="persist" outcome="ok" path=/home/mbv/.config/herdr/session.json workspaces=3
2026-08-27T13:55:44.993342Z  INFO herdr::logging: tab focused event="tab.focus" subsystem="tab" outcome="ok" workspace_id="w9" tab_id="w9:t2"
2026-08-27T13:55:49.994585Z  INFO herdr::logging: session saved event="persist.save" subsystem="persist" outcome="ok" path=/home/mbv/.config/herdr/session.json workspaces=3
2026-08-27T13:55:52.958342Z  INFO herdr::app::actions: copied selection to clipboard
2026-08-27T13:55:53.480390Z  INFO herdr::logging: tab focused event="tab.focus" subsystem="tab" outcome="ok" workspace_id="w9" tab_id="w9:t2"
2026-08-27T13:55:58.482387Z  INFO herdr::logging: session saved event="persist.save" subsystem="persist" outcome="ok" path=/home/mbv/.config/herdr/session.json workspaces=3
2026-08-27T14:02:44.326221Z  INFO herdr::logging: tab focused event="tab.focus" subsystem="tab" outcome="ok" workspace_id="w9" tab_id="w9:t2"
2026-08-27T14:02:48.146142Z  INFO herdr::logging: tab focused event="tab.focus" subsystem="tab" outcome="ok" workspace_id="w9" tab_id="w9:t2"
2026-08-27T14:02:48.485088Z  INFO herdr::logging: tab focused event="tab.focus" subsystem="tab" outcome="ok" workspace_id="w9" tab_id="w9:t2"
2026-08-27T14:02:50.091025Z  INFO herdr::logging: tab focused event="tab.focus" subsystem="tab" outcome="ok" workspace_id="w9" tab_id="w9:t2"
2026-08-27T14:02:55.092545Z  INFO herdr::logging: session saved event="persist.save" subsystem="persist" outcome="ok" path=/home/mbv/.config/herdr/session.json workspaces=3
2026-08-27T14:03:00.624474Z  INFO herdr::logging: tab focused event="tab.focus" subsystem="tab" outcome="ok" workspace_id="w9" tab_id="w9:t2"
2026-08-27T14:03:01.015974Z  INFO herdr::logging: tab focused event="tab.focus" subsystem="tab" outcome="ok" workspace_id="w9" tab_id="w9:t2"
2026-08-27T14:03:02.382828Z  INFO herdr::logging: tab focused event="tab.focus" subsystem="tab" outcome="ok" workspace_id="w9" tab_id="w9:t2"
2026-08-27T14:03:02.778953Z  INFO herdr::logging: tab focused event="tab.focus" subsystem="tab" outcome="ok" workspace_id="w9" tab_id="w9:t2"
2026-08-27T14:03:04.442519Z  INFO herdr::logging: pane child exited event="pane.exit" subsystem="pane" outcome="completed" pane_id=26 status="ExitStatus { code: 0, signal: None }"
2026-08-27T14:03:04.442604Z  INFO herdr::pane: pane session terminated pane=26 pid=281601 signal=Hangup
2026-08-27T14:03:04.874815Z  INFO herdr::logging: tab focused event="tab.focus" subsystem="tab" outcome="ok" workspace_id="w9" tab_id="w9:t2"
2026-08-27T14:03:09.876041Z  INFO herdr::logging: session saved event="persist.save" subsystem="persist" outcome="ok" path=/home/mbv/.config/herdr/session.json workspaces=3
2026-08-27T14:03:23.489814Z  INFO herdr::logging: tab focused event="tab.focus" subsystem="tab" outcome="ok" workspace_id="w9" tab_id="w9:t2"
2026-08-27T14:03:28.491937Z  INFO herdr::logging: session saved event="persist.save" subsystem="persist" outcome="ok" path=/home/mbv/.config/herdr/session.json workspaces=3
2026-08-27T14:03:48.370290Z  INFO herdr::logging: tab focused event="tab.focus" subsystem="tab" outcome="ok" workspace_id="w9" tab_id="w9:t2"
2026-08-27T14:03:51.073812Z  INFO herdr::logging: tab focused event="tab.focus" subsystem="tab" outcome="ok" workspace_id="w9" tab_id="w9:t2"
2026-08-27T14:03:51.981684Z  INFO herdr::app::actions: copied selection to clipboard
2026-08-27T14:03:54.317631Z  INFO herdr::app::actions: copied selection to clipboard
2026-08-27T14:03:54.632087Z  INFO herdr::logging: tab focused event="tab.focus" subsystem="tab" outcome="ok" workspace_id="w9" tab_id="w9:t2"
2026-08-27T14:03:59.633892Z  INFO herdr::logging: session saved event="persist.save" subsystem="persist" outcome="ok" path=/home/mbv/.config/herdr/session.json workspaces=3
2026-08-27T14:05:20.170068Z  INFO herdr::logging: tab focused event="tab.focus" subsystem="tab" outcome="ok" workspace_id="w9" tab_id="w9:t2"
2026-08-27T14:05:25.171687Z  INFO herdr::logging: session saved event="persist.save" subsystem="persist" outcome="ok" path=/home/mbv/.config/herdr/session.json workspaces=3
2026-08-27T14:05:31.063624Z  INFO herdr::logging: tab focused event="tab.focus" subsystem="tab" outcome="ok" workspace_id="w9" tab_id="w9:t2"
2026-08-27T14:05:33.919613Z  INFO herdr::app::actions: copied selection to clipboard
2026-08-27T14:05:34.433422Z  INFO herdr::logging: tab focused event="tab.focus" subsystem="tab" outcome="ok" workspace_id="w9" tab_id="w9:t2"
2026-08-27T14:05:39.435459Z  INFO herdr::logging: session saved event="persist.save" subsystem="persist" outcome="ok" path=/home/mbv/.config/herdr/session.json workspaces=3
2026-08-27T14:06:17.356452Z  INFO herdr::logging: tab focused event="tab.focus" subsystem="tab" outcome="ok" workspace_id="w9" tab_id="w9:t2"
2026-08-27T14:06:22.358443Z  INFO herdr::logging: session saved event="persist.save" subsystem="persist" outcome="ok" path=/home/mbv/.config/herdr/session.json workspaces=3
2026-08-27T14:06:28.040285Z  INFO herdr::logging: tab focused event="tab.focus" subsystem="tab" outcome="ok" workspace_id="w9" tab_id="w9:t2"
2026-08-27T14:06:33.042351Z  INFO herdr::logging: session saved event="persist.save" subsystem="persist" outcome="ok" path=/home/mbv/.config/herdr/session.json workspaces=3
2026-08-27T14:06:34.107992Z  INFO herdr::logging: tab focused event="tab.focus" subsystem="tab" outcome="ok" workspace_id="w9" tab_id="w9:t2"
2026-08-27T14:06:34.620149Z  INFO herdr::logging: tab focused event="tab.focus" subsystem="tab" outcome="ok" workspace_id="w9" tab_id="w9:t2"
2026-08-27T14:06:39.622201Z  INFO herdr::logging: session saved event="persist.save" subsystem="persist" outcome="ok" path=/home/mbv/.config/herdr/session.json workspaces=3
2026-08-27T14:06:42.222204Z  INFO herdr::app::actions: copied selection to clipboard
2026-08-27T14:06:42.348072Z  INFO herdr::logging: tab focused event="tab.focus" subsystem="tab" outcome="ok" workspace_id="w9" tab_id="w9:t2"
2026-08-27T14:06:42.839632Z  INFO herdr::app::actions: copied selection to clipboard
2026-08-27T14:06:43.260040Z  INFO herdr::logging: tab focused event="tab.focus" subsystem="tab" outcome="ok" workspace_id="w9" tab_id="w9:t2"
2026-08-27T14:06:44.706017Z  INFO herdr::app::actions: copied selection to clipboard
2026-08-27T14:06:45.028204Z  INFO herdr::logging: tab focused event="tab.focus" subsystem="tab" outcome="ok" workspace_id="w9" tab_id="w9:t2"
2026-08-27T14:06:50.029393Z  INFO herdr::logging: session saved event="persist.save" subsystem="persist" outcome="ok" path=/home/mbv/.config/herdr/session.json workspaces=3
2026-08-27T14:06:53.945607Z  INFO herdr::logging: tab focused event="tab.focus" subsystem="tab" outcome="ok" workspace_id="w9" tab_id="w9:t2"
2026-08-27T14:06:58.946129Z  INFO herdr::logging: session saved event="persist.save" subsystem="persist" outcome="ok" path=/home/mbv/.config/herdr/session.json workspaces=3
2026-08-27T14:08:36.089621Z  INFO herdr::logging: tab focused event="tab.focus" subsystem="tab" outcome="ok" workspace_id="w9" tab_id="w9:t2"
2026-08-27T14:08:36.233652Z  INFO herdr::logging: tab focused event="tab.focus" subsystem="tab" outcome="ok" workspace_id="w9" tab_id="w9:t2"
2026-08-27T14:08:41.236069Z  INFO herdr::logging: session saved event="persist.save" subsystem="persist" outcome="ok" path=/home/mbv/.config/herdr/session.json workspaces=3
2026-08-27T14:08:53.252477Z  INFO herdr::logging: tab focused event="tab.focus" subsystem="tab" outcome="ok" workspace_id="w9" tab_id="w9:t2"
2026-08-27T14:08:53.530270Z  INFO herdr::logging: tab focused event="tab.focus" subsystem="tab" outcome="ok" workspace_id="w9" tab_id="w9:t2"
2026-08-27T14:08:58.531653Z  INFO herdr::logging: session saved event="persist.save" subsystem="persist" outcome="ok" path=/home/mbv/.config/herdr/session.json workspaces=3
2026-08-27T14:09:11.293161Z  INFO herdr::logging: tab focused event="tab.focus" subsystem="tab" outcome="ok" workspace_id="w9" tab_id="w9:t2"
2026-08-27T14:09:11.899158Z  INFO herdr::logging: tab focused event="tab.focus" subsystem="tab" outcome="ok" workspace_id="w9" tab_id="w9:t2"
2026-08-27T14:09:13.352277Z  INFO herdr::logging: tab focused event="tab.focus" subsystem="tab" outcome="ok" workspace_id="w9" tab_id="w9:t2"
2026-08-27T14:09:13.582097Z  INFO herdr::logging: tab focused event="tab.focus" subsystem="tab" outcome="ok" workspace_id="w9" tab_id="w9:t2"
2026-08-27T14:09:15.023115Z  INFO herdr::logging: tab focused event="tab.focus" subsystem="tab" outcome="ok" workspace_id="w9" tab_id="w9:t2"
2026-08-27T14:09:20.025242Z  INFO herdr::logging: session saved event="persist.save" subsystem="persist" outcome="ok" path=/home/mbv/.config/herdr/session.json workspaces=3
2026-08-27T14:09:27.004068Z  INFO herdr::logging: tab focused event="tab.focus" subsystem="tab" outcome="ok" workspace_id="w9" tab_id="w9:t2"
2026-08-27T14:09:32.006373Z  INFO herdr::logging: session saved event="persist.save" subsystem="persist" outcome="ok" path=/home/mbv/.config/herdr/session.json workspaces=3
2026-08-27T14:11:19.053491Z  INFO herdr::logging: tab focused event="tab.focus" subsystem="tab" outcome="ok" workspace_id="w9" tab_id="w9:t2"
2026-08-27T14:11:19.707401Z  INFO herdr::logging: tab focused event="tab.focus" subsystem="tab" outcome="ok" workspace_id="w9" tab_id="w9:t2"
2026-08-27T14:11:24.709265Z  INFO herdr::logging: session saved event="persist.save" subsystem="persist" outcome="ok" path=/home/mbv/.config/herdr/session.json workspaces=3
2026-08-27T14:11:50.483014Z  INFO herdr::logging: tab focused event="tab.focus" subsystem="tab" outcome="ok" workspace_id="w9" tab_id="w9:t2"
2026-08-27T14:11:51.229230Z  INFO herdr::app::actions: copied selection to clipboard
2026-08-27T14:11:51.889147Z  INFO herdr::logging: tab focused event="tab.focus" subsystem="tab" outcome="ok" workspace_id="w9" tab_id="w9:t2"
2026-08-27T14:11:56.890734Z  INFO herdr::logging: session saved event="persist.save" subsystem="persist" outcome="ok" path=/home/mbv/.config/herdr/session.json workspaces=3
2026-08-27T14:14:46.697376Z  INFO herdr::logging: tab focused event="tab.focus" subsystem="tab" outcome="ok" workspace_id="w9" tab_id="w9:t2"
2026-08-27T14:14:49.676770Z  INFO herdr::logging: tab focused event="tab.focus" subsystem="tab" outcome="ok" workspace_id="w9" tab_id="w9:t2"
2026-08-27T14:14:54.678548Z  INFO herdr::logging: session saved event="persist.save" subsystem="persist" outcome="ok" path=/home/mbv/.config/herdr/session.json workspaces=3
2026-08-27T14:15:01.284528Z  INFO herdr::logging: tab focused event="tab.focus" subsystem="tab" outcome="ok" workspace_id="w9" tab_id="w9:t2"
2026-08-27T14:15:03.184635Z  INFO herdr::app::actions: copied selection to clipboard
2026-08-27T14:15:03.600504Z  INFO herdr::logging: tab focused event="tab.focus" subsystem="tab" outcome="ok" workspace_id="w9" tab_id="w9:t2"
2026-08-27T14:15:08.602230Z  INFO herdr::logging: session saved event="persist.save" subsystem="persist" outcome="ok" path=/home/mbv/.config/herdr/session.json workspaces=3
2026-08-27T14:15:10.664275Z  INFO herdr::app::actions: copied selection to clipboard
2026-08-27T14:17:31.210026Z  INFO herdr::logging: tab focused event="tab.focus" subsystem="tab" outcome="ok" workspace_id="w9" tab_id="w9:t2"
2026-08-27T14:17:36.211847Z  INFO herdr::logging: session saved event="persist.save" subsystem="persist" outcome="ok" path=/home/mbv/.config/herdr/session.json workspaces=3
2026-08-27T14:21:49.543305Z  INFO herdr::app::actions: copied selection to clipboard
2026-08-27T14:24:10.160184Z  INFO herdr::logging: checking for updates event="update.check.start" subsystem="update" outcome="started"
2026-08-27T14:27:53.999166Z  INFO herdr::logging: tab focused event="tab.focus" subsystem="tab" outcome="ok" workspace_id="w9" tab_id="w9:t2"
2026-08-27T14:27:59.001374Z  INFO herdr::logging: session saved event="persist.save" subsystem="persist" outcome="ok" path=/home/mbv/.config/herdr/session.json workspaces=3
2026-08-27T14:28:06.575662Z  INFO herdr::logging: tab focused event="tab.focus" subsystem="tab" outcome="ok" workspace_id="w9" tab_id="w9:t2"
2026-08-27T14:28:07.126645Z  INFO herdr::logging: tab focused event="tab.focus" subsystem="tab" outcome="ok" workspace_id="w9" tab_id="w9:t2"
2026-08-27T14:28:07.722623Z  INFO herdr::logging: tab focused event="tab.focus" subsystem="tab" outcome="ok" workspace_id="w9" tab_id="w9:t2"
2026-08-27T14:28:12.725292Z  INFO herdr::logging: session saved event="persist.save" subsystem="persist" outcome="ok" path=/home/mbv/.config/herdr/session.json workspaces=3
2026-08-27T14:29:24.765376Z  INFO herdr::logging: tab focused event="tab.focus" subsystem="tab" outcome="ok" workspace_id="w9" tab_id="w9:t2"
2026-08-27T14:29:29.766874Z  INFO herdr::logging: session saved event="persist.save" subsystem="persist" outcome="ok" path=/home/mbv/.config/herdr/session.json workspaces=3
2026-08-27T14:30:31.869644Z  INFO herdr::logging: tab focused event="tab.focus" subsystem="tab" outcome="ok" workspace_id="w9" tab_id="w9:t2"
2026-08-27T14:30:36.873060Z  INFO herdr::logging: session saved event="persist.save" subsystem="persist" outcome="ok" path=/home/mbv/.config/herdr/session.json workspaces=3
2026-08-27T14:44:13.527954Z  INFO herdr::logging: tab focused event="tab.focus" subsystem="tab" outcome="ok" workspace_id="w9" tab_id="w9:t2"
2026-08-27T14:44:13.802862Z  INFO herdr::logging: tab focused event="tab.focus" subsystem="tab" outcome="ok" workspace_id="w9" tab_id="w9:t2"
2026-08-27T14:44:18.113782Z  INFO herdr::logging: tab focused event="tab.focus" subsystem="tab" outcome="ok" workspace_id="w9" tab_id="w9:t2"
2026-08-27T14:44:23.115898Z  INFO herdr::logging: session saved event="persist.save" subsystem="persist" outcome="ok" path=/home/mbv/.config/herdr/session.json workspaces=3
2026-08-27T14:44:34.498518Z  INFO herdr::logging: tab focused event="tab.focus" subsystem="tab" outcome="ok" workspace_id="w9" tab_id="w9:t2"
2026-08-27T14:44:39.500483Z  INFO herdr::logging: session saved event="persist.save" subsystem="persist" outcome="ok" path=/home/mbv/.config/herdr/session.json workspaces=3
2026-08-27T14:51:49.188314Z  INFO herdr::logging: tab focused event="tab.focus" subsystem="tab" outcome="ok" workspace_id="w9" tab_id="w9:t2"
2026-08-27T14:51:50.647255Z  INFO herdr::logging: tab focused event="tab.focus" subsystem="tab" outcome="ok" workspace_id="w9" tab_id="w9:t2"
2026-08-27T14:51:55.648752Z  INFO herdr::logging: session saved event="persist.save" subsystem="persist" outcome="ok" path=/home/mbv/.config/herdr/session.json workspaces=3
2026-08-27T14:51:59.421174Z  INFO herdr::logging: tab focused event="tab.focus" subsystem="tab" outcome="ok" workspace_id="w9" tab_id="w9:t2"
2026-08-27T14:51:59.573000Z  INFO herdr::logging: tab focused event="tab.focus" subsystem="tab" outcome="ok" workspace_id="w9" tab_id="w9:t2"
2026-08-27T14:52:04.574603Z  INFO herdr::logging: session saved event="persist.save" subsystem="persist" outcome="ok" path=/home/mbv/.config/herdr/session.json workspaces=3
2026-08-27T14:52:57.624278Z  INFO herdr::logging: tab focused event="tab.focus" subsystem="tab" outcome="ok" workspace_id="w9" tab_id="w9:t2"
2026-08-27T14:53:02.625705Z  INFO herdr::logging: session saved event="persist.save" subsystem="persist" outcome="ok" path=/home/mbv/.config/herdr/session.json workspaces=3
2026-08-27T14:53:48.511654Z  INFO herdr::logging: tab focused event="tab.focus" subsystem="tab" outcome="ok" workspace_id="w9" tab_id="w9:t2"
2026-08-27T14:53:53.513678Z  INFO herdr::logging: session saved event="persist.save" subsystem="persist" outcome="ok" path=/home/mbv/.config/herdr/session.json workspaces=3
2026-08-27T14:54:10.161262Z  INFO herdr::logging: checking for updates event="update.check.start" subsystem="update" outcome="started"
2026-08-27T14:58:14.945081Z  INFO herdr::logging: tab focused event="tab.focus" subsystem="tab" outcome="ok" workspace_id="w9" tab_id="w9:t2"
2026-08-27T14:58:15.348720Z  INFO herdr::logging: tab focused event="tab.focus" subsystem="tab" outcome="ok" workspace_id="w9" tab_id="w9:t2"
2026-08-27T14:58:18.792675Z  INFO herdr::logging: tab focused event="tab.focus" subsystem="tab" outcome="ok" workspace_id="w9" tab_id="w9:t2"
2026-08-27T14:58:19.102839Z  INFO herdr::logging: tab focused event="tab.focus" subsystem="tab" outcome="ok" workspace_id="w9" tab_id="w9:t2"
2026-08-27T14:58:24.104890Z  INFO herdr::logging: session saved event="persist.save" subsystem="persist" outcome="ok" path=/home/mbv/.config/herdr/session.json workspaces=3
2026-08-27T14:58:30.252639Z  INFO herdr::logging: tab focused event="tab.focus" subsystem="tab" outcome="ok" workspace_id="w9" tab_id="w9:t2"
2026-08-27T14:58:35.254009Z  INFO herdr::logging: session saved event="persist.save" subsystem="persist" outcome="ok" path=/home/mbv/.config/herdr/session.json workspaces=3
2026-08-27T14:58:40.738566Z  INFO herdr::logging: spawning pane terminal event="pane.spawn.start" subsystem="pane" outcome="started" pane_id=27 rows=74 cols=108 scrollback_limit_bytes=10000000
2026-08-27T14:58:40.741037Z  INFO herdr::logging: pane child spawned event="pane.spawned" subsystem="pane" outcome="ok" pane_id=27 pid=322056
2026-08-27T14:58:40.741222Z  INFO herdr::logging: tab focused event="tab.focus" subsystem="tab" outcome="ok" workspace_id="w9" tab_id="w9:t2"
2026-08-27T14:58:45.744024Z  INFO herdr::logging: session saved event="persist.save" subsystem="persist" outcome="ok" path=/home/mbv/.config/herdr/session.json workspaces=3
2026-08-27T15:00:47.767033Z  INFO herdr::logging: tab focused event="tab.focus" subsystem="tab" outcome="ok" workspace_id="w9" tab_id="w9:t2"
2026-08-27T15:00:48.400892Z  INFO herdr::app::actions: copied selection to clipboard
2026-08-27T15:00:48.858770Z  INFO herdr::logging: tab focused event="tab.focus" subsystem="tab" outcome="ok" workspace_id="w9" tab_id="w9:t2"
2026-08-27T15:00:53.860820Z  INFO herdr::logging: session saved event="persist.save" subsystem="persist" outcome="ok" path=/home/mbv/.config/herdr/session.json workspaces=3
2026-08-27T15:02:17.749518Z  INFO herdr::logging: tab focused event="tab.focus" subsystem="tab" outcome="ok" workspace_id="w9" tab_id="w9:t2"
2026-08-27T15:02:18.595392Z  INFO herdr::logging: tab focused event="tab.focus" subsystem="tab" outcome="ok" workspace_id="w9" tab_id="w9:t2"
2026-08-27T15:02:18.953523Z  INFO herdr::logging: tab focused event="tab.focus" subsystem="tab" outcome="ok" workspace_id="w9" tab_id="w9:t2"
2026-08-27T15:02:20.974611Z  INFO herdr::logging: tab focused event="tab.focus" subsystem="tab" outcome="ok" workspace_id="w9" tab_id="w9:t2"
2026-08-27T15:02:25.975772Z  INFO herdr::logging: session saved event="persist.save" subsystem="persist" outcome="ok" path=/home/mbv/.config/herdr/session.json workspaces=3
2026-08-27T15:10:30.071371Z  INFO herdr::logging: tab focused event="tab.focus" subsystem="tab" outcome="ok" workspace_id="w9" tab_id="w9:t2"
2026-08-27T15:10:35.073322Z  INFO herdr::logging: session saved event="persist.save" subsystem="persist" outcome="ok" path=/home/mbv/.config/herdr/session.json workspaces=3
2026-08-27T15:10:48.911922Z  INFO herdr::logging: tab focused event="tab.focus" subsystem="tab" outcome="ok" workspace_id="w9" tab_id="w9:t2"
2026-08-27T15:10:49.489463Z  INFO herdr::app::actions: copied selection to clipboard
2026-08-27T15:10:49.941593Z  INFO herdr::logging: tab focused event="tab.focus" subsystem="tab" outcome="ok" workspace_id="w9" tab_id="w9:t2"
2026-08-27T15:10:54.944445Z  INFO herdr::logging: session saved event="persist.save" subsystem="persist" outcome="ok" path=/home/mbv/.config/herdr/session.json workspaces=3
2026-08-27T15:17:09.603678Z  INFO herdr::logging: tab focused event="tab.focus" subsystem="tab" outcome="ok" workspace_id="w9" tab_id="w9:t2"
2026-08-27T15:17:10.230559Z  INFO herdr::logging: tab focused event="tab.focus" subsystem="tab" outcome="ok" workspace_id="w9" tab_id="w9:t2"
2026-08-27T15:17:13.564593Z  INFO herdr::logging: tab focused event="tab.focus" subsystem="tab" outcome="ok" workspace_id="w9" tab_id="w9:t2"
2026-08-27T15:17:18.565994Z  INFO herdr::logging: session saved event="persist.save" subsystem="persist" outcome="ok" path=/home/mbv/.config/herdr/session.json workspaces=3
2026-08-27T15:17:19.108483Z  INFO herdr::logging: tab focused event="tab.focus" subsystem="tab" outcome="ok" workspace_id="w9" tab_id="w9:t2"
2026-08-27T15:17:21.087970Z  INFO herdr::pane: agent changed pane=20 previous_agent=Some(Codex) agent=None pgid=Some(185574)
2026-08-27T15:17:24.111127Z  INFO herdr::logging: session saved event="persist.save" subsystem="persist" outcome="ok" path=/home/mbv/.config/herdr/session.json workspaces=3
2026-08-27T15:17:25.603716Z  INFO herdr::pane: agent changed pane=20 previous_agent=None agent=Some(OpenCode) process=opencode pgid=Some(329463)
2026-08-27T15:20:18.958628Z  INFO herdr::logging: tab focused event="tab.focus" subsystem="tab" outcome="ok" workspace_id="w9" tab_id="w9:t2"
2026-08-27T15:20:20.996588Z  INFO herdr::app::actions: copied selection to clipboard
2026-08-27T15:20:22.608452Z  INFO herdr::logging: tab focused event="tab.focus" subsystem="tab" outcome="ok" workspace_id="w9" tab_id="w9:t2"
2026-08-27T15:20:23.386372Z  INFO herdr::logging: pane child exited event="pane.exit" subsystem="pane" outcome="completed" pane_id=27 status="ExitStatus { code: 0, signal: None }"
2026-08-27T15:20:23.389495Z  INFO herdr::pane: pane session terminated pane=27 pid=322056 signal=Hangup
2026-08-27T15:20:28.391162Z  INFO herdr::logging: session saved event="persist.save" subsystem="persist" outcome="ok" path=/home/mbv/.config/herdr/session.json workspaces=3
2026-08-27T15:20:32.946273Z  INFO herdr::app::actions: copied selection to clipboard
2026-08-27T15:20:38.590142Z  INFO herdr::app::actions: copied selection to clipboard
2026-08-27T15:20:39.195958Z  INFO herdr::logging: tab focused event="tab.focus" subsystem="tab" outcome="ok" workspace_id="w9" tab_id="w9:t2"
2026-08-27T15:20:44.198444Z  INFO herdr::logging: session saved event="persist.save" subsystem="persist" outcome="ok" path=/home/mbv/.config/herdr/session.json workspaces=3
2026-08-27T15:24:10.163153Z  INFO herdr::logging: checking for updates event="update.check.start" subsystem="update" outcome="started"
2026-08-27T15:26:04.942513Z  INFO herdr::logging: tab focused event="tab.focus" subsystem="tab" outcome="ok" workspace_id="w9" tab_id="w9:t2"
2026-08-27T15:26:09.944585Z  INFO herdr::logging: session saved event="persist.save" subsystem="persist" outcome="ok" path=/home/mbv/.config/herdr/session.json workspaces=3
2026-08-27T15:31:43.398141Z  INFO herdr::logging: tab focused event="tab.focus" subsystem="tab" outcome="ok" workspace_id="w9" tab_id="w9:t2"
2026-08-27T15:31:48.399714Z  INFO herdr::logging: session saved event="persist.save" subsystem="persist" outcome="ok" path=/home/mbv/.config/herdr/session.json workspaces=3
2026-08-27T15:34:41.585953Z  INFO herdr::logging: tab focused event="tab.focus" subsystem="tab" outcome="ok" workspace_id="w9" tab_id="w9:t2"
2026-08-27T15:34:46.587832Z  INFO herdr::logging: session saved event="persist.save" subsystem="persist" outcome="ok" path=/home/mbv/.config/herdr/session.json workspaces=3
2026-08-27T15:34:55.359918Z  INFO herdr::logging: tab focused event="tab.focus" subsystem="tab" outcome="ok" workspace_id="w9" tab_id="w9:t2"
2026-08-27T15:34:57.451893Z  INFO herdr::app::actions: copied selection to clipboard
2026-08-27T15:34:58.069896Z  INFO herdr::logging: tab focused event="tab.focus" subsystem="tab" outcome="ok" workspace_id="w9" tab_id="w9:t2"
2026-08-27T15:35:03.071828Z  INFO herdr::logging: session saved event="persist.save" subsystem="persist" outcome="ok" path=/home/mbv/.config/herdr/session.json workspaces=3
2026-08-27T15:37:35.652619Z  INFO herdr::logging: tab focused event="tab.focus" subsystem="tab" outcome="ok" workspace_id="w9" tab_id="w9:t2"
2026-08-27T15:37:40.653713Z  INFO herdr::logging: session saved event="persist.save" subsystem="persist" outcome="ok" path=/home/mbv/.config/herdr/session.json workspaces=3
2026-08-27T15:37:42.550258Z  INFO herdr::logging: tab focused event="tab.focus" subsystem="tab" outcome="ok" workspace_id="w9" tab_id="w9:t2"
2026-08-27T15:37:47.551861Z  INFO herdr::logging: session saved event="persist.save" subsystem="persist" outcome="ok" path=/home/mbv/.config/herdr/session.json workspaces=3
2026-08-27T15:53:24.557029Z  INFO herdr::app::actions: copied selection to clipboard
2026-08-27T15:53:24.903004Z  INFO herdr::logging: tab focused event="tab.focus" subsystem="tab" outcome="ok" workspace_id="w9" tab_id="w9:t2"
2026-08-27T15:53:29.904773Z  INFO herdr::logging: session saved event="persist.save" subsystem="persist" outcome="ok" path=/home/mbv/.config/herdr/session.json workspaces=3
2026-08-27T15:54:10.163405Z  INFO herdr::logging: checking for updates event="update.check.start" subsystem="update" outcome="started"
2026-08-27T16:14:10.346520Z  INFO herdr::logging: tab focused event="tab.focus" subsystem="tab" outcome="ok" workspace_id="w9" tab_id="w9:t2"
2026-08-27T16:14:11.506412Z  INFO herdr::logging: tab focused event="tab.focus" subsystem="tab" outcome="ok" workspace_id="w9" tab_id="w9:t2"
2026-08-27T16:14:13.361882Z  INFO herdr::logging: tab focused event="tab.focus" subsystem="tab" outcome="ok" workspace_id="w9" tab_id="w9:t2"
2026-08-27T16:14:18.363837Z  INFO herdr::logging: session saved event="persist.save" subsystem="persist" outcome="ok" path=/home/mbv/.config/herdr/session.json workspaces=3
2026-08-27T16:24:10.164357Z  INFO herdr::logging: checking for updates event="update.check.start" subsystem="update" outcome="started"
2026-08-27T16:54:10.165781Z  INFO herdr::logging: checking for updates event="update.check.start" subsystem="update" outcome="started"
2026-08-27T17:24:10.166852Z  INFO herdr::logging: checking for updates event="update.check.start" subsystem="update" outcome="started"
2026-08-27T17:25:15.139514Z  INFO herdr::logging: tab focused event="tab.focus" subsystem="tab" outcome="ok" workspace_id="w9" tab_id="w9:t2"
2026-08-27T17:25:17.168401Z  INFO herdr::pane: agent changed pane=18 previous_agent=None agent=Some(Codex) process=codex pgid=Some(401293)
2026-08-27T17:25:20.141230Z  INFO herdr::logging: session saved event="persist.save" subsystem="persist" outcome="ok" path=/home/mbv/.config/herdr/session.json workspaces=3
2026-08-27T17:25:20.507583Z  INFO herdr::logging: tab focused event="tab.focus" subsystem="tab" outcome="ok" workspace_id="w9" tab_id="w9:t2"
2026-08-27T17:25:25.508939Z  INFO herdr::logging: session saved event="persist.save" subsystem="persist" outcome="ok" path=/home/mbv/.config/herdr/session.json workspaces=3
2026-08-27T17:25:50.241357Z  INFO herdr::logging: tab focused event="tab.focus" subsystem="tab" outcome="ok" workspace_id="w9" tab_id="w9:t2"
2026-08-27T17:25:54.750295Z  INFO herdr::logging: tab focused event="tab.focus" subsystem="tab" outcome="ok" workspace_id="w9" tab_id="w9:t2"
2026-08-27T17:25:59.752043Z  INFO herdr::logging: session saved event="persist.save" subsystem="persist" outcome="ok" path=/home/mbv/.config/herdr/session.json workspaces=3
2026-08-27T17:27:41.690282Z  INFO herdr::app::actions: copied selection to clipboard
2026-08-27T17:33:02.754213Z  INFO herdr::logging: tab focused event="tab.focus" subsystem="tab" outcome="ok" workspace_id="w9" tab_id="w9:t2"
2026-08-27T17:33:04.095876Z  INFO herdr::pane: agent changed pane=20 previous_agent=Some(OpenCode) agent=None pgid=Some(185574)
2026-08-27T17:33:05.099194Z  INFO herdr::pane: agent changed pane=20 previous_agent=None agent=Some(Codex) process=codex pgid=Some(404386)
2026-08-27T17:33:07.755985Z  INFO herdr::logging: session saved event="persist.save" subsystem="persist" outcome="ok" path=/home/mbv/.config/herdr/session.json workspaces=3
2026-08-27T17:36:41.184228Z  INFO herdr::logging: tab focused event="tab.focus" subsystem="tab" outcome="ok" workspace_id="w9" tab_id="w9:t2"
2026-08-27T17:36:41.727095Z  INFO herdr::logging: tab focused event="tab.focus" subsystem="tab" outcome="ok" workspace_id="w9" tab_id="w9:t2"
2026-08-27T17:36:42.790187Z  INFO herdr::pane: agent changed pane=18 previous_agent=Some(Codex) agent=None pgid=Some(178691)
2026-08-27T17:36:46.586913Z  INFO herdr::logging: tab focused event="tab.focus" subsystem="tab" outcome="ok" workspace_id="w9" tab_id="w9:t2"
2026-08-27T17:36:51.589356Z  INFO herdr::logging: session saved event="persist.save" subsystem="persist" outcome="ok" path=/home/mbv/.config/herdr/session.json workspaces=3
2026-08-27T17:38:57.757790Z  INFO herdr::logging: tab focused event="tab.focus" subsystem="tab" outcome="ok" workspace_id="w9" tab_id="w9:t2"
2026-08-27T17:39:02.759699Z  INFO herdr::logging: session saved event="persist.save" subsystem="persist" outcome="ok" path=/home/mbv/.config/herdr/session.json workspaces=3
2026-08-27T17:40:19.493094Z  INFO herdr::logging: tab focused event="tab.focus" subsystem="tab" outcome="ok" workspace_id="w9" tab_id="w9:t2"
2026-08-27T17:40:24.494911Z  INFO herdr::logging: session saved event="persist.save" subsystem="persist" outcome="ok" path=/home/mbv/.config/herdr/session.json workspaces=3
2026-08-27T17:40:56.198222Z  INFO herdr::logging: tab focused event="tab.focus" subsystem="tab" outcome="ok" workspace_id="w9" tab_id="w9:t2"
2026-08-27T17:41:01.215410Z  INFO herdr::logging: session saved event="persist.save" subsystem="persist" outcome="ok" path=/home/mbv/.config/herdr/session.json workspaces=3
2026-08-27T17:52:06.634664Z  INFO herdr::logging: tab focused event="tab.focus" subsystem="tab" outcome="ok" workspace_id="w9" tab_id="w9:t2"
2026-08-27T17:52:07.010671Z  INFO herdr::logging: tab focused event="tab.focus" subsystem="tab" outcome="ok" workspace_id="w9" tab_id="w9:t2"
2026-08-27T17:52:08.097640Z  INFO herdr::logging: tab focused event="tab.focus" subsystem="tab" outcome="ok" workspace_id="w9" tab_id="w9:t2"
2026-08-27T17:52:13.098661Z  INFO herdr::logging: session saved event="persist.save" subsystem="persist" outcome="ok" path=/home/mbv/.config/herdr/session.json workspaces=3
2026-08-27T17:53:11.002394Z  INFO herdr::logging: tab focused event="tab.focus" subsystem="tab" outcome="ok" workspace_id="w9" tab_id="w9:t2"
2026-08-27T17:53:16.003580Z  INFO herdr::logging: session saved event="persist.save" subsystem="persist" outcome="ok" path=/home/mbv/.config/herdr/session.json workspaces=3
2026-08-27T17:54:10.167706Z  INFO herdr::logging: checking for updates event="update.check.start" subsystem="update" outcome="started"
2026-08-27T17:56:24.037364Z  INFO herdr::logging: tab focused event="tab.focus" subsystem="tab" outcome="ok" workspace_id="w9" tab_id="w9:t2"
2026-08-27T17:56:26.476910Z  INFO herdr::logging: tab focused event="tab.focus" subsystem="tab" outcome="ok" workspace_id="w9" tab_id="w9:t2"
2026-08-27T17:56:27.861104Z  INFO herdr::logging: tab focused event="tab.focus" subsystem="tab" outcome="ok" workspace_id="w9" tab_id="w9:t2"
2026-08-27T17:56:32.862737Z  INFO herdr::logging: session saved event="persist.save" subsystem="persist" outcome="ok" path=/home/mbv/.config/herdr/session.json workspaces=3
2026-08-27T17:59:23.226114Z  INFO herdr::logging: tab focused event="tab.focus" subsystem="tab" outcome="ok" workspace_id="w9" tab_id="w9:t2"
2026-08-27T17:59:28.228507Z  INFO herdr::logging: session saved event="persist.save" subsystem="persist" outcome="ok" path=/home/mbv/.config/herdr/session.json workspaces=3
2026-08-27T18:04:26.245998Z  INFO herdr::logging: tab focused event="tab.focus" subsystem="tab" outcome="ok" workspace_id="w9" tab_id="w9:t2"
2026-08-27T18:04:28.029276Z  INFO herdr::logging: tab focused event="tab.focus" subsystem="tab" outcome="ok" workspace_id="w9" tab_id="w9:t2"
2026-08-27T18:04:29.527983Z  INFO herdr::logging: tab focused event="tab.focus" subsystem="tab" outcome="ok" workspace_id="w9" tab_id="w9:t2"
2026-08-27T18:04:34.529932Z  INFO herdr::logging: session saved event="persist.save" subsystem="persist" outcome="ok" path=/home/mbv/.config/herdr/session.json workspaces=3
2026-08-27T18:07:10.550874Z  INFO herdr::logging: tab focused event="tab.focus" subsystem="tab" outcome="ok" workspace_id="w9" tab_id="w9:t2"
2026-08-27T18:07:15.553450Z  INFO herdr::logging: session saved event="persist.save" subsystem="persist" outcome="ok" path=/home/mbv/.config/herdr/session.json workspaces=3
2026-08-27T18:07:19.794366Z  INFO herdr::logging: tab focused event="tab.focus" subsystem="tab" outcome="ok" workspace_id="w9" tab_id="w9:t2"
2026-08-27T18:07:20.992500Z  INFO herdr::app::actions: copied selection to clipboard
2026-08-27T18:07:21.674592Z  INFO herdr::logging: tab focused event="tab.focus" subsystem="tab" outcome="ok" workspace_id="w9" tab_id="w9:t2"
2026-08-27T18:07:26.677442Z  INFO herdr::logging: session saved event="persist.save" subsystem="persist" outcome="ok" path=/home/mbv/.config/herdr/session.json workspaces=3
2026-08-27T18:12:03.328169Z  INFO herdr::logging: tab focused event="tab.focus" subsystem="tab" outcome="ok" workspace_id="w9" tab_id="w9:t2"
2026-08-27T18:12:08.329536Z  INFO herdr::logging: session saved event="persist.save" subsystem="persist" outcome="ok" path=/home/mbv/.config/herdr/session.json workspaces=3
2026-08-27T18:12:38.905318Z  INFO herdr::logging: tab focused event="tab.focus" subsystem="tab" outcome="ok" workspace_id="w9" tab_id="w9:t2"
2026-08-27T18:12:43.907003Z  INFO herdr::logging: session saved event="persist.save" subsystem="persist" outcome="ok" path=/home/mbv/.config/herdr/session.json workspaces=3
2026-08-27T18:13:49.383532Z  INFO herdr::logging: tab focused event="tab.focus" subsystem="tab" outcome="ok" workspace_id="w9" tab_id="w9:t2"
2026-08-27T18:13:50.064362Z  INFO herdr::logging: tab focused event="tab.focus" subsystem="tab" outcome="ok" workspace_id="w9" tab_id="w9:t2"
2026-08-27T18:13:51.179210Z  INFO herdr::logging: tab focused event="tab.focus" subsystem="tab" outcome="ok" workspace_id="w9" tab_id="w9:t2"
2026-08-27T18:13:56.181109Z  INFO herdr::logging: session saved event="persist.save" subsystem="persist" outcome="ok" path=/home/mbv/.config/herdr/session.json workspaces=3
2026-08-27T18:14:05.957524Z  INFO herdr::app::actions: copied selection to clipboard
2026-08-27T18:24:10.168245Z  INFO herdr::logging: checking for updates event="update.check.start" subsystem="update" outcome="started"
2026-08-27T18:54:10.169848Z  INFO herdr::logging: checking for updates event="update.check.start" subsystem="update" outcome="started"
2026-08-27T19:24:10.170533Z  INFO herdr::logging: checking for updates event="update.check.start" subsystem="update" outcome="started"
2026-08-27T19:54:10.172169Z  INFO herdr::logging: checking for updates event="update.check.start" subsystem="update" outcome="started"
2026-08-27T20:24:10.174082Z  INFO herdr::logging: checking for updates event="update.check.start" subsystem="update" outcome="started"
2026-08-27T20:54:10.174351Z  INFO herdr::logging: checking for updates event="update.check.start" subsystem="update" outcome="started"
2026-08-27T21:24:10.176125Z  INFO herdr::logging: checking for updates event="update.check.start" subsystem="update" outcome="started"
2026-08-27T21:47:39.090227Z  INFO herdr::logging: tab focused event="tab.focus" subsystem="tab" outcome="ok" workspace_id="w9" tab_id="w9:t2"
2026-08-27T21:47:42.723294Z  INFO herdr::server::headless: client detach requested via keybind client_id=2
2026-08-27T21:47:42.725782Z  INFO herdr::server::headless: client disconnected client_id=2
2026-08-27T21:47:44.093211Z  INFO herdr::logging: session saved event="persist.save" subsystem="persist" outcome="ok" path=/home/mbv/.config/herdr/session.json workspaces=3
2026-08-27T21:48:55.242343Z  INFO herdr::server::headless: server shutdown initiated
2026-08-27T21:48:55.292975Z  INFO herdr::server::headless: completing server shutdown
2026-08-27T21:48:55.293361Z  INFO herdr::logging: session saved event="persist.save" subsystem="persist" outcome="ok" path=/home/mbv/.config/herdr/session.json workspaces=3
2026-08-27T21:48:55.293380Z  INFO herdr::server::headless: headless server exiting
2026-08-27T21:48:55.298696Z  INFO herdr::logging: pane child exited event="pane.exit" subsystem="pane" outcome="completed" pane_id=2 status="ExitStatus { code: 1, signal: Some(\"Hangup\") }"
2026-08-27T21:48:55.300801Z  INFO herdr::pane: pane session terminated pane=2 pid=5345 signal=Hangup
2026-08-27T21:48:55.303730Z  INFO herdr::logging: pane child exited event="pane.exit" subsystem="pane" outcome="completed" pane_id=5 status="ExitStatus { code: 1, signal: Some(\"Hangup\") }"
2026-08-27T21:48:55.307866Z  INFO herdr::pane: pane session terminated pane=5 pid=5354 signal=Hangup
2026-08-27T21:48:55.312996Z  INFO herdr::logging: pane child exited event="pane.exit" subsystem="pane" outcome="completed" pane_id=8 status="ExitStatus { code: 1, signal: Some(\"Hangup\") }"
2026-08-27T21:48:55.317066Z  INFO herdr::pane: pane session terminated pane=8 pid=5364 signal=Hangup
2026-08-27T21:48:55.317995Z  INFO herdr::logging: pane child exited event="pane.exit" subsystem="pane" outcome="completed" pane_id=12 status="ExitStatus { code: 1, signal: Some(\"Hangup\") }"
2026-08-27T21:48:55.322952Z  INFO herdr::pane: pane session terminated pane=12 pid=5412 signal=Hangup
2026-08-27T21:48:55.323680Z  INFO herdr::logging: pane child exited event="pane.exit" subsystem="pane" outcome="completed" pane_id=14 status="ExitStatus { code: 1, signal: Some(\"Hangup\") }"
2026-08-27T21:48:55.349011Z  INFO herdr::pane: pane session terminated pane=14 pid=39908 signal=Hangup
2026-08-27T21:48:55.349588Z  INFO herdr::logging: pane child exited event="pane.exit" subsystem="pane" outcome="completed" pane_id=20 status="ExitStatus { code: 1, signal: Some(\"Hangup\") }"
2026-08-27T21:48:55.355183Z  INFO herdr::pane: pane session terminated pane=20 pid=185574 signal=Hangup
2026-08-27T21:48:55.356209Z  INFO herdr::logging: pane child exited event="pane.exit" subsystem="pane" outcome="completed" pane_id=6 status="ExitStatus { code: 1, signal: Some(\"Hangup\") }"
2026-08-27T21:48:55.360736Z  INFO herdr::pane: pane session terminated pane=6 pid=5357 signal=Hangup
2026-08-27T21:48:55.361359Z  INFO herdr::logging: pane child exited event="pane.exit" subsystem="pane" outcome="completed" pane_id=23 status="ExitStatus { code: 1, signal: Some(\"Hangup\") }"
2026-08-27T21:48:55.446039Z  INFO herdr::pane: pane session terminated pane=23 pid=218478 signal=Hangup
2026-08-27T21:48:55.446685Z  INFO herdr::logging: pane child exited event="pane.exit" subsystem="pane" outcome="completed" pane_id=7 status="ExitStatus { code: 1, signal: Some(\"Hangup\") }"
2026-08-27T21:48:55.451178Z  INFO herdr::pane: pane session terminated pane=7 pid=5360 signal=Hangup
2026-08-27T21:48:55.451787Z  INFO herdr::logging: pane child exited event="pane.exit" subsystem="pane" outcome="completed" pane_id=16 status="ExitStatus { code: 1, signal: Some(\"Hangup\") }"
2026-08-27T21:48:55.455847Z  INFO herdr::pane: pane session terminated pane=16 pid=147107 signal=Hangup
2026-08-27T21:48:55.456572Z  INFO herdr::logging: pane child exited event="pane.exit" subsystem="pane" outcome="completed" pane_id=18 status="ExitStatus { code: 1, signal: Some(\"Hangup\") }"
2026-08-27T21:48:55.460545Z  INFO herdr::pane: pane session terminated pane=18 pid=178691 signal=Hangup
2026-08-27T21:48:55.461093Z  INFO herdr::logging: pane child exited event="pane.exit" subsystem="pane" outcome="completed" pane_id=3 status="ExitStatus { code: 1, signal: Some(\"Hangup\") }"
2026-08-27T21:48:55.465205Z  INFO herdr::pane: pane session terminated pane=3 pid=5348 signal=Hangup
2026-08-27T21:48:55.465774Z  INFO herdr::logging: pane child exited event="pane.exit" subsystem="pane" outcome="completed" pane_id=15 status="ExitStatus { code: 1, signal: Some(\"Hangup\") }"
2026-08-27T21:48:55.469574Z  INFO herdr::pane: pane session terminated pane=15 pid=144692 signal=Hangup
2026-08-27T21:48:55.470595Z  INFO herdr::logging: pane child exited event="pane.exit" subsystem="pane" outcome="completed" pane_id=10 status="ExitStatus { code: 1, signal: Some(\"Hangup\") }"
2026-08-27T21:48:55.474438Z  INFO herdr::pane: pane session terminated pane=10 pid=5372 signal=Hangup
2026-08-27T21:48:55.474900Z  INFO herdr::logging: pane child exited event="pane.exit" subsystem="pane" outcome="completed" pane_id=1 status="ExitStatus { code: 1, signal: Some(\"Hangup\") }"
2026-08-27T21:48:55.478858Z  INFO herdr::pane: pane session terminated pane=1 pid=5342 signal=Hangup
2026-08-27T21:48:55.479512Z  INFO herdr::logging: pane child exited event="pane.exit" subsystem="pane" outcome="completed" pane_id=11 status="ExitStatus { code: 1, signal: Some(\"Hangup\") }"
2026-08-27T21:48:55.483138Z  INFO herdr::pane: pane session terminated pane=11 pid=5392 signal=Hangup
2026-08-27T21:48:55.484156Z  INFO herdr::logging: herdr exiting event="app.shutdown" subsystem="server" outcome="completed" pid=5308
2026-08-31T10:04:54.783336Z  INFO herdr::api::server: api server listening path=/home/mbv/.config/herdr/herdr.sock
2026-08-31T10:04:54.784776Z  INFO herdr::logging: spawning pane terminal event="pane.spawn.start" subsystem="pane" outcome="started" pane_id=1 rows=24 cols=80 scrollback_limit_bytes=10000000
2026-08-31T10:04:54.785644Z  INFO herdr::logging: pane child spawned event="pane.spawned" subsystem="pane" outcome="ok" pane_id=1 pid=38163
2026-08-31T10:04:54.785792Z  INFO herdr::logging: spawning pane terminal event="pane.spawn.start" subsystem="pane" outcome="started" pane_id=2 rows=24 cols=80 scrollback_limit_bytes=10000000
2026-08-31T10:04:54.786539Z  INFO herdr::logging: pane child spawned event="pane.spawned" subsystem="pane" outcome="ok" pane_id=2 pid=38166
2026-08-31T10:04:54.786674Z  INFO herdr::logging: spawning pane terminal event="pane.spawn.start" subsystem="pane" outcome="started" pane_id=3 rows=24 cols=80 scrollback_limit_bytes=10000000
2026-08-31T10:04:54.787497Z  INFO herdr::logging: pane child spawned event="pane.spawned" subsystem="pane" outcome="ok" pane_id=3 pid=38169
2026-08-31T10:04:54.787718Z  INFO herdr::logging: spawning pane terminal event="pane.spawn.start" subsystem="pane" outcome="started" pane_id=4 rows=24 cols=80 scrollback_limit_bytes=10000000
2026-08-31T10:04:54.788516Z  INFO herdr::logging: pane child spawned event="pane.spawned" subsystem="pane" outcome="ok" pane_id=4 pid=38172
2026-08-31T10:04:54.788627Z  INFO herdr::logging: spawning pane terminal event="pane.spawn.start" subsystem="pane" outcome="started" pane_id=5 rows=24 cols=80 scrollback_limit_bytes=10000000
2026-08-31T10:04:54.789477Z  INFO herdr::logging: pane child spawned event="pane.spawned" subsystem="pane" outcome="ok" pane_id=5 pid=38175
2026-08-31T10:04:54.789617Z  INFO herdr::logging: spawning pane terminal event="pane.spawn.start" subsystem="pane" outcome="started" pane_id=6 rows=24 cols=80 scrollback_limit_bytes=10000000
2026-08-31T10:04:54.790478Z  INFO herdr::logging: pane child spawned event="pane.spawned" subsystem="pane" outcome="ok" pane_id=6 pid=38178
2026-08-31T10:04:54.790603Z  INFO herdr::logging: spawning pane terminal event="pane.spawn.start" subsystem="pane" outcome="started" pane_id=7 rows=24 cols=80 scrollback_limit_bytes=10000000
2026-08-31T10:04:54.791490Z  INFO herdr::logging: pane child spawned event="pane.spawned" subsystem="pane" outcome="ok" pane_id=7 pid=38181
2026-08-31T10:04:54.791723Z  INFO herdr::logging: spawning pane terminal event="pane.spawn.start" subsystem="pane" outcome="started" pane_id=8 rows=24 cols=80 scrollback_limit_bytes=10000000
2026-08-31T10:04:54.792643Z  INFO herdr::logging: pane child spawned event="pane.spawned" subsystem="pane" outcome="ok" pane_id=8 pid=38184
2026-08-31T10:04:54.792802Z  INFO herdr::logging: spawning pane terminal event="pane.spawn.start" subsystem="pane" outcome="started" pane_id=9 rows=24 cols=80 scrollback_limit_bytes=10000000
2026-08-31T10:04:54.793837Z  INFO herdr::logging: pane child spawned event="pane.spawned" subsystem="pane" outcome="ok" pane_id=9 pid=38188
2026-08-31T10:04:54.793994Z  INFO herdr::logging: spawning pane terminal event="pane.spawn.start" subsystem="pane" outcome="started" pane_id=10 rows=24 cols=80 scrollback_limit_bytes=10000000
2026-08-31T10:04:54.795031Z  INFO herdr::logging: pane child spawned event="pane.spawned" subsystem="pane" outcome="ok" pane_id=10 pid=38192
2026-08-31T10:04:54.795164Z  INFO herdr::logging: spawning pane terminal event="pane.spawn.start" subsystem="pane" outcome="started" pane_id=11 rows=24 cols=80 scrollback_limit_bytes=10000000
2026-08-31T10:04:54.796112Z  INFO herdr::logging: pane child spawned event="pane.spawned" subsystem="pane" outcome="ok" pane_id=11 pid=38196
2026-08-31T10:04:54.796238Z  INFO herdr::logging: spawning pane terminal event="pane.spawn.start" subsystem="pane" outcome="started" pane_id=12 rows=24 cols=80 scrollback_limit_bytes=10000000
2026-08-31T10:04:54.797496Z  INFO herdr::logging: pane child spawned event="pane.spawned" subsystem="pane" outcome="ok" pane_id=12 pid=38213
2026-08-31T10:04:54.797667Z  INFO herdr::logging: spawning pane terminal event="pane.spawn.start" subsystem="pane" outcome="started" pane_id=13 rows=24 cols=80 scrollback_limit_bytes=10000000
2026-08-31T10:04:54.798987Z  INFO herdr::logging: pane child spawned event="pane.spawned" subsystem="pane" outcome="ok" pane_id=13 pid=38237
2026-08-31T10:04:54.799194Z  INFO herdr::logging: spawning pane terminal event="pane.spawn.start" subsystem="pane" outcome="started" pane_id=14 rows=24 cols=80 scrollback_limit_bytes=10000000
2026-08-31T10:04:54.800539Z  INFO herdr::logging: pane child spawned event="pane.spawned" subsystem="pane" outcome="ok" pane_id=14 pid=38274
2026-08-31T10:04:54.800718Z  INFO herdr::logging: spawning pane terminal event="pane.spawn.start" subsystem="pane" outcome="started" pane_id=15 rows=24 cols=80 scrollback_limit_bytes=10000000
2026-08-31T10:04:54.802180Z  INFO herdr::logging: pane child spawned event="pane.spawned" subsystem="pane" outcome="ok" pane_id=15 pid=38315
2026-08-31T10:04:54.802334Z  INFO herdr::logging: spawning pane terminal event="pane.spawn.start" subsystem="pane" outcome="started" pane_id=16 rows=24 cols=80 scrollback_limit_bytes=10000000
2026-08-31T10:04:54.803717Z  INFO herdr::logging: pane child spawned event="pane.spawned" subsystem="pane" outcome="ok" pane_id=16 pid=38342
2026-08-31T10:04:54.803950Z  INFO herdr::logging: session restore evaluated event="persist.restore" subsystem="persist" outcome="ok" workspaces=3
2026-08-31T10:04:54.803964Z  INFO herdr::app: using pane scrollback configuration pane_scrollback_limit_bytes=10000000
2026-08-31T10:04:54.830157Z  INFO herdr::logging: checking for updates event="update.check.start" subsystem="update" outcome="started"
2026-08-31T10:04:54.831849Z  INFO herdr::server::headless: restored session already has workspaces; ignoring startup cwd cwd=/home/mbv
2026-08-31T10:04:54.832542Z  INFO herdr::server::headless: client protocol socket listening path=/home/mbv/.config/herdr/herdr-client.sock
2026-08-31T10:04:54.832603Z  INFO herdr::server::headless: herdr server started api_socket=/home/mbv/.config/herdr/herdr.sock client_socket=/home/mbv/.config/herdr/herdr-client.sock
2026-08-31T10:04:54.832834Z  INFO herdr::logging: herdr starting event="app.startup" subsystem="server" outcome="started" pid=38129
2026-08-31T10:04:54.885639Z  INFO herdr::server::headless: client connected client_id=2 cols=313 rows=75 cell_width_px=0 cell_height_px=0 render_encoding=SemanticFrame
2026-08-31T10:04:57.342461Z  INFO herdr::logging: tab focused event="tab.focus" subsystem="tab" outcome="ok" workspace_id="w9" tab_id="w9:t1"
2026-08-31T10:05:01.368047Z  INFO herdr::pane: agent changed pane=8 previous_agent=None agent=Some(Codex) process=codex pgid=Some(40549)
2026-08-31T10:05:02.343483Z  INFO herdr::logging: session saved event="persist.save" subsystem="persist" outcome="ok" path=/home/mbv/.config/herdr/session.json workspaces=3
2026-08-31T10:10:24.405064Z  INFO herdr::server::headless: client resize client_id=2 cols=313 rows=77 cell_width_px=0 cell_height_px=0
2026-08-31T10:10:24.805345Z  INFO herdr::server::headless: client resize client_id=2 cols=313 rows=75 cell_width_px=0 cell_height_px=0
2026-08-31T10:22:40.471503Z  INFO herdr::logging: workspace focused event="workspace.focus" subsystem="workspace" outcome="ok" workspace_id="w8"
2026-08-31T10:22:40.471544Z  INFO herdr::logging: tab focused event="tab.focus" subsystem="tab" outcome="ok" workspace_id="w8" tab_id="w8:t1"
2026-08-31T10:22:41.931170Z  INFO herdr::logging: tab focused event="tab.focus" subsystem="tab" outcome="ok" workspace_id="w8" tab_id="w8:t1"
2026-08-31T10:22:44.561422Z  INFO herdr::logging: tab focused event="tab.focus" subsystem="tab" outcome="ok" workspace_id="w8" tab_id="w8:t1"
2026-08-31T10:22:49.563459Z  INFO herdr::logging: session saved event="persist.save" subsystem="persist" outcome="ok" path=/home/mbv/.config/herdr/session.json workspaces=3
2026-08-31T10:25:04.598580Z  INFO herdr::server::headless: client resize client_id=2 cols=313 rows=77 cell_width_px=0 cell_height_px=0
2026-08-31T10:25:04.898818Z  INFO herdr::server::headless: client resize client_id=2 cols=313 rows=75 cell_width_px=0 cell_height_px=0
2026-08-31T10:29:20.204074Z  INFO herdr::server::headless: client resize client_id=2 cols=313 rows=77 cell_width_px=0 cell_height_px=0
2026-08-31T10:29:20.504301Z  INFO herdr::server::headless: client resize client_id=2 cols=313 rows=75 cell_width_px=0 cell_height_px=0
2026-08-31T10:34:37.859633Z  INFO herdr::server::headless: client resize client_id=2 cols=154 rows=75 cell_width_px=0 cell_height_px=0
2026-08-31T10:34:39.260788Z  INFO herdr::server::headless: client resize client_id=2 cols=313 rows=75 cell_width_px=0 cell_height_px=0
2026-08-31T10:34:54.830936Z  INFO herdr::logging: checking for updates event="update.check.start" subsystem="update" outcome="started"
2026-08-31T10:39:31.415923Z  INFO herdr::logging: tab focused event="tab.focus" subsystem="tab" outcome="ok" workspace_id="w8" tab_id="w8:t1"
2026-08-31T10:39:36.417889Z  INFO herdr::logging: session saved event="persist.save" subsystem="persist" outcome="ok" path=/home/mbv/.config/herdr/session.json workspaces=3
2026-08-31T10:39:36.444271Z  INFO herdr::logging: tab focused event="tab.focus" subsystem="tab" outcome="ok" workspace_id="w8" tab_id="w8:t1"
2026-08-31T10:39:41.020619Z  INFO herdr::logging: tab focused event="tab.focus" subsystem="tab" outcome="ok" workspace_id="w8" tab_id="w8:t1"
2026-08-31T10:39:46.023176Z  INFO herdr::logging: session saved event="persist.save" subsystem="persist" outcome="ok" path=/home/mbv/.config/herdr/session.json workspaces=3
2026-08-31T10:39:46.431289Z  INFO herdr::logging: tab focused event="tab.focus" subsystem="tab" outcome="ok" workspace_id="w8" tab_id="w8:t1"
2026-08-31T10:39:50.701173Z  INFO herdr::logging: tab focused event="tab.focus" subsystem="tab" outcome="ok" workspace_id="w8" tab_id="w8:t1"
2026-08-31T10:39:54.609168Z  INFO herdr::logging: tab focused event="tab.focus" subsystem="tab" outcome="ok" workspace_id="w8" tab_id="w8:t1"
2026-08-31T10:39:59.610758Z  INFO herdr::logging: session saved event="persist.save" subsystem="persist" outcome="ok" path=/home/mbv/.config/herdr/session.json workspaces=3
2026-08-31T10:40:05.000355Z  INFO herdr::logging: tab focused event="tab.focus" subsystem="tab" outcome="ok" workspace_id="w8" tab_id="w8:t1"
2026-08-31T10:40:06.605601Z  INFO herdr::pane: agent changed pane=4 previous_agent=None agent=Some(Codex) process=codex pgid=Some(98024)
2026-08-31T10:40:10.002486Z  INFO herdr::logging: session saved event="persist.save" subsystem="persist" outcome="ok" path=/home/mbv/.config/herdr/session.json workspaces=3
2026-08-31T10:40:14.136382Z  INFO herdr::pane: agent changed pane=4 previous_agent=Some(Codex) agent=None pgid=Some(38172)
2026-08-31T10:40:14.637841Z  INFO herdr::pane: agent changed pane=4 previous_agent=None agent=Some(Codex) process=codex pgid=Some(98345)
2026-08-31T10:40:17.649882Z  INFO herdr::pane: agent changed pane=4 previous_agent=Some(Codex) agent=None pgid=Some(38172)
2026-08-31T10:40:19.656732Z  INFO herdr::pane: agent changed pane=4 previous_agent=None agent=Some(OpenCode) process=opencode pgid=Some(98646)
2026-08-31T10:40:26.887088Z  INFO herdr::pane: agent changed pane=4 previous_agent=Some(OpenCode) agent=None pgid=Some(38172)
2026-08-31T10:40:27.259379Z  INFO herdr::logging: tab focused event="tab.focus" subsystem="tab" outcome="ok" workspace_id="w8" tab_id="w8:t1"
2026-08-31T10:40:32.260742Z  INFO herdr::logging: session saved event="persist.save" subsystem="persist" outcome="ok" path=/home/mbv/.config/herdr/session.json workspaces=3
2026-08-31T10:40:39.823984Z  INFO herdr::logging: workspace focused event="workspace.focus" subsystem="workspace" outcome="ok" workspace_id="w9"
2026-08-31T10:40:39.824024Z  INFO herdr::logging: tab focused event="tab.focus" subsystem="tab" outcome="ok" workspace_id="w9" tab_id="w9:t1"
2026-08-31T10:40:41.695974Z  INFO herdr::logging: workspace focused event="workspace.focus" subsystem="workspace" outcome="ok" workspace_id="w8"
2026-08-31T10:40:41.696020Z  INFO herdr::logging: tab focused event="tab.focus" subsystem="tab" outcome="ok" workspace_id="w8" tab_id="w8:t1"
2026-08-31T10:40:42.173085Z  INFO herdr::logging: tab focused event="tab.focus" subsystem="tab" outcome="ok" workspace_id="w8" tab_id="w8:t2"
2026-08-31T10:40:42.781019Z  INFO herdr::logging: tab focused event="tab.focus" subsystem="tab" outcome="ok" workspace_id="w8" tab_id="w8:t3"
2026-08-31T10:40:43.327016Z  INFO herdr::logging: tab focused event="tab.focus" subsystem="tab" outcome="ok" workspace_id="w8" tab_id="w8:t1"
2026-08-31T10:40:48.328574Z  INFO herdr::logging: session saved event="persist.save" subsystem="persist" outcome="ok" path=/home/mbv/.config/herdr/session.json workspaces=3
2026-08-31T10:45:23.129973Z  INFO herdr::logging: tab focused event="tab.focus" subsystem="tab" outcome="ok" workspace_id="w8" tab_id="w8:t2"
2026-08-31T10:45:24.026845Z  INFO herdr::logging: tab focused event="tab.focus" subsystem="tab" outcome="ok" workspace_id="w8" tab_id="w8:t1"
2026-08-31T10:45:29.028438Z  INFO herdr::logging: session saved event="persist.save" subsystem="persist" outcome="ok" path=/home/mbv/.config/herdr/session.json workspaces=3
2026-08-31T10:45:58.012487Z  INFO herdr::logging: tab focused event="tab.focus" subsystem="tab" outcome="ok" workspace_id="w8" tab_id="w8:t1"
2026-08-31T10:45:59.914555Z  INFO herdr::pane: agent changed pane=4 previous_agent=None agent=Some(OpenCode) process=opencode pgid=Some(107128)
2026-08-31T10:46:03.014275Z  INFO herdr::logging: session saved event="persist.save" subsystem="persist" outcome="ok" path=/home/mbv/.config/herdr/session.json workspaces=3
2026-08-31T10:46:33.759777Z  INFO herdr::logging: tab focused event="tab.focus" subsystem="tab" outcome="ok" workspace_id="w8" tab_id="w8:t1"
2026-08-31T10:46:38.761250Z  INFO herdr::logging: session saved event="persist.save" subsystem="persist" outcome="ok" path=/home/mbv/.config/herdr/session.json workspaces=3
2026-08-31T10:48:56.130413Z  INFO herdr::logging: tab focused event="tab.focus" subsystem="tab" outcome="ok" workspace_id="w8" tab_id="w8:t1"
2026-08-31T10:48:57.561983Z  INFO herdr::pane: agent changed pane=4 previous_agent=Some(OpenCode) agent=None pgid=Some(38172)
2026-08-31T10:49:01.132642Z  INFO herdr::logging: session saved event="persist.save" subsystem="persist" outcome="ok" path=/home/mbv/.config/herdr/session.json workspaces=3
2026-08-31T10:49:34.613340Z  INFO herdr::server::headless: client resize client_id=2 cols=313 rows=77 cell_width_px=0 cell_height_px=0
2026-08-31T10:49:34.913537Z  INFO herdr::server::headless: client resize client_id=2 cols=313 rows=75 cell_width_px=0 cell_height_px=0
2026-08-31T10:50:14.809416Z  INFO herdr::pane: agent changed pane=4 previous_agent=None agent=Some(OpenCode) process=opencode pgid=Some(118092)
2026-08-31T10:50:17.377742Z  INFO herdr::logging: spawning pane terminal event="pane.spawn.start" subsystem="pane" outcome="started" pane_id=17 rows=74 cols=144 scrollback_limit_bytes=10000000
2026-08-31T10:50:17.379665Z  INFO herdr::logging: pane child spawned event="pane.spawned" subsystem="pane" outcome="ok" pane_id=17 pid=118173
2026-08-31T10:50:17.379799Z  INFO herdr::logging: tab focused event="tab.focus" subsystem="tab" outcome="ok" workspace_id="w8" tab_id="w8:t1"
2026-08-31T10:50:20.567612Z  INFO herdr::logging: tab focused event="tab.focus" subsystem="tab" outcome="ok" workspace_id="w8" tab_id="w8:t1"
2026-08-31T10:50:25.570066Z  INFO herdr::logging: session saved event="persist.save" subsystem="persist" outcome="ok" path=/home/mbv/.config/herdr/session.json workspaces=3
2026-08-31T10:50:34.481363Z  INFO herdr::logging: tab focused event="tab.focus" subsystem="tab" outcome="ok" workspace_id="w8" tab_id="w8:t1"
2026-08-31T10:50:35.010958Z  INFO herdr::logging: pane child exited event="pane.exit" subsystem="pane" outcome="completed" pane_id=17 status="ExitStatus { code: 0, signal: None }"
2026-08-31T10:50:35.014542Z  INFO herdr::pane: pane session terminated pane=17 pid=118173 signal=Hangup
2026-08-31T10:50:40.016241Z  INFO herdr::logging: session saved event="persist.save" subsystem="persist" outcome="ok" path=/home/mbv/.config/herdr/session.json workspaces=3
2026-08-31T10:53:37.886311Z  INFO herdr::logging: tab focused event="tab.focus" subsystem="tab" outcome="ok" workspace_id="w8" tab_id="w8:t1"
2026-08-31T10:53:42.889085Z  INFO herdr::logging: session saved event="persist.save" subsystem="persist" outcome="ok" path=/home/mbv/.config/herdr/session.json workspaces=3
2026-08-31T10:55:30.686341Z  INFO herdr::logging: tab focused event="tab.focus" subsystem="tab" outcome="ok" workspace_id="w8" tab_id="w8:t1"
2026-08-31T10:55:35.689133Z  INFO herdr::logging: session saved event="persist.save" subsystem="persist" outcome="ok" path=/home/mbv/.config/herdr/session.json workspaces=3
2026-08-31T10:56:12.806136Z  INFO herdr::logging: tab focused event="tab.focus" subsystem="tab" outcome="ok" workspace_id="w8" tab_id="w8:t1"
2026-08-31T10:56:17.808436Z  INFO herdr::logging: session saved event="persist.save" subsystem="persist" outcome="ok" path=/home/mbv/.config/herdr/session.json workspaces=3
2026-08-31T10:56:49.811366Z  INFO herdr::logging: tab focused event="tab.focus" subsystem="tab" outcome="ok" workspace_id="w8" tab_id="w8:t1"
2026-08-31T10:56:54.813930Z  INFO herdr::logging: session saved event="persist.save" subsystem="persist" outcome="ok" path=/home/mbv/.config/herdr/session.json workspaces=3
2026-08-31T11:04:54.831776Z  INFO herdr::logging: checking for updates event="update.check.start" subsystem="update" outcome="started"
2026-08-31T11:09:56.343542Z  INFO herdr::server::headless: client resize client_id=2 cols=313 rows=77 cell_width_px=0 cell_height_px=0
2026-08-31T11:09:56.743803Z  INFO herdr::server::headless: client resize client_id=2 cols=313 rows=75 cell_width_px=0 cell_height_px=0
2026-08-31T11:34:54.833321Z  INFO herdr::logging: checking for updates event="update.check.start" subsystem="update" outcome="started"
2026-08-31T11:57:24.400845Z  INFO herdr::server::headless: client resize client_id=2 cols=313 rows=77 cell_width_px=0 cell_height_px=0
2026-08-31T11:57:24.701097Z  INFO herdr::server::headless: client resize client_id=2 cols=313 rows=75 cell_width_px=0 cell_height_px=0
2026-08-31T12:00:15.839747Z  INFO herdr::server::headless: client resize client_id=2 cols=313 rows=77 cell_width_px=0 cell_height_px=0
2026-08-31T12:00:16.240032Z  INFO herdr::server::headless: client resize client_id=2 cols=313 rows=75 cell_width_px=0 cell_height_px=0
2026-08-31T12:03:16.727540Z  INFO herdr::logging: tab focused event="tab.focus" subsystem="tab" outcome="ok" workspace_id="w8" tab_id="w8:t1"
2026-08-31T12:03:21.730096Z  INFO herdr::logging: session saved event="persist.save" subsystem="persist" outcome="ok" path=/home/mbv/.config/herdr/session.json workspaces=3
2026-08-31T12:03:26.689383Z  INFO herdr::logging: spawning pane terminal event="pane.spawn.start" subsystem="pane" outcome="started" pane_id=18 rows=74 cols=144 scrollback_limit_bytes=10000000
2026-08-31T12:03:26.691447Z  INFO herdr::logging: pane child spawned event="pane.spawned" subsystem="pane" outcome="ok" pane_id=18 pid=386467
2026-08-31T12:03:26.691574Z  INFO herdr::logging: tab focused event="tab.focus" subsystem="tab" outcome="ok" workspace_id="w8" tab_id="w8:t1"
2026-08-31T12:03:28.034907Z  INFO herdr::logging: pane child exited event="pane.exit" subsystem="pane" outcome="completed" pane_id=18 status="ExitStatus { code: 0, signal: None }"
2026-08-31T12:03:28.038006Z  INFO herdr::pane: pane session terminated pane=18 pid=386467 signal=Hangup
2026-08-31T12:03:28.449415Z  INFO herdr::logging: tab focused event="tab.focus" subsystem="tab" outcome="ok" workspace_id="w8" tab_id="w8:t1"
2026-08-31T12:03:29.072544Z  INFO herdr::logging: spawning pane terminal event="pane.spawn.start" subsystem="pane" outcome="started" pane_id=19 rows=74 cols=144 scrollback_limit_bytes=10000000
2026-08-31T12:03:29.074662Z  INFO herdr::logging: pane child spawned event="pane.spawned" subsystem="pane" outcome="ok" pane_id=19 pid=386754
2026-08-31T12:03:29.074779Z  INFO herdr::logging: tab focused event="tab.focus" subsystem="tab" outcome="ok" workspace_id="w8" tab_id="w8:t1"
2026-08-31T12:03:34.077919Z  INFO herdr::logging: session saved event="persist.save" subsystem="persist" outcome="ok" path=/home/mbv/.config/herdr/session.json workspaces=3
2026-08-31T12:03:34.386562Z  INFO herdr::logging: pane child exited event="pane.exit" subsystem="pane" outcome="completed" pane_id=19 status="ExitStatus { code: 0, signal: None }"
2026-08-31T12:03:34.389637Z  INFO herdr::pane: pane session terminated pane=19 pid=386754 signal=Hangup
2026-08-31T12:03:34.849304Z  INFO herdr::logging: tab focused event="tab.focus" subsystem="tab" outcome="ok" workspace_id="w8" tab_id="w8:t1"
2026-08-31T12:03:39.850492Z  INFO herdr::logging: session saved event="persist.save" subsystem="persist" outcome="ok" path=/home/mbv/.config/herdr/session.json workspaces=3
2026-08-31T12:04:29.528129Z  INFO herdr::server::headless: client resize client_id=2 cols=313 rows=77 cell_width_px=0 cell_height_px=0
2026-08-31T12:04:29.828338Z  INFO herdr::server::headless: client resize client_id=2 cols=313 rows=75 cell_width_px=0 cell_height_px=0
2026-08-31T12:04:36.578921Z  INFO herdr::logging: tab focused event="tab.focus" subsystem="tab" outcome="ok" workspace_id="w8" tab_id="w8:t1"
2026-08-31T12:04:39.924287Z  INFO herdr::logging: tab focused event="tab.focus" subsystem="tab" outcome="ok" workspace_id="w8" tab_id="w8:t1"
2026-08-31T12:04:44.926441Z  INFO herdr::logging: session saved event="persist.save" subsystem="persist" outcome="ok" path=/home/mbv/.config/herdr/session.json workspaces=3
2026-08-31T12:04:54.834829Z  INFO herdr::logging: checking for updates event="update.check.start" subsystem="update" outcome="started"
2026-08-31T12:07:48.816162Z  INFO herdr::logging: tab focused event="tab.focus" subsystem="tab" outcome="ok" workspace_id="w8" tab_id="w8:t1"
2026-08-31T12:07:53.818185Z  INFO herdr::logging: session saved event="persist.save" subsystem="persist" outcome="ok" path=/home/mbv/.config/herdr/session.json workspaces=3
2026-08-31T12:09:22.449600Z  INFO herdr::logging: tab focused event="tab.focus" subsystem="tab" outcome="ok" workspace_id="w8" tab_id="w8:t1"
2026-08-31T12:09:27.451448Z  INFO herdr::logging: session saved event="persist.save" subsystem="persist" outcome="ok" path=/home/mbv/.config/herdr/session.json workspaces=3
2026-08-31T12:11:11.365272Z  INFO herdr::logging: tab focused event="tab.focus" subsystem="tab" outcome="ok" workspace_id="w8" tab_id="w8:t1"
2026-08-31T12:11:16.367251Z  INFO herdr::logging: session saved event="persist.save" subsystem="persist" outcome="ok" path=/home/mbv/.config/herdr/session.json workspaces=3
2026-08-31T12:26:46.950247Z  INFO herdr::server::headless: client resize client_id=2 cols=313 rows=77 cell_width_px=0 cell_height_px=0
2026-08-31T12:26:47.250475Z  INFO herdr::server::headless: client resize client_id=2 cols=313 rows=75 cell_width_px=0 cell_height_px=0
2026-08-31T12:27:18.373456Z  INFO herdr::server::headless: client resize client_id=2 cols=313 rows=77 cell_width_px=0 cell_height_px=0
2026-08-31T12:27:18.673662Z  INFO herdr::server::headless: client resize client_id=2 cols=313 rows=75 cell_width_px=0 cell_height_px=0
2026-08-31T12:27:43.793805Z  INFO herdr::server::headless: client resize client_id=2 cols=313 rows=77 cell_width_px=0 cell_height_px=0
2026-08-31T12:27:44.094035Z  INFO herdr::server::headless: client resize client_id=2 cols=313 rows=75 cell_width_px=0 cell_height_px=0
2026-08-31T12:28:02.708112Z  INFO herdr::server::headless: client resize client_id=2 cols=313 rows=77 cell_width_px=0 cell_height_px=0
2026-08-31T12:28:03.008328Z  INFO herdr::server::headless: client resize client_id=2 cols=313 rows=75 cell_width_px=0 cell_height_px=0
2026-08-31T12:34:08.351229Z  INFO herdr::logging: tab focused event="tab.focus" subsystem="tab" outcome="ok" workspace_id="w8" tab_id="w8:t1"
2026-08-31T12:34:13.353010Z  INFO herdr::logging: session saved event="persist.save" subsystem="persist" outcome="ok" path=/home/mbv/.config/herdr/session.json workspaces=3
2026-08-31T12:34:17.791289Z  INFO herdr::pane: agent changed pane=5 previous_agent=None agent=Some(Cursor) process=cursor pgid=Some(464944)
2026-08-31T12:34:21.561094Z  INFO herdr::logging: tab focused event="tab.focus" subsystem="tab" outcome="ok" workspace_id="w8" tab_id="w8:t1"
2026-08-31T12:34:26.566969Z  INFO herdr::logging: session saved event="persist.save" subsystem="persist" outcome="ok" path=/home/mbv/.config/herdr/session.json workspaces=3
2026-08-31T12:34:32.262948Z  INFO herdr::logging: tab focused event="tab.focus" subsystem="tab" outcome="ok" workspace_id="w8" tab_id="w8:t1"
2026-08-31T12:34:37.265923Z  INFO herdr::logging: session saved event="persist.save" subsystem="persist" outcome="ok" path=/home/mbv/.config/herdr/session.json workspaces=3
2026-08-31T12:34:54.835990Z  INFO herdr::logging: checking for updates event="update.check.start" subsystem="update" outcome="started"
2026-08-31T12:36:20.739347Z  INFO herdr::pane: agent changed pane=5 previous_agent=Some(Cursor) agent=None pgid=Some(38175)
2026-08-31T12:36:22.245704Z  INFO herdr::pane: agent changed pane=5 previous_agent=None agent=Some(Codex) process=codex pgid=Some(465995)
2026-08-31T12:43:57.325378Z  INFO herdr::pane: agent changed pane=5 previous_agent=Some(Codex) agent=None pgid=Some(38175)
2026-08-31T12:44:23.915725Z  INFO herdr::pane: agent changed pane=5 previous_agent=None agent=Some(Codex) process=codex pgid=Some(468505)
2026-08-31T13:04:54.837599Z  INFO herdr::logging: checking for updates event="update.check.start" subsystem="update" outcome="started"
2026-08-31T13:07:02.954455Z  INFO herdr::server::headless: client resize client_id=2 cols=80 rows=24 cell_width_px=0 cell_height_px=0
2026-08-31T13:07:02.964232Z  INFO herdr::server::headless: client detached client_id=2
2026-08-31T13:07:02.964319Z  INFO herdr::server::headless: client disconnected client_id=2
2026-08-31T13:07:04.972440Z  INFO herdr::server::headless: server shutdown initiated
2026-08-31T13:07:05.022532Z  INFO herdr::server::headless: completing server shutdown
2026-08-31T13:07:05.023067Z  INFO herdr::logging: session saved event="persist.save" subsystem="persist" outcome="ok" path=/home/mbv/.config/herdr/session.json workspaces=3
2026-08-31T13:07:05.023093Z  INFO herdr::server::headless: headless server exiting
2026-08-31T13:07:05.023673Z  INFO herdr::logging: pane child exited event="pane.exit" subsystem="pane" outcome="completed" pane_id=15 status="ExitStatus { code: 1, signal: Some(\"Hangup\") }"
2026-08-31T13:07:05.029794Z  INFO herdr::pane: pane session terminated pane=15 pid=38315 signal=Hangup
2026-08-31T13:07:05.030343Z  INFO herdr::logging: pane child exited event="pane.exit" subsystem="pane" outcome="completed" pane_id=5 status="ExitStatus { code: 1, signal: Some(\"Hangup\") }"
2026-08-31T13:07:05.035294Z  INFO herdr::pane: pane session terminated pane=5 pid=38175 signal=Hangup
2026-08-31T13:07:05.035933Z  INFO herdr::logging: pane child exited event="pane.exit" subsystem="pane" outcome="completed" pane_id=4 status="ExitStatus { code: 1, signal: Some(\"Hangup\") }"
2026-08-31T13:07:05.140935Z  INFO herdr::pane: pane session terminated pane=4 pid=38172 signal=Hangup
2026-08-31T13:07:05.141465Z  INFO herdr::logging: pane child exited event="pane.exit" subsystem="pane" outcome="completed" pane_id=2 status="ExitStatus { code: 1, signal: Some(\"Hangup\") }"
2026-08-31T13:07:05.146180Z  INFO herdr::pane: pane session terminated pane=2 pid=38166 signal=Hangup
2026-08-31T13:07:05.146674Z  INFO herdr::logging: pane child exited event="pane.exit" subsystem="pane" outcome="completed" pane_id=10 status="ExitStatus { code: 1, signal: Some(\"Hangup\") }"
2026-08-31T13:07:05.150981Z  INFO herdr::pane: pane session terminated pane=10 pid=38192 signal=Hangup
2026-08-31T13:07:05.151511Z  INFO herdr::logging: pane child exited event="pane.exit" subsystem="pane" outcome="completed" pane_id=8 status="ExitStatus { code: 1, signal: Some(\"Hangup\") }"
2026-08-31T13:07:05.155627Z  INFO herdr::pane: pane session terminated pane=8 pid=38184 signal=Hangup
2026-08-31T13:07:05.156207Z  INFO herdr::logging: pane child exited event="pane.exit" subsystem="pane" outcome="completed" pane_id=1 status="ExitStatus { code: 1, signal: Some(\"Hangup\") }"
2026-08-31T13:07:05.160469Z  INFO herdr::pane: pane session terminated pane=1 pid=38163 signal=Hangup
2026-08-31T13:07:05.160917Z  INFO herdr::logging: pane child exited event="pane.exit" subsystem="pane" outcome="completed" pane_id=6 status="ExitStatus { code: 1, signal: Some(\"Hangup\") }"
2026-08-31T13:07:05.164848Z  INFO herdr::pane: pane session terminated pane=6 pid=38178 signal=Hangup
2026-08-31T13:07:05.165360Z  INFO herdr::logging: pane child exited event="pane.exit" subsystem="pane" outcome="completed" pane_id=7 status="ExitStatus { code: 1, signal: Some(\"Hangup\") }"
2026-08-31T13:07:05.169345Z  INFO herdr::pane: pane session terminated pane=7 pid=38181 signal=Hangup
2026-08-31T13:07:05.169940Z  INFO herdr::logging: pane child exited event="pane.exit" subsystem="pane" outcome="completed" pane_id=16 status="ExitStatus { code: 1, signal: Some(\"Hangup\") }"
2026-08-31T13:07:05.173737Z  INFO herdr::pane: pane session terminated pane=16 pid=38342 signal=Hangup
2026-08-31T13:07:05.174319Z  INFO herdr::logging: pane child exited event="pane.exit" subsystem="pane" outcome="completed" pane_id=11 status="ExitStatus { code: 1, signal: Some(\"Hangup\") }"
2026-08-31T13:07:05.177906Z  INFO herdr::pane: pane session terminated pane=11 pid=38196 signal=Hangup
2026-08-31T13:07:05.178369Z  INFO herdr::logging: pane child exited event="pane.exit" subsystem="pane" outcome="completed" pane_id=13 status="ExitStatus { code: 1, signal: Some(\"Hangup\") }"
2026-08-31T13:07:05.182085Z  INFO herdr::pane: pane session terminated pane=13 pid=38237 signal=Hangup
2026-08-31T13:07:05.182630Z  INFO herdr::logging: pane child exited event="pane.exit" subsystem="pane" outcome="completed" pane_id=3 status="ExitStatus { code: 1, signal: Some(\"Hangup\") }"
2026-08-31T13:07:05.186410Z  INFO herdr::pane: pane session terminated pane=3 pid=38169 signal=Hangup
2026-08-31T13:07:05.186830Z  INFO herdr::logging: pane child exited event="pane.exit" subsystem="pane" outcome="completed" pane_id=12 status="ExitStatus { code: 1, signal: Some(\"Hangup\") }"
2026-08-31T13:07:05.190498Z  INFO herdr::pane: pane session terminated pane=12 pid=38213 signal=Hangup
2026-08-31T13:07:05.191030Z  INFO herdr::logging: pane child exited event="pane.exit" subsystem="pane" outcome="completed" pane_id=14 status="ExitStatus { code: 1, signal: Some(\"Hangup\") }"
2026-08-31T13:07:05.194470Z  INFO herdr::pane: pane session terminated pane=14 pid=38274 signal=Hangup
2026-08-31T13:07:05.194925Z  INFO herdr::logging: pane child exited event="pane.exit" subsystem="pane" outcome="completed" pane_id=9 status="ExitStatus { code: 1, signal: Some(\"Hangup\") }"
2026-08-31T13:07:05.198525Z  INFO herdr::pane: pane session terminated pane=9 pid=38188 signal=Hangup
2026-08-31T13:07:05.199826Z  INFO herdr::logging: herdr exiting event="app.shutdown" subsystem="server" outcome="completed" pid=38129
2026-09-03T14:14:37.495599Z  INFO herdr::api::server: api server listening path=/home/mbv/.config/herdr/herdr.sock
2026-09-03T14:14:37.496983Z  INFO herdr::logging: spawning pane terminal event="pane.spawn.start" subsystem="pane" outcome="started" pane_id=1 rows=24 cols=80 scrollback_limit_bytes=10000000
2026-09-03T14:14:37.497796Z  INFO herdr::logging: pane child spawned event="pane.spawned" subsystem="pane" outcome="ok" pane_id=1 pid=240616
2026-09-03T14:14:37.497926Z  INFO herdr::logging: spawning pane terminal event="pane.spawn.start" subsystem="pane" outcome="started" pane_id=2 rows=24 cols=80 scrollback_limit_bytes=10000000
2026-09-03T14:14:37.498569Z  INFO herdr::logging: pane child spawned event="pane.spawned" subsystem="pane" outcome="ok" pane_id=2 pid=240619
2026-09-03T14:14:37.498672Z  INFO herdr::logging: spawning pane terminal event="pane.spawn.start" subsystem="pane" outcome="started" pane_id=3 rows=24 cols=80 scrollback_limit_bytes=10000000
2026-09-03T14:14:37.499344Z  INFO herdr::logging: pane child spawned event="pane.spawned" subsystem="pane" outcome="ok" pane_id=3 pid=240622
2026-09-03T14:14:37.499520Z  INFO herdr::logging: spawning pane terminal event="pane.spawn.start" subsystem="pane" outcome="started" pane_id=4 rows=24 cols=80 scrollback_limit_bytes=10000000
2026-09-03T14:14:37.500177Z  INFO herdr::logging: pane child spawned event="pane.spawned" subsystem="pane" outcome="ok" pane_id=4 pid=240625
2026-09-03T14:14:37.500280Z  INFO herdr::logging: spawning pane terminal event="pane.spawn.start" subsystem="pane" outcome="started" pane_id=5 rows=24 cols=80 scrollback_limit_bytes=10000000
2026-09-03T14:14:37.500993Z  INFO herdr::logging: pane child spawned event="pane.spawned" subsystem="pane" outcome="ok" pane_id=5 pid=240628
2026-09-03T14:14:37.501109Z  INFO herdr::logging: spawning pane terminal event="pane.spawn.start" subsystem="pane" outcome="started" pane_id=6 rows=24 cols=80 scrollback_limit_bytes=10000000
2026-09-03T14:14:37.501822Z  INFO herdr::logging: pane child spawned event="pane.spawned" subsystem="pane" outcome="ok" pane_id=6 pid=240631
2026-09-03T14:14:37.501931Z  INFO herdr::logging: spawning pane terminal event="pane.spawn.start" subsystem="pane" outcome="started" pane_id=7 rows=24 cols=80 scrollback_limit_bytes=10000000
2026-09-03T14:14:37.502697Z  INFO herdr::logging: pane child spawned event="pane.spawned" subsystem="pane" outcome="ok" pane_id=7 pid=240634
2026-09-03T14:14:37.502962Z  INFO herdr::logging: spawning pane terminal event="pane.spawn.start" subsystem="pane" outcome="started" pane_id=8 rows=24 cols=80 scrollback_limit_bytes=10000000
2026-09-03T14:14:37.503871Z  INFO herdr::logging: pane child spawned event="pane.spawned" subsystem="pane" outcome="ok" pane_id=8 pid=240637
2026-09-03T14:14:37.504010Z  INFO herdr::logging: spawning pane terminal event="pane.spawn.start" subsystem="pane" outcome="started" pane_id=9 rows=24 cols=80 scrollback_limit_bytes=10000000
2026-09-03T14:14:37.504852Z  INFO herdr::logging: pane child spawned event="pane.spawned" subsystem="pane" outcome="ok" pane_id=9 pid=240640
2026-09-03T14:14:37.504975Z  INFO herdr::logging: spawning pane terminal event="pane.spawn.start" subsystem="pane" outcome="started" pane_id=10 rows=24 cols=80 scrollback_limit_bytes=10000000
2026-09-03T14:14:37.505829Z  INFO herdr::logging: pane child spawned event="pane.spawned" subsystem="pane" outcome="ok" pane_id=10 pid=240645
2026-09-03T14:14:37.505943Z  INFO herdr::logging: spawning pane terminal event="pane.spawn.start" subsystem="pane" outcome="started" pane_id=11 rows=24 cols=80 scrollback_limit_bytes=10000000
2026-09-03T14:14:37.506809Z  INFO herdr::logging: pane child spawned event="pane.spawned" subsystem="pane" outcome="ok" pane_id=11 pid=240648
2026-09-03T14:14:37.506961Z  INFO herdr::logging: spawning pane terminal event="pane.spawn.start" subsystem="pane" outcome="started" pane_id=12 rows=24 cols=80 scrollback_limit_bytes=10000000
2026-09-03T14:14:37.507971Z  INFO herdr::logging: pane child spawned event="pane.spawned" subsystem="pane" outcome="ok" pane_id=12 pid=240653
2026-09-03T14:14:37.508108Z  INFO herdr::logging: spawning pane terminal event="pane.spawn.start" subsystem="pane" outcome="started" pane_id=13 rows=24 cols=80 scrollback_limit_bytes=10000000
2026-09-03T14:14:37.509183Z  INFO herdr::logging: pane child spawned event="pane.spawned" subsystem="pane" outcome="ok" pane_id=13 pid=240690
2026-09-03T14:14:37.509330Z  INFO herdr::logging: spawning pane terminal event="pane.spawn.start" subsystem="pane" outcome="started" pane_id=14 rows=24 cols=80 scrollback_limit_bytes=10000000
2026-09-03T14:14:37.510583Z  INFO herdr::logging: pane child spawned event="pane.spawned" subsystem="pane" outcome="ok" pane_id=14 pid=240718
2026-09-03T14:14:37.510763Z  INFO herdr::logging: spawning pane terminal event="pane.spawn.start" subsystem="pane" outcome="started" pane_id=15 rows=24 cols=80 scrollback_limit_bytes=10000000
2026-09-03T14:14:37.512104Z  INFO herdr::logging: pane child spawned event="pane.spawned" subsystem="pane" outcome="ok" pane_id=15 pid=240743
2026-09-03T14:14:37.512273Z  INFO herdr::logging: spawning pane terminal event="pane.spawn.start" subsystem="pane" outcome="started" pane_id=16 rows=24 cols=80 scrollback_limit_bytes=10000000
2026-09-03T14:14:37.525823Z  INFO herdr::logging: pane child spawned event="pane.spawned" subsystem="pane" outcome="ok" pane_id=16 pid=241167
2026-09-03T14:14:37.526152Z  INFO herdr::logging: session restore evaluated event="persist.restore" subsystem="persist" outcome="ok" workspaces=3
2026-09-03T14:14:37.526172Z  INFO herdr::app: using pane scrollback configuration pane_scrollback_limit_bytes=10000000
2026-09-03T14:14:37.554040Z  INFO herdr::logging: checking for updates event="update.check.start" subsystem="update" outcome="started"
2026-09-03T14:14:37.555104Z  INFO herdr::server::headless: restored session already has workspaces; ignoring startup cwd cwd=/home/mbv
2026-09-03T14:14:37.555637Z  INFO herdr::server::headless: client protocol socket listening path=/home/mbv/.config/herdr/herdr-client.sock
2026-09-03T14:14:37.555665Z  INFO herdr::server::headless: herdr server started api_socket=/home/mbv/.config/herdr/herdr.sock client_socket=/home/mbv/.config/herdr/herdr-client.sock
2026-09-03T14:14:37.555855Z  INFO herdr::logging: herdr starting event="app.startup" subsystem="server" outcome="started" pid=240582
2026-09-03T14:14:37.598480Z  INFO herdr::server::headless: client connected client_id=2 cols=93 rows=45 cell_width_px=0 cell_height_px=0 render_encoding=TerminalAnsi
2026-09-03T14:14:43.111152Z  INFO herdr::server::headless: client resize client_id=2 cols=93 rows=22 cell_width_px=0 cell_height_px=0
2026-09-03T14:31:58.967882Z  INFO herdr::server::headless: server shutdown initiated
2026-09-03T14:31:58.968743Z  INFO herdr::logging: pane child exited event="pane.exit" subsystem="pane" outcome="completed" pane_id=1 status="ExitStatus { code: 1, signal: Some(\"Hangup\") }"
2026-09-03T14:31:58.968792Z  INFO herdr::logging: pane child exited event="pane.exit" subsystem="pane" outcome="completed" pane_id=4 status="ExitStatus { code: 1, signal: Some(\"Hangup\") }"
2026-09-03T14:31:58.968904Z  INFO herdr::logging: pane child exited event="pane.exit" subsystem="pane" outcome="completed" pane_id=5 status="ExitStatus { code: 1, signal: Some(\"Hangup\") }"
2026-09-03T14:31:58.968917Z  INFO herdr::logging: pane child exited event="pane.exit" subsystem="pane" outcome="completed" pane_id=6 status="ExitStatus { code: 1, signal: Some(\"Hangup\") }"
2026-09-03T14:31:58.968933Z  INFO herdr::logging: pane child exited event="pane.exit" subsystem="pane" outcome="completed" pane_id=3 status="ExitStatus { code: 1, signal: Some(\"Hangup\") }"
2026-09-03T14:31:58.969131Z  INFO herdr::logging: pane child exited event="pane.exit" subsystem="pane" outcome="completed" pane_id=8 status="ExitStatus { code: 1, signal: Some(\"Hangup\") }"
2026-09-03T14:31:58.969166Z  INFO herdr::logging: pane child exited event="pane.exit" subsystem="pane" outcome="completed" pane_id=10 status="ExitStatus { code: 1, signal: Some(\"Hangup\") }"
2026-09-03T14:31:58.969284Z  INFO herdr::logging: pane child exited event="pane.exit" subsystem="pane" outcome="completed" pane_id=2 status="ExitStatus { code: 1, signal: Some(\"Hangup\") }"
2026-09-03T14:31:58.969565Z  INFO herdr::logging: pane child exited event="pane.exit" subsystem="pane" outcome="completed" pane_id=12 status="ExitStatus { code: 1, signal: Some(\"Hangup\") }"
2026-09-03T14:31:58.969555Z  INFO herdr::logging: pane child exited event="pane.exit" subsystem="pane" outcome="completed" pane_id=11 status="ExitStatus { code: 1, signal: Some(\"Hangup\") }"
2026-09-03T14:31:58.969639Z  INFO herdr::logging: pane child exited event="pane.exit" subsystem="pane" outcome="completed" pane_id=7 status="ExitStatus { code: 1, signal: Some(\"Hangup\") }"
2026-09-03T14:31:58.969663Z  INFO herdr::logging: pane child exited event="pane.exit" subsystem="pane" outcome="completed" pane_id=9 status="ExitStatus { code: 1, signal: Some(\"Hangup\") }"
2026-09-03T14:31:58.969682Z  INFO herdr::logging: pane child exited event="pane.exit" subsystem="pane" outcome="completed" pane_id=13 status="ExitStatus { code: 1, signal: Some(\"Hangup\") }"
2026-09-03T14:31:58.969786Z  INFO herdr::logging: pane child exited event="pane.exit" subsystem="pane" outcome="completed" pane_id=15 status="ExitStatus { code: 1, signal: Some(\"Hangup\") }"
2026-09-03T14:31:58.969806Z  INFO herdr::logging: pane child exited event="pane.exit" subsystem="pane" outcome="completed" pane_id=16 status="ExitStatus { code: 1, signal: Some(\"Hangup\") }"
2026-09-03T14:31:58.970013Z  INFO herdr::logging: pane child exited event="pane.exit" subsystem="pane" outcome="completed" pane_id=14 status="ExitStatus { code: 1, signal: Some(\"Hangup\") }"
2026-09-03T14:31:59.018331Z  INFO herdr::server::headless: completing server shutdown
2026-09-03T14:31:59.068783Z  INFO herdr::logging: session saved event="persist.save" subsystem="persist" outcome="ok" path=/home/mbv/.config/herdr/session.json workspaces=3
2026-09-03T14:31:59.068804Z  INFO herdr::server::headless: headless server exiting
2026-09-03T14:31:59.068875Z  INFO herdr::pane: pane session terminated pane=14 pid=240718 signal=Hangup
2026-09-03T14:31:59.068891Z  INFO herdr::pane: pane session terminated pane=11 pid=240648 signal=Hangup
2026-09-03T14:31:59.068904Z  INFO herdr::pane: pane session terminated pane=7 pid=240634 signal=Hangup
2026-09-03T14:31:59.068916Z  INFO herdr::pane: pane session terminated pane=9 pid=240640 signal=Hangup
2026-09-03T14:31:59.068927Z  INFO herdr::pane: pane session terminated pane=15 pid=240743 signal=Hangup
2026-09-03T14:31:59.069157Z  INFO herdr::pane: pane session terminated pane=16 pid=241167 signal=Hangup
2026-09-03T14:31:59.069204Z  INFO herdr::pane: pane session terminated pane=3 pid=240622 signal=Hangup
2026-09-03T14:31:59.069249Z  INFO herdr::pane: pane session terminated pane=2 pid=240619 signal=Hangup
2026-09-03T14:31:59.069295Z  INFO herdr::pane: pane session terminated pane=10 pid=240645 signal=Hangup
2026-09-03T14:31:59.069344Z  INFO herdr::pane: pane session terminated pane=8 pid=240637 signal=Hangup
2026-09-03T14:31:59.069431Z  INFO herdr::pane: pane session terminated pane=12 pid=240653 signal=Hangup
2026-09-03T14:31:59.069514Z  INFO herdr::pane: pane session terminated pane=5 pid=240628 signal=Hangup
2026-09-03T14:31:59.069554Z  INFO herdr::pane: pane session terminated pane=1 pid=240616 signal=Hangup
2026-09-03T14:31:59.069627Z  INFO herdr::pane: pane session terminated pane=4 pid=240625 signal=Hangup
2026-09-03T14:31:59.069669Z  INFO herdr::pane: pane session terminated pane=13 pid=240690 signal=Hangup
2026-09-03T14:31:59.069723Z  INFO herdr::pane: pane session terminated pane=6 pid=240631 signal=Hangup
2026-09-03T14:31:59.070959Z  INFO herdr::logging: herdr exiting event="app.shutdown" subsystem="server" outcome="completed" pid=240582
2026-09-08T10:24:21.948501Z  INFO herdr::api::server: api server listening path=/home/mbv/.config/herdr/herdr.sock
2026-09-08T10:24:21.949855Z  INFO herdr::logging: spawning pane terminal event="pane.spawn.start" subsystem="pane" outcome="started" pane_id=1 rows=24 cols=80 scrollback_limit_bytes=10000000
2026-09-08T10:24:21.950628Z  INFO herdr::logging: pane child spawned event="pane.spawned" subsystem="pane" outcome="ok" pane_id=1 pid=331699
2026-09-08T10:24:21.950745Z  INFO herdr::logging: spawning pane terminal event="pane.spawn.start" subsystem="pane" outcome="started" pane_id=2 rows=24 cols=80 scrollback_limit_bytes=10000000
2026-09-08T10:24:21.951417Z  INFO herdr::logging: pane child spawned event="pane.spawned" subsystem="pane" outcome="ok" pane_id=2 pid=331702
2026-09-08T10:24:21.951520Z  INFO herdr::logging: spawning pane terminal event="pane.spawn.start" subsystem="pane" outcome="started" pane_id=3 rows=24 cols=80 scrollback_limit_bytes=10000000
2026-09-08T10:24:21.952134Z  INFO herdr::logging: pane child spawned event="pane.spawned" subsystem="pane" outcome="ok" pane_id=3 pid=331705
2026-09-08T10:24:21.952766Z  INFO herdr::logging: spawning pane terminal event="pane.spawn.start" subsystem="pane" outcome="started" pane_id=4 rows=24 cols=80 scrollback_limit_bytes=10000000
2026-09-08T10:24:21.953522Z  INFO herdr::logging: pane child spawned event="pane.spawned" subsystem="pane" outcome="ok" pane_id=4 pid=331708
2026-09-08T10:24:21.953623Z  INFO herdr::logging: spawning pane terminal event="pane.spawn.start" subsystem="pane" outcome="started" pane_id=5 rows=24 cols=80 scrollback_limit_bytes=10000000
2026-09-08T10:24:21.954349Z  INFO herdr::logging: pane child spawned event="pane.spawned" subsystem="pane" outcome="ok" pane_id=5 pid=331711
2026-09-08T10:24:21.954463Z  INFO herdr::logging: spawning pane terminal event="pane.spawn.start" subsystem="pane" outcome="started" pane_id=6 rows=24 cols=80 scrollback_limit_bytes=10000000
2026-09-08T10:24:21.955174Z  INFO herdr::logging: pane child spawned event="pane.spawned" subsystem="pane" outcome="ok" pane_id=6 pid=331714
2026-09-08T10:24:21.955278Z  INFO herdr::logging: spawning pane terminal event="pane.spawn.start" subsystem="pane" outcome="started" pane_id=7 rows=24 cols=80 scrollback_limit_bytes=10000000
2026-09-08T10:24:21.955986Z  INFO herdr::logging: pane child spawned event="pane.spawned" subsystem="pane" outcome="ok" pane_id=7 pid=331717
2026-09-08T10:24:21.956151Z  INFO herdr::logging: spawning pane terminal event="pane.spawn.start" subsystem="pane" outcome="started" pane_id=8 rows=24 cols=80 scrollback_limit_bytes=10000000
2026-09-08T10:24:21.956919Z  INFO herdr::logging: pane child spawned event="pane.spawned" subsystem="pane" outcome="ok" pane_id=8 pid=331720
2026-09-08T10:24:21.957020Z  INFO herdr::logging: spawning pane terminal event="pane.spawn.start" subsystem="pane" outcome="started" pane_id=9 rows=24 cols=80 scrollback_limit_bytes=10000000
2026-09-08T10:24:21.957799Z  INFO herdr::logging: pane child spawned event="pane.spawned" subsystem="pane" outcome="ok" pane_id=9 pid=331724
2026-09-08T10:24:21.957946Z  INFO herdr::logging: spawning pane terminal event="pane.spawn.start" subsystem="pane" outcome="started" pane_id=10 rows=24 cols=80 scrollback_limit_bytes=10000000
2026-09-08T10:24:21.958905Z  INFO herdr::logging: pane child spawned event="pane.spawned" subsystem="pane" outcome="ok" pane_id=10 pid=331727
2026-09-08T10:24:21.959025Z  INFO herdr::logging: spawning pane terminal event="pane.spawn.start" subsystem="pane" outcome="started" pane_id=11 rows=24 cols=80 scrollback_limit_bytes=10000000
2026-09-08T10:24:21.959891Z  INFO herdr::logging: pane child spawned event="pane.spawned" subsystem="pane" outcome="ok" pane_id=11 pid=331732
2026-09-08T10:24:21.959997Z  INFO herdr::logging: spawning pane terminal event="pane.spawn.start" subsystem="pane" outcome="started" pane_id=12 rows=24 cols=80 scrollback_limit_bytes=10000000
2026-09-08T10:24:21.961034Z  INFO herdr::logging: pane child spawned event="pane.spawned" subsystem="pane" outcome="ok" pane_id=12 pid=331743
2026-09-08T10:24:21.961183Z  INFO herdr::logging: spawning pane terminal event="pane.spawn.start" subsystem="pane" outcome="started" pane_id=13 rows=24 cols=80 scrollback_limit_bytes=10000000
2026-09-08T10:24:21.962128Z  INFO herdr::logging: pane child spawned event="pane.spawned" subsystem="pane" outcome="ok" pane_id=13 pid=331756
2026-09-08T10:24:21.962231Z  INFO herdr::logging: spawning pane terminal event="pane.spawn.start" subsystem="pane" outcome="started" pane_id=14 rows=24 cols=80 scrollback_limit_bytes=10000000
2026-09-08T10:24:21.963110Z  INFO herdr::logging: pane child spawned event="pane.spawned" subsystem="pane" outcome="ok" pane_id=14 pid=331792
2026-09-08T10:24:21.963236Z  INFO herdr::logging: spawning pane terminal event="pane.spawn.start" subsystem="pane" outcome="started" pane_id=15 rows=24 cols=80 scrollback_limit_bytes=10000000
2026-09-08T10:24:21.964164Z  INFO herdr::logging: pane child spawned event="pane.spawned" subsystem="pane" outcome="ok" pane_id=15 pid=331814
2026-09-08T10:24:21.964296Z  INFO herdr::logging: spawning pane terminal event="pane.spawn.start" subsystem="pane" outcome="started" pane_id=16 rows=24 cols=80 scrollback_limit_bytes=10000000
2026-09-08T10:24:21.977664Z  INFO herdr::logging: pane child spawned event="pane.spawned" subsystem="pane" outcome="ok" pane_id=16 pid=332213
2026-09-08T10:24:21.977926Z  INFO herdr::logging: session restore evaluated event="persist.restore" subsystem="persist" outcome="ok" workspaces=3
2026-09-08T10:24:21.977947Z  INFO herdr::app: using pane scrollback configuration pane_scrollback_limit_bytes=10000000
2026-09-08T10:24:22.007077Z  INFO herdr::logging: checking for updates event="update.check.start" subsystem="update" outcome="started"
2026-09-08T10:24:22.008606Z  INFO herdr::server::headless: restored session already has workspaces; ignoring startup cwd cwd=/home/mbv
2026-09-08T10:24:22.009141Z  INFO herdr::server::headless: client protocol socket listening path=/home/mbv/.config/herdr/herdr-client.sock
2026-09-08T10:24:22.009174Z  INFO herdr::server::headless: herdr server started api_socket=/home/mbv/.config/herdr/herdr.sock client_socket=/home/mbv/.config/herdr/herdr-client.sock
2026-09-08T10:24:22.009425Z  INFO herdr::logging: herdr starting event="app.startup" subsystem="server" outcome="started" pid=331665
2026-09-08T10:24:22.049721Z  INFO herdr::server::headless: client connected client_id=2 cols=186 rows=50 cell_width_px=0 cell_height_px=0 render_encoding=TerminalAnsi
2026-09-08T10:24:22.134990Z  WARN herdr::detect::manifest_update: skipping unknown remote manifest agent agent="muse"
2026-09-08T10:24:22.148754Z  INFO herdr::logging: update available event="update.available" subsystem="update" outcome="ok" version="0.9.0"
2026-09-08T10:24:22.148762Z  INFO herdr::update: new stable build available at https://github.com/herdrdev/herdr/releases/download/v0.9.0/herdr-linux-x86_64
2026-09-08T10:24:22.148986Z  INFO herdr::update: auto-update check: 0.9.0 available, waiting for explicit install
2026-09-08T10:25:49.399001Z  INFO herdr::server::headless: client connected client_id=4 cols=92 rows=50 cell_width_px=0 cell_height_px=0 render_encoding=TerminalAnsi
2026-09-08T10:26:01.524520Z  INFO herdr::server::headless: client resize client_id=4 cols=186 rows=50 cell_width_px=0 cell_height_px=0
2026-09-08T10:26:01.763006Z  INFO herdr::server::headless: client disconnected client_id=4
2026-09-08T10:26:01.765447Z  INFO herdr::server::headless: client disconnected client_id=2
2026-09-08T10:26:08.563184Z  INFO herdr::server::headless: client connected client_id=6 cols=186 rows=50 cell_width_px=0 cell_height_px=0 render_encoding=TerminalAnsi
2026-09-08T10:26:15.076248Z  INFO herdr::server::headless: client connected client_id=8 cols=186 rows=50 cell_width_px=0 cell_height_px=0 render_encoding=TerminalAnsi
2026-09-08T10:26:15.089293Z  INFO herdr::server::headless: client disconnected client_id=6
2026-09-08T10:26:24.590903Z  INFO herdr::server::headless: client connected client_id=10 cols=186 rows=50 cell_width_px=0 cell_height_px=0 render_encoding=TerminalAnsi
2026-09-08T10:26:24.616837Z  INFO herdr::server::headless: client disconnected client_id=8
2026-09-08T10:26:28.105639Z  INFO herdr::server::headless: client resize client_id=10 cols=92 rows=50 cell_width_px=0 cell_height_px=0
2026-09-08T10:26:28.908520Z  INFO herdr::server::headless: client resize client_id=10 cols=186 rows=50 cell_width_px=0 cell_height_px=0
2026-09-08T10:26:33.167035Z  INFO herdr::logging: tab focused event="tab.focus" subsystem="tab" outcome="ok" workspace_id="w8" tab_id="w8:t1"
2026-09-08T10:26:33.970729Z  INFO herdr::logging: tab focused event="tab.focus" subsystem="tab" outcome="ok" workspace_id="w8" tab_id="w8:t1"
2026-09-08T10:26:34.798843Z  INFO herdr::logging: pane child exited event="pane.exit" subsystem="pane" outcome="completed" pane_id=5 status="ExitStatus { code: 0, signal: None }"
2026-09-08T10:26:34.799916Z  INFO herdr::pane: pane session terminated pane=5 pid=331711 signal=Hangup
2026-09-08T10:26:39.801761Z  INFO herdr::logging: session saved event="persist.save" subsystem="persist" outcome="ok" path=/home/mbv/.config/herdr/session.json workspaces=3
2026-09-08T10:26:41.884336Z  INFO herdr::pane: agent changed pane=4 previous_agent=None agent=Some(Cursor) process=cursor pgid=Some(334696)
2026-09-08T10:26:50.318551Z  INFO herdr::pane: agent changed pane=4 previous_agent=Some(Cursor) agent=None pgid=Some(331708)
2026-09-08T10:26:56.841640Z  INFO herdr::pane: agent changed pane=4 previous_agent=None agent=Some(Cursor) process=cursor pgid=Some(335229)
2026-09-08T10:27:05.970521Z  INFO herdr::app::actions: copied double-clicked token to clipboard
2026-09-08T10:27:11.604802Z  INFO herdr::pane: agent changed pane=4 previous_agent=Some(Cursor) agent=None pgid=Some(331708)
2026-09-08T10:42:23.375171Z  INFO herdr::logging: tab focused event="tab.focus" subsystem="tab" outcome="ok" workspace_id="w8" tab_id="w8:t3"
2026-09-08T10:42:24.658177Z  INFO herdr::logging: spawning pane terminal event="pane.spawn.start" subsystem="pane" outcome="started" pane_id=17 rows=49 cols=160 scrollback_limit_bytes=10000000
2026-09-08T10:42:24.659620Z  INFO herdr::logging: pane child spawned event="pane.spawned" subsystem="pane" outcome="ok" pane_id=17 pid=337627
2026-09-08T10:42:24.659802Z  INFO herdr::logging: tab focused event="tab.focus" subsystem="tab" outcome="ok" workspace_id="w8" tab_id="w8:t4"
2026-09-08T10:42:29.662541Z  INFO herdr::logging: session saved event="persist.save" subsystem="persist" outcome="ok" path=/home/mbv/.config/herdr/session.json workspaces=3
2026-09-08T10:44:19.216355Z  INFO herdr::logging: pane child exited event="pane.exit" subsystem="pane" outcome="completed" pane_id=17 status="ExitStatus { code: 0, signal: None }"
2026-09-08T10:44:19.217402Z  INFO herdr::pane: pane session terminated pane=17 pid=337627 signal=Hangup
2026-09-08T10:44:20.206383Z  INFO herdr::logging: tab focused event="tab.focus" subsystem="tab" outcome="ok" workspace_id="w8" tab_id="w8:t1"
2026-09-08T10:44:25.207771Z  INFO herdr::logging: session saved event="persist.save" subsystem="persist" outcome="ok" path=/home/mbv/.config/herdr/session.json workspaces=3
2026-09-08T10:44:40.442478Z  INFO herdr::server::headless: client resize client_id=10 cols=92 rows=50 cell_width_px=0 cell_height_px=0
2026-09-08T10:44:44.245722Z  INFO herdr::server::headless: client resize client_id=10 cols=186 rows=50 cell_width_px=0 cell_height_px=0
2026-09-08T10:45:38.250256Z  INFO herdr::server::headless: client resize client_id=10 cols=92 rows=50 cell_width_px=0 cell_height_px=0
2026-09-08T10:51:28.553535Z  INFO herdr::server::headless: client resize client_id=10 cols=186 rows=50 cell_width_px=0 cell_height_px=0
2026-09-08T10:51:49.845802Z  INFO herdr::app::actions: copied selection to clipboard
2026-09-08T10:52:30.250488Z  INFO herdr::server::headless: client resize client_id=10 cols=92 rows=24 cell_width_px=0 cell_height_px=0
2026-09-08T10:52:33.557700Z  INFO herdr::server::headless: client resize client_id=10 cols=92 rows=50 cell_width_px=0 cell_height_px=0
2026-09-08T10:53:02.511067Z  INFO herdr::server::headless: client resize client_id=10 cols=186 rows=50 cell_width_px=0 cell_height_px=0
2026-09-08T10:54:22.168714Z  WARN herdr::detect::manifest_update: skipping unknown remote manifest agent agent="muse"
2026-09-08T11:10:15.647068Z  INFO herdr::pane: agent changed pane=4 previous_agent=None agent=Some(OpenCode) process=opencode pgid=Some(366672)
2026-09-08T11:24:22.110474Z  WARN herdr::detect::manifest_update: skipping unknown remote manifest agent agent="muse"
2026-09-08T11:39:50.803605Z  INFO herdr::logging: tab focused event="tab.focus" subsystem="tab" outcome="ok" workspace_id="w8" tab_id="w8:t3"
2026-09-08T11:39:50.803688Z  INFO herdr::logging: tab focused event="tab.focus" subsystem="tab" outcome="ok" workspace_id="w8" tab_id="w8:t3"
2026-09-08T11:39:50.809107Z  INFO herdr::logging: tab focused event="tab.focus" subsystem="tab" outcome="ok" workspace_id="w8" tab_id="w8:t3"
2026-09-08T11:39:50.809444Z  INFO herdr::logging: tab focused event="tab.focus" subsystem="tab" outcome="ok" workspace_id="w8" tab_id="w8:t3"
2026-09-08T11:39:50.839497Z  INFO herdr::logging: pane child exited event="pane.exit" subsystem="pane" outcome="completed" pane_id=7 status="ExitStatus { code: 130, signal: None }"
2026-09-08T11:39:50.839569Z  INFO herdr::pane: pane session terminated pane=7 pid=331717 signal=Hangup
2026-09-08T11:39:54.834466Z  INFO herdr::logging: spawning pane terminal event="pane.spawn.start" subsystem="pane" outcome="started" pane_id=18 rows=49 cols=160 scrollback_limit_bytes=10000000
2026-09-08T11:39:54.836183Z  INFO herdr::logging: pane child spawned event="pane.spawned" subsystem="pane" outcome="ok" pane_id=18 pid=393820
2026-09-08T11:39:54.836364Z  INFO herdr::logging: tab focused event="tab.focus" subsystem="tab" outcome="ok" workspace_id="w8" tab_id="w8:t5"
2026-09-08T11:39:58.364589Z  INFO herdr::logging: tab renamed event="tab.rename" subsystem="tab" outcome="ok" workspace_id="w8" tab_id="w8:t5"
2026-09-08T11:40:03.365711Z  INFO herdr::logging: session saved event="persist.save" subsystem="persist" outcome="ok" path=/home/mbv/.config/herdr/session.json workspaces=3
2026-09-08T11:44:43.883625Z  INFO herdr::logging: tab focused event="tab.focus" subsystem="tab" outcome="ok" workspace_id="w8" tab_id="w8:t1"
2026-09-08T11:44:48.884713Z  INFO herdr::logging: session saved event="persist.save" subsystem="persist" outcome="ok" path=/home/mbv/.config/herdr/session.json workspaces=3
2026-09-08T11:54:22.121229Z  WARN herdr::detect::manifest_update: skipping unknown remote manifest agent agent="muse"
2026-09-08T12:08:32.865033Z  INFO herdr::logging: tab focused event="tab.focus" subsystem="tab" outcome="ok" workspace_id="w8" tab_id="w8:t5"
2026-09-08T12:08:37.866548Z  INFO herdr::logging: session saved event="persist.save" subsystem="persist" outcome="ok" path=/home/mbv/.config/herdr/session.json workspaces=3
2026-09-08T12:24:22.162002Z  WARN herdr::detect::manifest_update: skipping unknown remote manifest agent agent="muse"
2026-09-08T12:54:22.120571Z  WARN herdr::detect::manifest_update: skipping unknown remote manifest agent agent="muse"
2026-09-08T12:59:08.893585Z  INFO herdr::logging: tab focused event="tab.focus" subsystem="tab" outcome="ok" workspace_id="w8" tab_id="w8:t1"
2026-09-08T12:59:13.894999Z  INFO herdr::logging: session saved event="persist.save" subsystem="persist" outcome="ok" path=/home/mbv/.config/herdr/session.json workspaces=3
2026-09-08T12:59:28.819210Z  INFO herdr::logging: tab focused event="tab.focus" subsystem="tab" outcome="ok" workspace_id="w8" tab_id="w8:t2"
2026-09-08T12:59:33.821529Z  INFO herdr::logging: session saved event="persist.save" subsystem="persist" outcome="ok" path=/home/mbv/.config/herdr/session.json workspaces=3
2026-09-08T13:03:26.183900Z  INFO herdr::pane: agent changed pane=6 previous_agent=None agent=Some(OpenCode) process=opencode pgid=Some(432270)
2026-09-08T13:03:31.965221Z  INFO herdr::logging: tab focused event="tab.focus" subsystem="tab" outcome="ok" workspace_id="w8" tab_id="w8:t1"
2026-09-08T13:03:32.671174Z  INFO herdr::logging: tab focused event="tab.focus" subsystem="tab" outcome="ok" workspace_id="w8" tab_id="w8:t2"
2026-09-08T13:03:33.412977Z  INFO herdr::pane: agent changed pane=6 previous_agent=Some(OpenCode) agent=None pgid=Some(331714)
2026-09-08T13:03:37.672578Z  INFO herdr::logging: session saved event="persist.save" subsystem="persist" outcome="ok" path=/home/mbv/.config/herdr/session.json workspaces=3
2026-09-08T13:06:08.019669Z  INFO herdr::logging: tab focused event="tab.focus" subsystem="tab" outcome="ok" workspace_id="w8" tab_id="w8:t1"
2026-09-08T13:06:13.021667Z  INFO herdr::logging: session saved event="persist.save" subsystem="persist" outcome="ok" path=/home/mbv/.config/herdr/session.json workspaces=3
2026-09-08T13:11:32.604068Z  INFO herdr::logging: tab focused event="tab.focus" subsystem="tab" outcome="ok" workspace_id="w8" tab_id="w8:t5"
2026-09-08T13:11:33.808035Z  INFO herdr::logging: tab focused event="tab.focus" subsystem="tab" outcome="ok" workspace_id="w8" tab_id="w8:t1"
2026-09-08T13:11:34.845354Z  INFO herdr::logging: tab focused event="tab.focus" subsystem="tab" outcome="ok" workspace_id="w8" tab_id="w8:t2"
2026-09-08T13:11:39.846498Z  INFO herdr::logging: session saved event="persist.save" subsystem="persist" outcome="ok" path=/home/mbv/.config/herdr/session.json workspaces=3
2026-09-08T13:18:57.185150Z  INFO herdr::logging: tab focused event="tab.focus" subsystem="tab" outcome="ok" workspace_id="w8" tab_id="w8:t1"
2026-09-08T13:19:01.900920Z  INFO herdr::logging: tab focused event="tab.focus" subsystem="tab" outcome="ok" workspace_id="w8" tab_id="w8:t2"
2026-09-08T13:19:06.902646Z  INFO herdr::logging: session saved event="persist.save" subsystem="persist" outcome="ok" path=/home/mbv/.config/herdr/session.json workspaces=3
2026-09-08T13:19:09.580284Z  INFO herdr::logging: tab focused event="tab.focus" subsystem="tab" outcome="ok" workspace_id="w8" tab_id="w8:t1"
2026-09-08T13:19:14.582098Z  INFO herdr::logging: session saved event="persist.save" subsystem="persist" outcome="ok" path=/home/mbv/.config/herdr/session.json workspaces=3
2026-09-08T13:24:22.224788Z  WARN herdr::detect::manifest_update: skipping unknown remote manifest agent agent="muse"
2026-09-08T13:25:39.145392Z  INFO herdr::server::headless: client resize client_id=10 cols=92 rows=50 cell_width_px=0 cell_height_px=0
2026-09-08T13:25:41.708316Z  INFO herdr::server::headless: client resize client_id=10 cols=186 rows=50 cell_width_px=0 cell_height_px=0
2026-09-08T13:25:47.654657Z  INFO herdr::logging: tab focused event="tab.focus" subsystem="tab" outcome="ok" workspace_id="w8" tab_id="w8:t2"
2026-09-08T13:25:52.655642Z  INFO herdr::logging: session saved event="persist.save" subsystem="persist" outcome="ok" path=/home/mbv/.config/herdr/session.json workspaces=3
2026-09-08T13:25:56.583653Z  INFO herdr::logging: tab focused event="tab.focus" subsystem="tab" outcome="ok" workspace_id="w8" tab_id="w8:t1"
2026-09-08T13:26:01.585269Z  INFO herdr::logging: session saved event="persist.save" subsystem="persist" outcome="ok" path=/home/mbv/.config/herdr/session.json workspaces=3
2026-09-08T13:26:03.225542Z  INFO herdr::logging: tab focused event="tab.focus" subsystem="tab" outcome="ok" workspace_id="w8" tab_id="w8:t2"
2026-09-08T13:26:08.226530Z  INFO herdr::logging: session saved event="persist.save" subsystem="persist" outcome="ok" path=/home/mbv/.config/herdr/session.json workspaces=3
2026-09-08T13:26:08.944285Z  INFO herdr::logging: tab focused event="tab.focus" subsystem="tab" outcome="ok" workspace_id="w8" tab_id="w8:t1"
2026-09-08T13:26:13.945938Z  INFO herdr::logging: session saved event="persist.save" subsystem="persist" outcome="ok" path=/home/mbv/.config/herdr/session.json workspaces=3
2026-09-08T13:27:55.965741Z  INFO herdr::logging: tab focused event="tab.focus" subsystem="tab" outcome="ok" workspace_id="w8" tab_id="w8:t2"
2026-09-08T13:28:00.756487Z  INFO herdr::logging: tab focused event="tab.focus" subsystem="tab" outcome="ok" workspace_id="w8" tab_id="w8:t1"
2026-09-08T13:28:05.757742Z  INFO herdr::logging: session saved event="persist.save" subsystem="persist" outcome="ok" path=/home/mbv/.config/herdr/session.json workspaces=3
2026-09-08T13:28:26.156895Z  INFO herdr::logging: tab focused event="tab.focus" subsystem="tab" outcome="ok" workspace_id="w8" tab_id="w8:t2"
2026-09-08T13:28:28.077150Z  INFO herdr::logging: tab focused event="tab.focus" subsystem="tab" outcome="ok" workspace_id="w8" tab_id="w8:t1"
2026-09-08T13:28:33.078500Z  INFO herdr::logging: session saved event="persist.save" subsystem="persist" outcome="ok" path=/home/mbv/.config/herdr/session.json workspaces=3
2026-09-08T13:35:21.510749Z  INFO herdr::logging: spawning pane terminal event="pane.spawn.start" subsystem="pane" outcome="started" pane_id=19 rows=49 cols=160 scrollback_limit_bytes=10000000
2026-09-08T13:35:21.512435Z  INFO herdr::logging: pane child spawned event="pane.spawned" subsystem="pane" outcome="ok" pane_id=19 pid=439779
2026-09-08T13:35:21.512621Z  INFO herdr::logging: tab focused event="tab.focus" subsystem="tab" outcome="ok" workspace_id="w8" tab_id="w8:t6"
2026-09-08T13:35:22.848203Z  INFO herdr::logging: pane child exited event="pane.exit" subsystem="pane" outcome="completed" pane_id=19 status="ExitStatus { code: 0, signal: None }"
2026-09-08T13:35:22.849448Z  INFO herdr::pane: pane session terminated pane=19 pid=439779 signal=Hangup
2026-09-08T13:35:27.851000Z  INFO herdr::logging: session saved event="persist.save" subsystem="persist" outcome="ok" path=/home/mbv/.config/herdr/session.json workspaces=3
2026-09-08T13:35:28.401986Z  INFO herdr::logging: spawning pane terminal event="pane.spawn.start" subsystem="pane" outcome="started" pane_id=20 rows=49 cols=160 scrollback_limit_bytes=10000000
2026-09-08T13:35:28.403755Z  INFO herdr::logging: pane child spawned event="pane.spawned" subsystem="pane" outcome="ok" pane_id=20 pid=440094
2026-09-08T13:35:28.403938Z  INFO herdr::logging: workspace created event="workspace.create" subsystem="workspace" outcome="ok" workspace_id="wA" pane_id=20
2026-09-08T13:35:28.403943Z  INFO herdr::logging: workspace focused event="workspace.focus" subsystem="workspace" outcome="ok" workspace_id="wA"
2026-09-08T13:35:28.403966Z  INFO herdr::logging: tab focused event="tab.focus" subsystem="tab" outcome="ok" workspace_id="wA" tab_id="wA:t1"
2026-09-08T13:35:33.406165Z  INFO herdr::logging: session saved event="persist.save" subsystem="persist" outcome="ok" path=/home/mbv/.config/herdr/session.json workspaces=4
2026-09-08T13:35:53.713589Z  INFO herdr::logging: workspace focused event="workspace.focus" subsystem="workspace" outcome="ok" workspace_id="w8"
2026-09-08T13:35:53.713632Z  INFO herdr::logging: tab focused event="tab.focus" subsystem="tab" outcome="ok" workspace_id="w8" tab_id="w8:t5"
2026-09-08T13:35:58.026384Z  INFO herdr::logging: tab focused event="tab.focus" subsystem="tab" outcome="ok" workspace_id="w8" tab_id="w8:t1"
2026-09-08T13:36:03.027477Z  INFO herdr::logging: session saved event="persist.save" subsystem="persist" outcome="ok" path=/home/mbv/.config/herdr/session.json workspaces=4
2026-09-08T13:40:37.849007Z  INFO herdr::pane: agent changed pane=4 previous_agent=Some(OpenCode) agent=None pgid=Some(331708)
2026-09-08T13:40:46.635872Z  INFO herdr::logging: workspace focused event="workspace.focus" subsystem="workspace" outcome="ok" workspace_id="w9"
2026-09-08T13:40:46.635916Z  INFO herdr::logging: tab focused event="tab.focus" subsystem="tab" outcome="ok" workspace_id="w9" tab_id="w9:t1"
2026-09-08T13:40:51.349808Z  INFO herdr::logging: workspace focused event="workspace.focus" subsystem="workspace" outcome="ok" workspace_id="wA"
2026-09-08T13:40:51.349849Z  INFO herdr::logging: tab focused event="tab.focus" subsystem="tab" outcome="ok" workspace_id="wA" tab_id="wA:t1"
2026-09-08T13:40:56.351926Z  INFO herdr::logging: session saved event="persist.save" subsystem="persist" outcome="ok" path=/home/mbv/.config/herdr/session.json workspaces=4
2026-09-08T13:44:32.867572Z  INFO herdr::logging: workspace focused event="workspace.focus" subsystem="workspace" outcome="ok" workspace_id="w8"
2026-09-08T13:44:32.867615Z  INFO herdr::logging: tab focused event="tab.focus" subsystem="tab" outcome="ok" workspace_id="w8" tab_id="w8:t1"
2026-09-08T13:44:34.388423Z  INFO herdr::logging: workspace focused event="workspace.focus" subsystem="workspace" outcome="ok" workspace_id="wA"
2026-09-08T13:44:34.388467Z  INFO herdr::logging: tab focused event="tab.focus" subsystem="tab" outcome="ok" workspace_id="wA" tab_id="wA:t1"
2026-09-08T13:44:39.389795Z  INFO herdr::logging: session saved event="persist.save" subsystem="persist" outcome="ok" path=/home/mbv/.config/herdr/session.json workspaces=4
2026-09-08T13:48:59.223694Z  INFO herdr::server::headless: server shutdown initiated
2026-09-08T13:48:59.224583Z  INFO herdr::logging: pane child exited event="pane.exit" subsystem="pane" outcome="completed" pane_id=3 status="ExitStatus { code: 1, signal: Some(\"Hangup\") }"
2026-09-08T13:48:59.224583Z  INFO herdr::logging: pane child exited event="pane.exit" subsystem="pane" outcome="completed" pane_id=2 status="ExitStatus { code: 1, signal: Some(\"Hangup\") }"
2026-09-08T13:48:59.225032Z  INFO herdr::logging: pane child exited event="pane.exit" subsystem="pane" outcome="completed" pane_id=8 status="ExitStatus { code: 1, signal: Some(\"Hangup\") }"
2026-09-08T13:48:59.225082Z  INFO herdr::logging: pane child exited event="pane.exit" subsystem="pane" outcome="completed" pane_id=1 status="ExitStatus { code: 1, signal: Some(\"Hangup\") }"
2026-09-08T13:48:59.225127Z  INFO herdr::logging: pane child exited event="pane.exit" subsystem="pane" outcome="completed" pane_id=9 status="ExitStatus { code: 1, signal: Some(\"Hangup\") }"
2026-09-08T13:48:59.225163Z  INFO herdr::logging: pane child exited event="pane.exit" subsystem="pane" outcome="completed" pane_id=4 status="ExitStatus { code: 1, signal: Some(\"Hangup\") }"
2026-09-08T13:48:59.225200Z  INFO herdr::logging: pane child exited event="pane.exit" subsystem="pane" outcome="completed" pane_id=13 status="ExitStatus { code: 1, signal: Some(\"Hangup\") }"
2026-09-08T13:48:59.225230Z  INFO herdr::logging: pane child exited event="pane.exit" subsystem="pane" outcome="completed" pane_id=12 status="ExitStatus { code: 1, signal: Some(\"Hangup\") }"
2026-09-08T13:48:59.225268Z  INFO herdr::logging: pane child exited event="pane.exit" subsystem="pane" outcome="completed" pane_id=11 status="ExitStatus { code: 1, signal: Some(\"Hangup\") }"
2026-09-08T13:48:59.225288Z  INFO herdr::logging: pane child exited event="pane.exit" subsystem="pane" outcome="completed" pane_id=15 status="ExitStatus { code: 1, signal: Some(\"Hangup\") }"
2026-09-08T13:48:59.225275Z  INFO herdr::logging: pane child exited event="pane.exit" subsystem="pane" outcome="completed" pane_id=6 status="ExitStatus { code: 1, signal: Some(\"Hangup\") }"
2026-09-08T13:48:59.225302Z  INFO herdr::logging: pane child exited event="pane.exit" subsystem="pane" outcome="completed" pane_id=14 status="ExitStatus { code: 1, signal: Some(\"Hangup\") }"
2026-09-08T13:48:59.225276Z  INFO herdr::logging: pane child exited event="pane.exit" subsystem="pane" outcome="completed" pane_id=10 status="ExitStatus { code: 1, signal: Some(\"Hangup\") }"
2026-09-08T13:48:59.225269Z  INFO herdr::logging: pane child exited event="pane.exit" subsystem="pane" outcome="completed" pane_id=16 status="ExitStatus { code: 1, signal: Some(\"Hangup\") }"
2026-09-08T13:48:59.225311Z  INFO herdr::logging: pane child exited event="pane.exit" subsystem="pane" outcome="completed" pane_id=20 status="ExitStatus { code: 1, signal: Some(\"Hangup\") }"
2026-09-08T13:48:59.273802Z  INFO herdr::server::headless: completing server shutdown
2026-09-08T13:48:59.324790Z  INFO herdr::logging: session saved event="persist.save" subsystem="persist" outcome="ok" path=/home/mbv/.config/herdr/session.json workspaces=4
2026-09-08T13:48:59.324810Z  INFO herdr::server::headless: headless server exiting
2026-09-08T13:48:59.324881Z  INFO herdr::pane: pane session terminated pane=20 pid=440094 signal=Hangup
2026-09-08T13:48:59.324949Z  INFO herdr::pane: pane session terminated pane=9 pid=331724 signal=Hangup
2026-09-08T13:48:59.324991Z  INFO herdr::pane: pane session terminated pane=12 pid=331743 signal=Hangup
2026-09-08T13:48:59.325031Z  INFO herdr::pane: pane session terminated pane=4 pid=331708 signal=Hangup
2026-09-08T13:48:59.325078Z  INFO herdr::pane: pane session terminated pane=3 pid=331705 signal=Hangup
2026-09-08T13:48:59.325115Z  INFO herdr::pane: pane session terminated pane=6 pid=331714 signal=Hangup
2026-09-08T13:48:59.325189Z  INFO herdr::pane: pane session terminated pane=8 pid=331720 signal=Hangup
2026-09-08T13:48:59.325865Z  INFO herdr::logging: pane child exited event="pane.exit" subsystem="pane" outcome="completed" pane_id=18 status="ExitStatus { code: 1, signal: Some(\"Hangup\") }"
2026-09-08T13:48:59.330022Z  INFO herdr::pane: pane session terminated pane=18 pid=393820 signal=Hangup
2026-09-08T13:48:59.330072Z  INFO herdr::pane: pane session terminated pane=1 pid=331699 signal=Hangup
2026-09-08T13:48:59.330114Z  INFO herdr::pane: pane session terminated pane=10 pid=331727 signal=Hangup
2026-09-08T13:48:59.330156Z  INFO herdr::pane: pane session terminated pane=16 pid=332213 signal=Hangup
2026-09-08T13:48:59.330202Z  INFO herdr::pane: pane session terminated pane=11 pid=331732 signal=Hangup
2026-09-08T13:48:59.330239Z  INFO herdr::pane: pane session terminated pane=13 pid=331756 signal=Hangup
2026-09-08T13:48:59.330275Z  INFO herdr::pane: pane session terminated pane=14 pid=331792 signal=Hangup
2026-09-08T13:48:59.330311Z  INFO herdr::pane: pane session terminated pane=15 pid=331814 signal=Hangup
2026-09-08T13:48:59.330349Z  INFO herdr::pane: pane session terminated pane=2 pid=331702 signal=Hangup
2026-09-08T13:48:59.331610Z  INFO herdr::logging: herdr exiting event="app.shutdown" subsystem="server" outcome="completed" pid=331665
2026-09-08T13:57:14.415226Z  INFO herdr::api::server: api server listening path=/home/mbv/.config/herdr/herdr.sock
2026-09-08T13:57:14.416683Z  INFO herdr::logging: spawning pane terminal event="pane.spawn.start" subsystem="pane" outcome="started" pane_id=1 rows=24 cols=80 scrollback_limit_bytes=10000000
2026-09-08T13:57:14.417413Z  INFO herdr::logging: pane child spawned event="pane.spawned" subsystem="pane" outcome="ok" pane_id=1 pid=5549
2026-09-08T13:57:14.417548Z  INFO herdr::logging: spawning pane terminal event="pane.spawn.start" subsystem="pane" outcome="started" pane_id=2 rows=24 cols=80 scrollback_limit_bytes=10000000
2026-09-08T13:57:14.418176Z  INFO herdr::logging: pane child spawned event="pane.spawned" subsystem="pane" outcome="ok" pane_id=2 pid=5552
2026-09-08T13:57:14.418285Z  INFO herdr::logging: spawning pane terminal event="pane.spawn.start" subsystem="pane" outcome="started" pane_id=3 rows=24 cols=80 scrollback_limit_bytes=10000000
2026-09-08T13:57:14.418893Z  INFO herdr::logging: pane child spawned event="pane.spawned" subsystem="pane" outcome="ok" pane_id=3 pid=5555
2026-09-08T13:57:14.419815Z  INFO herdr::logging: spawning pane terminal event="pane.spawn.start" subsystem="pane" outcome="started" pane_id=4 rows=24 cols=80 scrollback_limit_bytes=10000000
2026-09-08T13:57:14.420412Z  INFO herdr::logging: pane child spawned event="pane.spawned" subsystem="pane" outcome="ok" pane_id=4 pid=5558
2026-09-08T13:57:14.420519Z  INFO herdr::logging: spawning pane terminal event="pane.spawn.start" subsystem="pane" outcome="started" pane_id=5 rows=24 cols=80 scrollback_limit_bytes=10000000
2026-09-08T13:57:14.421206Z  INFO herdr::logging: pane child spawned event="pane.spawned" subsystem="pane" outcome="ok" pane_id=5 pid=5561
2026-09-08T13:57:14.421319Z  INFO herdr::logging: spawning pane terminal event="pane.spawn.start" subsystem="pane" outcome="started" pane_id=6 rows=24 cols=80 scrollback_limit_bytes=10000000
2026-09-08T13:57:14.421990Z  INFO herdr::logging: pane child spawned event="pane.spawned" subsystem="pane" outcome="ok" pane_id=6 pid=5564
2026-09-08T13:57:14.422472Z  INFO herdr::logging: spawning pane terminal event="pane.spawn.start" subsystem="pane" outcome="started" pane_id=7 rows=24 cols=80 scrollback_limit_bytes=10000000
2026-09-08T13:57:14.423183Z  INFO herdr::logging: pane child spawned event="pane.spawned" subsystem="pane" outcome="ok" pane_id=7 pid=5567
2026-09-08T13:57:14.423316Z  INFO herdr::logging: spawning pane terminal event="pane.spawn.start" subsystem="pane" outcome="started" pane_id=8 rows=24 cols=80 scrollback_limit_bytes=10000000
2026-09-08T13:57:14.424047Z  INFO herdr::logging: pane child spawned event="pane.spawned" subsystem="pane" outcome="ok" pane_id=8 pid=5570
2026-09-08T13:57:14.424318Z  INFO herdr::logging: spawning pane terminal event="pane.spawn.start" subsystem="pane" outcome="started" pane_id=9 rows=24 cols=80 scrollback_limit_bytes=10000000
2026-09-08T13:57:14.425051Z  INFO herdr::logging: pane child spawned event="pane.spawned" subsystem="pane" outcome="ok" pane_id=9 pid=5574
2026-09-08T13:57:14.425171Z  INFO herdr::logging: spawning pane terminal event="pane.spawn.start" subsystem="pane" outcome="started" pane_id=10 rows=24 cols=80 scrollback_limit_bytes=10000000
2026-09-08T13:57:14.425937Z  INFO herdr::logging: pane child spawned event="pane.spawned" subsystem="pane" outcome="ok" pane_id=10 pid=5579
2026-09-08T13:57:14.426047Z  INFO herdr::logging: spawning pane terminal event="pane.spawn.start" subsystem="pane" outcome="started" pane_id=11 rows=24 cols=80 scrollback_limit_bytes=10000000
2026-09-08T13:57:14.426849Z  INFO herdr::logging: pane child spawned event="pane.spawned" subsystem="pane" outcome="ok" pane_id=11 pid=5582
2026-09-08T13:57:14.426968Z  INFO herdr::logging: spawning pane terminal event="pane.spawn.start" subsystem="pane" outcome="started" pane_id=12 rows=24 cols=80 scrollback_limit_bytes=10000000
2026-09-08T13:57:14.427823Z  INFO herdr::logging: pane child spawned event="pane.spawned" subsystem="pane" outcome="ok" pane_id=12 pid=5586
2026-09-08T13:57:14.427935Z  INFO herdr::logging: spawning pane terminal event="pane.spawn.start" subsystem="pane" outcome="started" pane_id=13 rows=24 cols=80 scrollback_limit_bytes=10000000
2026-09-08T13:57:14.428837Z  INFO herdr::logging: pane child spawned event="pane.spawned" subsystem="pane" outcome="ok" pane_id=13 pid=5620
2026-09-08T13:57:14.428994Z  INFO herdr::logging: spawning pane terminal event="pane.spawn.start" subsystem="pane" outcome="started" pane_id=14 rows=24 cols=80 scrollback_limit_bytes=10000000
2026-09-08T13:57:14.429918Z  INFO herdr::logging: pane child spawned event="pane.spawned" subsystem="pane" outcome="ok" pane_id=14 pid=5642
2026-09-08T13:57:14.430058Z  INFO herdr::logging: spawning pane terminal event="pane.spawn.start" subsystem="pane" outcome="started" pane_id=15 rows=24 cols=80 scrollback_limit_bytes=10000000
2026-09-08T13:57:14.431156Z  INFO herdr::logging: pane child spawned event="pane.spawned" subsystem="pane" outcome="ok" pane_id=15 pid=5660
2026-09-08T13:57:14.431635Z  INFO herdr::logging: spawning pane terminal event="pane.spawn.start" subsystem="pane" outcome="started" pane_id=16 rows=24 cols=80 scrollback_limit_bytes=10000000
2026-09-08T13:57:14.447193Z  INFO herdr::logging: pane child spawned event="pane.spawned" subsystem="pane" outcome="ok" pane_id=16 pid=6161
2026-09-08T13:57:14.447457Z  INFO herdr::logging: session restore evaluated event="persist.restore" subsystem="persist" outcome="ok" workspaces=4
2026-09-08T13:57:14.447475Z  INFO herdr::app: using pane scrollback configuration pane_scrollback_limit_bytes=10000000
2026-09-08T13:57:14.479004Z  INFO herdr::logging: checking for updates event="update.check.start" subsystem="update" outcome="started"
2026-09-08T13:57:14.480309Z  INFO herdr::server::headless: restored session already has workspaces; ignoring startup cwd cwd=/home/mbv
2026-09-08T13:57:14.480980Z  INFO herdr::server::headless: client protocol socket listening path=/home/mbv/.config/herdr/herdr-client.sock
2026-09-08T13:57:14.481008Z  INFO herdr::server::headless: herdr server started api_socket=/home/mbv/.config/herdr/herdr.sock client_socket=/home/mbv/.config/herdr/herdr-client.sock
2026-09-08T13:57:14.481190Z  INFO herdr::logging: herdr starting event="app.startup" subsystem="server" outcome="started" pid=5515
2026-09-08T13:57:14.520331Z  INFO herdr::server::headless: client connected client_id=2 cols=186 rows=50 cell_width_px=0 cell_height_px=0 render_encoding=TerminalAnsi
2026-09-08T13:57:14.602609Z  WARN herdr::detect::manifest_update: skipping unknown remote manifest agent agent="muse"
2026-09-08T13:57:14.620679Z  INFO herdr::logging: update available event="update.available" subsystem="update" outcome="ok" version="0.9.0"
2026-09-08T13:57:14.620689Z  INFO herdr::update: new stable build available at https://github.com/herdrdev/herdr/releases/download/v0.9.0/herdr-linux-x86_64
2026-09-08T13:57:14.620924Z  INFO herdr::update: auto-update check: 0.9.0 available, waiting for explicit install
2026-09-08T14:27:14.623790Z  WARN herdr::detect::manifest_update: skipping unknown remote manifest agent agent="muse"
2026-09-08T14:57:14.628359Z  WARN herdr::detect::manifest_update: skipping unknown remote manifest agent agent="muse"
2026-09-08T15:27:14.644709Z  WARN herdr::detect::manifest_update: skipping unknown remote manifest agent agent="muse"
2026-09-08T15:57:14.608049Z  WARN herdr::detect::manifest_update: skipping unknown remote manifest agent agent="muse"
2026-09-08T16:27:14.675982Z  WARN herdr::detect::manifest_update: skipping unknown remote manifest agent agent="muse"
2026-09-08T16:57:14.672610Z  WARN herdr::detect::manifest_update: skipping unknown remote manifest agent agent="muse"
2026-09-08T17:27:14.600359Z  WARN herdr::detect::manifest_update: skipping unknown remote manifest agent agent="muse"
2026-09-08T17:57:14.589822Z  WARN herdr::detect::manifest_update: skipping unknown remote manifest agent agent="muse"
2026-09-08T18:27:14.597171Z  WARN herdr::detect::manifest_update: skipping unknown remote manifest agent agent="muse"
2026-09-08T18:57:14.568182Z  WARN herdr::detect::manifest_update: skipping unknown remote manifest agent agent="muse"
2026-09-08T19:16:16.198332Z  INFO herdr::server::headless: client disconnected client_id=2
2026-09-08T19:17:16.444454Z  INFO herdr::server::headless: server shutdown initiated
2026-09-08T19:17:16.445374Z  INFO herdr::logging: pane child exited event="pane.exit" subsystem="pane" outcome="completed" pane_id=2 status="ExitStatus { code: 1, signal: Some(\"Hangup\") }"
2026-09-08T19:17:16.445558Z  INFO herdr::logging: pane child exited event="pane.exit" subsystem="pane" outcome="completed" pane_id=1 status="ExitStatus { code: 1, signal: Some(\"Hangup\") }"
2026-09-08T19:17:16.445871Z  INFO herdr::logging: pane child exited event="pane.exit" subsystem="pane" outcome="completed" pane_id=3 status="ExitStatus { code: 1, signal: Some(\"Hangup\") }"
2026-09-08T19:17:16.445874Z  INFO herdr::logging: pane child exited event="pane.exit" subsystem="pane" outcome="completed" pane_id=5 status="ExitStatus { code: 1, signal: Some(\"Hangup\") }"
2026-09-08T19:17:16.445965Z  INFO herdr::logging: pane child exited event="pane.exit" subsystem="pane" outcome="completed" pane_id=8 status="ExitStatus { code: 1, signal: Some(\"Hangup\") }"
2026-09-08T19:17:16.445997Z  INFO herdr::logging: pane child exited event="pane.exit" subsystem="pane" outcome="completed" pane_id=6 status="ExitStatus { code: 1, signal: Some(\"Hangup\") }"
2026-09-08T19:17:16.446008Z  INFO herdr::logging: pane child exited event="pane.exit" subsystem="pane" outcome="completed" pane_id=4 status="ExitStatus { code: 1, signal: Some(\"Hangup\") }"
2026-09-08T19:17:16.446013Z  INFO herdr::logging: pane child exited event="pane.exit" subsystem="pane" outcome="completed" pane_id=11 status="ExitStatus { code: 1, signal: Some(\"Hangup\") }"
2026-09-08T19:17:16.446088Z  INFO herdr::logging: pane child exited event="pane.exit" subsystem="pane" outcome="completed" pane_id=7 status="ExitStatus { code: 1, signal: Some(\"Hangup\") }"
2026-09-08T19:17:16.446123Z  INFO herdr::logging: pane child exited event="pane.exit" subsystem="pane" outcome="completed" pane_id=10 status="ExitStatus { code: 1, signal: Some(\"Hangup\") }"
2026-09-08T19:17:16.446127Z  INFO herdr::logging: pane child exited event="pane.exit" subsystem="pane" outcome="completed" pane_id=15 status="ExitStatus { code: 1, signal: Some(\"Hangup\") }"
2026-09-08T19:17:16.446135Z  INFO herdr::logging: pane child exited event="pane.exit" subsystem="pane" outcome="completed" pane_id=9 status="ExitStatus { code: 1, signal: Some(\"Hangup\") }"
2026-09-08T19:17:16.446142Z  INFO herdr::logging: pane child exited event="pane.exit" subsystem="pane" outcome="completed" pane_id=14 status="ExitStatus { code: 1, signal: Some(\"Hangup\") }"
2026-09-08T19:17:16.446143Z  INFO herdr::logging: pane child exited event="pane.exit" subsystem="pane" outcome="completed" pane_id=12 status="ExitStatus { code: 1, signal: Some(\"Hangup\") }"
2026-09-08T19:17:16.446130Z  INFO herdr::logging: pane child exited event="pane.exit" subsystem="pane" outcome="completed" pane_id=13 status="ExitStatus { code: 1, signal: Some(\"Hangup\") }"
2026-09-08T19:17:16.446166Z  INFO herdr::logging: pane child exited event="pane.exit" subsystem="pane" outcome="completed" pane_id=16 status="ExitStatus { code: 1, signal: Some(\"Hangup\") }"
2026-09-08T19:17:16.494611Z  INFO herdr::server::headless: completing server shutdown
2026-09-08T19:17:16.494949Z  INFO herdr::logging: session saved event="persist.save" subsystem="persist" outcome="ok" path=/home/mbv/.config/herdr/session.json workspaces=4
2026-09-08T19:17:16.494961Z  INFO herdr::server::headless: headless server exiting
2026-09-08T19:17:16.495016Z  INFO herdr::pane: pane session terminated pane=12 pid=5586 signal=Hangup
2026-09-08T19:17:16.495028Z  INFO herdr::pane: pane session terminated pane=15 pid=5660 signal=Hangup
2026-09-08T19:17:16.495039Z  INFO herdr::pane: pane session terminated pane=2 pid=5552 signal=Hangup
2026-09-08T19:17:16.495180Z  INFO herdr::pane: pane session terminated pane=10 pid=5579 signal=Hangup
2026-09-08T19:17:16.495284Z  INFO herdr::pane: pane session terminated pane=8 pid=5570 signal=Hangup
2026-09-08T19:17:16.495343Z  INFO herdr::pane: pane session terminated pane=16 pid=6161 signal=Hangup
2026-09-08T19:17:16.495377Z  INFO herdr::pane: pane session terminated pane=6 pid=5564 signal=Hangup
2026-09-08T19:17:16.495421Z  INFO herdr::pane: pane session terminated pane=7 pid=5567 signal=Hangup
2026-09-08T19:17:16.495458Z  INFO herdr::pane: pane session terminated pane=1 pid=5549 signal=Hangup
2026-09-08T19:17:16.495496Z  INFO herdr::pane: pane session terminated pane=3 pid=5555 signal=Hangup
2026-09-08T19:17:16.495548Z  INFO herdr::pane: pane session terminated pane=4 pid=5558 signal=Hangup
2026-09-08T19:17:16.495592Z  INFO herdr::pane: pane session terminated pane=5 pid=5561 signal=Hangup
2026-09-08T19:17:16.495629Z  INFO herdr::pane: pane session terminated pane=14 pid=5642 signal=Hangup
2026-09-08T19:17:16.495638Z  INFO herdr::pane: pane session terminated pane=13 pid=5620 signal=Hangup
2026-09-08T19:17:16.495647Z  INFO herdr::pane: pane session terminated pane=11 pid=5582 signal=Hangup
2026-09-08T19:17:16.495766Z  INFO herdr::pane: pane session terminated pane=9 pid=5574 signal=Hangup
2026-09-08T19:17:16.497081Z  INFO herdr::logging: herdr exiting event="app.shutdown" subsystem="server" outcome="completed" pid=5515
2026-09-09T10:21:26.207967Z  INFO herdr::api::server: api server listening path=/home/mbv/.config/herdr/herdr.sock
2026-09-09T10:21:26.209487Z  INFO herdr::logging: spawning pane terminal event="pane.spawn.start" subsystem="pane" outcome="started" pane_id=1 rows=24 cols=80 scrollback_limit_bytes=10000000
2026-09-09T10:21:26.210468Z  INFO herdr::logging: pane child spawned event="pane.spawned" subsystem="pane" outcome="ok" pane_id=1 pid=51645
2026-09-09T10:21:26.210626Z  INFO herdr::logging: spawning pane terminal event="pane.spawn.start" subsystem="pane" outcome="started" pane_id=2 rows=24 cols=80 scrollback_limit_bytes=10000000
2026-09-09T10:21:26.211503Z  INFO herdr::logging: pane child spawned event="pane.spawned" subsystem="pane" outcome="ok" pane_id=2 pid=51648
2026-09-09T10:21:26.211622Z  INFO herdr::logging: spawning pane terminal event="pane.spawn.start" subsystem="pane" outcome="started" pane_id=3 rows=24 cols=80 scrollback_limit_bytes=10000000
2026-09-09T10:21:26.212417Z  INFO herdr::logging: pane child spawned event="pane.spawned" subsystem="pane" outcome="ok" pane_id=3 pid=51651
2026-09-09T10:21:26.212627Z  INFO herdr::logging: spawning pane terminal event="pane.spawn.start" subsystem="pane" outcome="started" pane_id=4 rows=24 cols=80 scrollback_limit_bytes=10000000
2026-09-09T10:21:26.213501Z  INFO herdr::logging: pane child spawned event="pane.spawned" subsystem="pane" outcome="ok" pane_id=4 pid=51654
2026-09-09T10:21:26.213634Z  INFO herdr::logging: spawning pane terminal event="pane.spawn.start" subsystem="pane" outcome="started" pane_id=5 rows=24 cols=80 scrollback_limit_bytes=10000000
2026-09-09T10:21:26.214465Z  INFO herdr::logging: pane child spawned event="pane.spawned" subsystem="pane" outcome="ok" pane_id=5 pid=51657
2026-09-09T10:21:26.214602Z  INFO herdr::logging: spawning pane terminal event="pane.spawn.start" subsystem="pane" outcome="started" pane_id=6 rows=24 cols=80 scrollback_limit_bytes=10000000
2026-09-09T10:21:26.215484Z  INFO herdr::logging: pane child spawned event="pane.spawned" subsystem="pane" outcome="ok" pane_id=6 pid=51660
2026-09-09T10:21:26.215691Z  INFO herdr::logging: spawning pane terminal event="pane.spawn.start" subsystem="pane" outcome="started" pane_id=7 rows=24 cols=80 scrollback_limit_bytes=10000000
2026-09-09T10:21:26.216582Z  INFO herdr::logging: pane child spawned event="pane.spawned" subsystem="pane" outcome="ok" pane_id=7 pid=51663
2026-09-09T10:21:26.216721Z  INFO herdr::logging: spawning pane terminal event="pane.spawn.start" subsystem="pane" outcome="started" pane_id=8 rows=24 cols=80 scrollback_limit_bytes=10000000
2026-09-09T10:21:26.217674Z  INFO herdr::logging: pane child spawned event="pane.spawned" subsystem="pane" outcome="ok" pane_id=8 pid=51666
2026-09-09T10:21:26.217784Z  INFO herdr::logging: spawning pane terminal event="pane.spawn.start" subsystem="pane" outcome="started" pane_id=9 rows=24 cols=80 scrollback_limit_bytes=10000000
2026-09-09T10:21:26.218751Z  INFO herdr::logging: pane child spawned event="pane.spawned" subsystem="pane" outcome="ok" pane_id=9 pid=51670
2026-09-09T10:21:26.218892Z  INFO herdr::logging: spawning pane terminal event="pane.spawn.start" subsystem="pane" outcome="started" pane_id=10 rows=24 cols=80 scrollback_limit_bytes=10000000
2026-09-09T10:21:26.219908Z  INFO herdr::logging: pane child spawned event="pane.spawned" subsystem="pane" outcome="ok" pane_id=10 pid=51674
2026-09-09T10:21:26.220036Z  INFO herdr::logging: spawning pane terminal event="pane.spawn.start" subsystem="pane" outcome="started" pane_id=11 rows=24 cols=80 scrollback_limit_bytes=10000000
2026-09-09T10:21:26.221076Z  INFO herdr::logging: pane child spawned event="pane.spawned" subsystem="pane" outcome="ok" pane_id=11 pid=51678
2026-09-09T10:21:26.221239Z  INFO herdr::logging: spawning pane terminal event="pane.spawn.start" subsystem="pane" outcome="started" pane_id=12 rows=24 cols=80 scrollback_limit_bytes=10000000
2026-09-09T10:21:26.222340Z  INFO herdr::logging: pane child spawned event="pane.spawned" subsystem="pane" outcome="ok" pane_id=12 pid=51699
2026-09-09T10:21:26.222462Z  INFO herdr::logging: spawning pane terminal event="pane.spawn.start" subsystem="pane" outcome="started" pane_id=13 rows=24 cols=80 scrollback_limit_bytes=10000000
2026-09-09T10:21:26.223452Z  INFO herdr::logging: pane child spawned event="pane.spawned" subsystem="pane" outcome="ok" pane_id=13 pid=51715
2026-09-09T10:21:26.223572Z  INFO herdr::logging: spawning pane terminal event="pane.spawn.start" subsystem="pane" outcome="started" pane_id=14 rows=24 cols=80 scrollback_limit_bytes=10000000
2026-09-09T10:21:26.224726Z  INFO herdr::logging: pane child spawned event="pane.spawned" subsystem="pane" outcome="ok" pane_id=14 pid=51739
2026-09-09T10:21:26.224912Z  INFO herdr::logging: spawning pane terminal event="pane.spawn.start" subsystem="pane" outcome="started" pane_id=15 rows=24 cols=80 scrollback_limit_bytes=10000000
2026-09-09T10:21:26.226076Z  INFO herdr::logging: pane child spawned event="pane.spawned" subsystem="pane" outcome="ok" pane_id=15 pid=51778
2026-09-09T10:21:26.226312Z  INFO herdr::logging: spawning pane terminal event="pane.spawn.start" subsystem="pane" outcome="started" pane_id=16 rows=24 cols=80 scrollback_limit_bytes=10000000
2026-09-09T10:21:26.227590Z  INFO herdr::logging: pane child spawned event="pane.spawned" subsystem="pane" outcome="ok" pane_id=16 pid=51802
2026-09-09T10:21:26.227772Z  INFO herdr::logging: session restore evaluated event="persist.restore" subsystem="persist" outcome="ok" workspaces=4
2026-09-09T10:21:26.227784Z  INFO herdr::app: using pane scrollback configuration pane_scrollback_limit_bytes=10000000
2026-09-09T10:21:26.254313Z  INFO herdr::logging: checking for updates event="update.check.start" subsystem="update" outcome="started"
2026-09-09T10:21:26.255809Z  INFO herdr::server::headless: restored session already has workspaces; ignoring startup cwd cwd=/home/mbv
2026-09-09T10:21:26.256545Z  INFO herdr::server::headless: client protocol socket listening path=/home/mbv/.config/herdr/herdr-client.sock
2026-09-09T10:21:26.256574Z  INFO herdr::server::headless: herdr server started api_socket=/home/mbv/.config/herdr/herdr.sock client_socket=/home/mbv/.config/herdr/herdr-client.sock
2026-09-09T10:21:26.256921Z  INFO herdr::logging: herdr starting event="app.startup" subsystem="server" outcome="started" pid=51611
2026-09-09T10:21:26.307691Z  INFO herdr::server::headless: client connected client_id=2 cols=154 rows=75 cell_width_px=0 cell_height_px=0 render_encoding=SemanticFrame
2026-09-09T10:21:26.358118Z  WARN herdr::detect::manifest_update: skipping unknown remote manifest agent agent="muse"
2026-09-09T10:21:26.374150Z  INFO herdr::logging: update available event="update.available" subsystem="update" outcome="ok" version="0.9.0"
2026-09-09T10:21:26.374159Z  INFO herdr::update: new stable build available at https://github.com/herdrdev/herdr/releases/download/v0.9.0/herdr-linux-x86_64
2026-09-09T10:21:26.374416Z  INFO herdr::update: auto-update check: 0.9.0 available, waiting for explicit install
2026-09-09T10:21:37.327349Z  INFO herdr::server::headless: client resize client_id=2 cols=80 rows=24 cell_width_px=0 cell_height_px=0
2026-09-09T10:21:37.332250Z  INFO herdr::server::headless: client detached client_id=2
2026-09-09T10:21:37.332290Z  INFO herdr::server::headless: client disconnected client_id=2
2026-09-09T10:51:26.347156Z  WARN herdr::detect::manifest_update: skipping unknown remote manifest agent agent="muse"
2026-09-09T11:21:26.402383Z  WARN herdr::detect::manifest_update: skipping unknown remote manifest agent agent="muse"
2026-09-09T11:51:26.378867Z  WARN herdr::detect::manifest_update: skipping unknown remote manifest agent agent="muse"
2026-09-09T12:21:26.395737Z  WARN herdr::detect::manifest_update: skipping unknown remote manifest agent agent="muse"
2026-09-09T12:51:26.366974Z  WARN herdr::detect::manifest_update: skipping unknown remote manifest agent agent="muse"
2026-09-09T13:21:26.388832Z  WARN herdr::detect::manifest_update: skipping unknown remote manifest agent agent="muse"
2026-09-09T13:51:26.359035Z  WARN herdr::detect::manifest_update: skipping unknown remote manifest agent agent="muse"
2026-09-09T14:21:26.334256Z  WARN herdr::detect::manifest_update: skipping unknown remote manifest agent agent="muse"
2026-09-09T14:51:26.540618Z  WARN herdr::detect::manifest_update: skipping unknown remote manifest agent agent="muse"
2026-09-09T15:21:26.360180Z  WARN herdr::detect::manifest_update: skipping unknown remote manifest agent agent="muse"
2026-09-09T15:51:26.339101Z  WARN herdr::detect::manifest_update: skipping unknown remote manifest agent agent="muse"
2026-09-09T16:21:26.370482Z  WARN herdr::detect::manifest_update: skipping unknown remote manifest agent agent="muse"
2026-09-09T16:51:26.375999Z  WARN herdr::detect::manifest_update: skipping unknown remote manifest agent agent="muse"
2026-09-09T17:21:26.386626Z  WARN herdr::detect::manifest_update: skipping unknown remote manifest agent agent="muse"
2026-09-09T17:51:26.375597Z  WARN herdr::detect::manifest_update: skipping unknown remote manifest agent agent="muse"
2026-09-09T18:21:26.361700Z  WARN herdr::detect::manifest_update: skipping unknown remote manifest agent agent="muse"
2026-09-09T18:38:31.753132Z  INFO herdr::server::headless: server shutdown initiated
2026-09-09T18:38:31.803203Z  INFO herdr::server::headless: completing server shutdown
2026-09-09T18:38:31.803595Z  INFO herdr::logging: session saved event="persist.save" subsystem="persist" outcome="ok" path=/home/mbv/.config/herdr/session.json workspaces=4
2026-09-09T18:38:31.803613Z  INFO herdr::server::headless: headless server exiting
2026-09-09T18:38:31.804745Z  INFO herdr::logging: pane child exited event="pane.exit" subsystem="pane" outcome="completed" pane_id=16 status="ExitStatus { code: 1, signal: Some(\"Hangup\") }"
2026-09-09T18:38:31.810379Z  INFO herdr::pane: pane session terminated pane=16 pid=51802 signal=Hangup
2026-09-09T18:38:31.811109Z  INFO herdr::logging: pane child exited event="pane.exit" subsystem="pane" outcome="completed" pane_id=15 status="ExitStatus { code: 1, signal: Some(\"Hangup\") }"
2026-09-09T18:38:31.817117Z  INFO herdr::pane: pane session terminated pane=15 pid=51778 signal=Hangup
2026-09-09T18:38:31.817660Z  INFO herdr::logging: pane child exited event="pane.exit" subsystem="pane" outcome="completed" pane_id=2 status="ExitStatus { code: 1, signal: Some(\"Hangup\") }"
2026-09-09T18:38:31.822856Z  INFO herdr::pane: pane session terminated pane=2 pid=51648 signal=Hangup
2026-09-09T18:38:31.823477Z  INFO herdr::logging: pane child exited event="pane.exit" subsystem="pane" outcome="completed" pane_id=8 status="ExitStatus { code: 1, signal: Some(\"Hangup\") }"
2026-09-09T18:38:31.828771Z  INFO herdr::pane: pane session terminated pane=8 pid=51666 signal=Hangup
2026-09-09T18:38:31.829468Z  INFO herdr::logging: pane child exited event="pane.exit" subsystem="pane" outcome="completed" pane_id=11 status="ExitStatus { code: 1, signal: Some(\"Hangup\") }"
2026-09-09T18:38:31.834310Z  INFO herdr::pane: pane session terminated pane=11 pid=51678 signal=Hangup
2026-09-09T18:38:31.834856Z  INFO herdr::logging: pane child exited event="pane.exit" subsystem="pane" outcome="completed" pane_id=6 status="ExitStatus { code: 1, signal: Some(\"Hangup\") }"
2026-09-09T18:38:31.840094Z  INFO herdr::pane: pane session terminated pane=6 pid=51660 signal=Hangup
2026-09-09T18:38:31.840824Z  INFO herdr::logging: pane child exited event="pane.exit" subsystem="pane" outcome="completed" pane_id=10 status="ExitStatus { code: 1, signal: Some(\"Hangup\") }"
2026-09-09T18:38:31.845861Z  INFO herdr::pane: pane session terminated pane=10 pid=51674 signal=Hangup
2026-09-09T18:38:31.846444Z  INFO herdr::logging: pane child exited event="pane.exit" subsystem="pane" outcome="completed" pane_id=13 status="ExitStatus { code: 1, signal: Some(\"Hangup\") }"
2026-09-09T18:38:31.851141Z  INFO herdr::pane: pane session terminated pane=13 pid=51715 signal=Hangup
2026-09-09T18:38:31.851699Z  INFO herdr::logging: pane child exited event="pane.exit" subsystem="pane" outcome="completed" pane_id=12 status="ExitStatus { code: 1, signal: Some(\"Hangup\") }"
2026-09-09T18:38:31.856489Z  INFO herdr::pane: pane session terminated pane=12 pid=51699 signal=Hangup
2026-09-09T18:38:31.857222Z  INFO herdr::logging: pane child exited event="pane.exit" subsystem="pane" outcome="completed" pane_id=5 status="ExitStatus { code: 1, signal: Some(\"Hangup\") }"
2026-09-09T18:38:31.861680Z  INFO herdr::pane: pane session terminated pane=5 pid=51657 signal=Hangup
2026-09-09T18:38:31.862281Z  INFO herdr::logging: pane child exited event="pane.exit" subsystem="pane" outcome="completed" pane_id=4 status="ExitStatus { code: 1, signal: Some(\"Hangup\") }"
2026-09-09T18:38:31.866736Z  INFO herdr::pane: pane session terminated pane=4 pid=51654 signal=Hangup
2026-09-09T18:38:31.867243Z  INFO herdr::logging: pane child exited event="pane.exit" subsystem="pane" outcome="completed" pane_id=3 status="ExitStatus { code: 1, signal: Some(\"Hangup\") }"
2026-09-09T18:38:31.872291Z  INFO herdr::pane: pane session terminated pane=3 pid=51651 signal=Hangup
2026-09-09T18:38:31.872837Z  INFO herdr::logging: pane child exited event="pane.exit" subsystem="pane" outcome="completed" pane_id=9 status="ExitStatus { code: 1, signal: Some(\"Hangup\") }"
2026-09-09T18:38:31.878291Z  INFO herdr::pane: pane session terminated pane=9 pid=51670 signal=Hangup
2026-09-09T18:38:31.879479Z  INFO herdr::logging: pane child exited event="pane.exit" subsystem="pane" outcome="completed" pane_id=14 status="ExitStatus { code: 1, signal: Some(\"Hangup\") }"
2026-09-09T18:38:31.884406Z  INFO herdr::pane: pane session terminated pane=14 pid=51739 signal=Hangup
2026-09-09T18:38:31.884981Z  INFO herdr::logging: pane child exited event="pane.exit" subsystem="pane" outcome="completed" pane_id=7 status="ExitStatus { code: 1, signal: Some(\"Hangup\") }"
2026-09-09T18:38:31.889627Z  INFO herdr::pane: pane session terminated pane=7 pid=51663 signal=Hangup
2026-09-09T18:38:31.890531Z  INFO herdr::logging: pane child exited event="pane.exit" subsystem="pane" outcome="completed" pane_id=1 status="ExitStatus { code: 1, signal: Some(\"Hangup\") }"
2026-09-09T18:38:31.894644Z  INFO herdr::pane: pane session terminated pane=1 pid=51645 signal=Hangup
2026-09-09T18:38:31.895799Z  INFO herdr::logging: herdr exiting event="app.shutdown" subsystem="server" outcome="completed" pid=51611
2026-10-07T08:34:49.245945Z  INFO herdr::api::server: api server listening path=/home/mbv/.config/herdr/herdr.sock
2026-10-07T08:34:49.247637Z  INFO herdr::logging: spawning pane terminal event="pane.spawn.start" subsystem="pane" outcome="started" pane_id=1 rows=24 cols=80 scrollback_limit_bytes=10000000
2026-10-07T08:34:49.248361Z  INFO herdr::logging: pane child spawned event="pane.spawned" subsystem="pane" outcome="ok" pane_id=1 pid=4545
2026-10-07T08:34:49.248468Z  INFO herdr::logging: spawning pane terminal event="pane.spawn.start" subsystem="pane" outcome="started" pane_id=2 rows=24 cols=80 scrollback_limit_bytes=10000000
2026-10-07T08:34:49.249065Z  INFO herdr::logging: pane child spawned event="pane.spawned" subsystem="pane" outcome="ok" pane_id=2 pid=4548
2026-10-07T08:34:49.249175Z  INFO herdr::logging: spawning pane terminal event="pane.spawn.start" subsystem="pane" outcome="started" pane_id=3 rows=24 cols=80 scrollback_limit_bytes=10000000
2026-10-07T08:34:49.249784Z  INFO herdr::logging: pane child spawned event="pane.spawned" subsystem="pane" outcome="ok" pane_id=3 pid=4551
2026-10-07T08:34:49.251083Z  INFO herdr::logging: spawning pane terminal event="pane.spawn.start" subsystem="pane" outcome="started" pane_id=4 rows=24 cols=80 scrollback_limit_bytes=10000000
2026-10-07T08:34:49.251740Z  INFO herdr::logging: pane child spawned event="pane.spawned" subsystem="pane" outcome="ok" pane_id=4 pid=4554
2026-10-07T08:34:49.251848Z  INFO herdr::logging: spawning pane terminal event="pane.spawn.start" subsystem="pane" outcome="started" pane_id=5 rows=24 cols=80 scrollback_limit_bytes=10000000
2026-10-07T08:34:49.252581Z  INFO herdr::logging: pane child spawned event="pane.spawned" subsystem="pane" outcome="ok" pane_id=5 pid=4557
2026-10-07T08:34:49.252683Z  INFO herdr::logging: spawning pane terminal event="pane.spawn.start" subsystem="pane" outcome="started" pane_id=6 rows=24 cols=80 scrollback_limit_bytes=10000000
2026-10-07T08:34:49.253468Z  INFO herdr::logging: pane child spawned event="pane.spawned" subsystem="pane" outcome="ok" pane_id=6 pid=4560
2026-10-07T08:34:49.254315Z  INFO herdr::logging: spawning pane terminal event="pane.spawn.start" subsystem="pane" outcome="started" pane_id=7 rows=24 cols=80 scrollback_limit_bytes=10000000
2026-10-07T08:34:49.255077Z  INFO herdr::logging: pane child spawned event="pane.spawned" subsystem="pane" outcome="ok" pane_id=7 pid=4563
2026-10-07T08:34:49.255195Z  INFO herdr::logging: spawning pane terminal event="pane.spawn.start" subsystem="pane" outcome="started" pane_id=8 rows=24 cols=80 scrollback_limit_bytes=10000000
2026-10-07T08:34:49.255969Z  INFO herdr::logging: pane child spawned event="pane.spawned" subsystem="pane" outcome="ok" pane_id=8 pid=4567
2026-10-07T08:34:49.256411Z  INFO herdr::logging: spawning pane terminal event="pane.spawn.start" subsystem="pane" outcome="started" pane_id=9 rows=24 cols=80 scrollback_limit_bytes=10000000
2026-10-07T08:34:49.257374Z  INFO herdr::logging: pane child spawned event="pane.spawned" subsystem="pane" outcome="ok" pane_id=9 pid=4572
2026-10-07T08:34:49.257494Z  INFO herdr::logging: spawning pane terminal event="pane.spawn.start" subsystem="pane" outcome="started" pane_id=10 rows=24 cols=80 scrollback_limit_bytes=10000000
2026-10-07T08:34:49.258265Z  INFO herdr::logging: pane child spawned event="pane.spawned" subsystem="pane" outcome="ok" pane_id=10 pid=4575
2026-10-07T08:34:49.258388Z  INFO herdr::logging: spawning pane terminal event="pane.spawn.start" subsystem="pane" outcome="started" pane_id=11 rows=24 cols=80 scrollback_limit_bytes=10000000
2026-10-07T08:34:49.259206Z  INFO herdr::logging: pane child spawned event="pane.spawned" subsystem="pane" outcome="ok" pane_id=11 pid=4579
2026-10-07T08:34:49.259353Z  INFO herdr::logging: spawning pane terminal event="pane.spawn.start" subsystem="pane" outcome="started" pane_id=12 rows=24 cols=80 scrollback_limit_bytes=10000000
2026-10-07T08:34:49.260379Z  INFO herdr::logging: pane child spawned event="pane.spawned" subsystem="pane" outcome="ok" pane_id=12 pid=4614
2026-10-07T08:34:49.260490Z  INFO herdr::logging: spawning pane terminal event="pane.spawn.start" subsystem="pane" outcome="started" pane_id=13 rows=24 cols=80 scrollback_limit_bytes=10000000
2026-10-07T08:34:49.261384Z  INFO herdr::logging: pane child spawned event="pane.spawned" subsystem="pane" outcome="ok" pane_id=13 pid=4635
2026-10-07T08:34:49.261800Z  INFO herdr::logging: spawning pane terminal event="pane.spawn.start" subsystem="pane" outcome="started" pane_id=14 rows=24 cols=80 scrollback_limit_bytes=10000000
2026-10-07T08:34:49.262722Z  INFO herdr::logging: pane child spawned event="pane.spawned" subsystem="pane" outcome="ok" pane_id=14 pid=4656
2026-10-07T08:34:49.262842Z  INFO herdr::logging: spawning pane terminal event="pane.spawn.start" subsystem="pane" outcome="started" pane_id=15 rows=24 cols=80 scrollback_limit_bytes=10000000
2026-10-07T08:34:49.263776Z  INFO herdr::logging: pane child spawned event="pane.spawned" subsystem="pane" outcome="ok" pane_id=15 pid=4672
2026-10-07T08:34:49.264202Z  INFO herdr::logging: spawning pane terminal event="pane.spawn.start" subsystem="pane" outcome="started" pane_id=16 rows=24 cols=80 scrollback_limit_bytes=10000000
2026-10-07T08:34:49.273606Z  INFO herdr::logging: pane child spawned event="pane.spawned" subsystem="pane" outcome="ok" pane_id=16 pid=4945
2026-10-07T08:34:49.273856Z  INFO herdr::logging: session restore evaluated event="persist.restore" subsystem="persist" outcome="ok" workspaces=4
2026-10-07T08:34:49.273882Z  INFO herdr::app: using pane scrollback configuration pane_scrollback_limit_bytes=10000000
2026-10-07T08:34:49.305240Z  INFO herdr::logging: checking for updates event="update.check.start" subsystem="update" outcome="started"
2026-10-07T08:34:49.306340Z  INFO herdr::server::headless: restored session already has workspaces; ignoring startup cwd cwd=/home/mbv
2026-10-07T08:34:49.306871Z  INFO herdr::server::headless: client protocol socket listening path=/home/mbv/.config/herdr/herdr-client.sock
2026-10-07T08:34:49.306902Z  INFO herdr::server::headless: herdr server started api_socket=/home/mbv/.config/herdr/herdr.sock client_socket=/home/mbv/.config/herdr/herdr-client.sock
2026-10-07T08:34:49.307084Z  INFO herdr::logging: herdr starting event="app.startup" subsystem="server" outcome="started" pid=4511
2026-10-07T08:34:49.354928Z  INFO herdr::server::headless: client connected client_id=2 cols=313 rows=75 cell_width_px=0 cell_height_px=0 render_encoding=TerminalAnsi
2026-10-07T08:34:49.460668Z  WARN herdr::detect::manifest_update: skipping unknown remote manifest agent agent="letta"
2026-10-07T08:34:49.460687Z  WARN herdr::detect::manifest_update: skipping unknown remote manifest agent agent="muse"
2026-10-07T08:34:49.513421Z  INFO herdr::logging: update available event="update.available" subsystem="update" outcome="ok" version="0.9.3"
2026-10-07T08:34:49.513431Z  INFO herdr::update: new stable build available at https://github.com/herdrdev/herdr/releases/download/v0.9.3/herdr-linux-x86_64
2026-10-07T08:34:49.513611Z  INFO herdr::update: auto-update check: 0.9.3 available, waiting for explicit install
2026-10-07T08:34:55.366232Z  INFO herdr::server::headless: client detach requested via keybind client_id=2
2026-10-07T08:34:55.369142Z  INFO herdr::server::headless: client disconnected client_id=2
2026-10-07T09:04:48.808380Z  WARN herdr::detect::manifest_update: skipping unknown remote manifest agent agent="letta"
2026-10-07T09:04:48.808401Z  WARN herdr::detect::manifest_update: skipping unknown remote manifest agent agent="muse"
2026-10-07T09:34:48.779372Z  WARN herdr::detect::manifest_update: skipping unknown remote manifest agent agent="letta"
2026-10-07T09:34:48.779390Z  WARN herdr::detect::manifest_update: skipping unknown remote manifest agent agent="muse"
2026-10-07T10:04:48.850055Z  WARN herdr::detect::manifest_update: skipping unknown remote manifest agent agent="letta"
2026-10-07T10:04:48.850076Z  WARN herdr::detect::manifest_update: skipping unknown remote manifest agent agent="muse"
2026-10-07T10:34:48.809596Z  WARN herdr::detect::manifest_update: skipping unknown remote manifest agent agent="letta"
2026-10-07T10:34:48.809616Z  WARN herdr::detect::manifest_update: skipping unknown remote manifest agent agent="muse"
2026-10-07T11:04:48.801770Z  WARN herdr::detect::manifest_update: skipping unknown remote manifest agent agent="letta"
2026-10-07T11:04:48.801784Z  WARN herdr::detect::manifest_update: skipping unknown remote manifest agent agent="muse"
2026-10-07T11:34:48.801525Z  WARN herdr::detect::manifest_update: skipping unknown remote manifest agent agent="letta"
2026-10-07T11:34:48.801542Z  WARN herdr::detect::manifest_update: skipping unknown remote manifest agent agent="muse"
2026-10-07T12:04:48.817888Z  WARN herdr::detect::manifest_update: skipping unknown remote manifest agent agent="letta"
2026-10-07T12:04:48.817907Z  WARN herdr::detect::manifest_update: skipping unknown remote manifest agent agent="muse"
2026-10-07T12:34:48.805892Z  WARN herdr::detect::manifest_update: skipping unknown remote manifest agent agent="letta"
2026-10-07T12:34:48.805911Z  WARN herdr::detect::manifest_update: skipping unknown remote manifest agent agent="muse"
2026-10-07T13:04:48.808689Z  WARN herdr::detect::manifest_update: skipping unknown remote manifest agent agent="letta"
2026-10-07T13:04:48.808710Z  WARN herdr::detect::manifest_update: skipping unknown remote manifest agent agent="muse"
2026-10-07T13:35:06.734063Z  WARN herdr::detect::manifest_update: agent detection manifest update failed: failed to fetch https://herdr.dev/agent-detection/index.toml
2026-10-07T13:52:18.696048Z  INFO herdr::server::headless: server shutdown initiated
2026-10-07T13:52:18.697169Z  INFO herdr::logging: pane child exited event="pane.exit" subsystem="pane" outcome="completed" pane_id=4 status="ExitStatus { code: 1, signal: Some(\"Hangup\") }"
2026-10-07T13:52:18.697418Z  INFO herdr::logging: pane child exited event="pane.exit" subsystem="pane" outcome="completed" pane_id=10 status="ExitStatus { code: 1, signal: Some(\"Hangup\") }"
2026-10-07T13:52:18.697441Z  INFO herdr::logging: pane child exited event="pane.exit" subsystem="pane" outcome="completed" pane_id=1 status="ExitStatus { code: 1, signal: Some(\"Hangup\") }"
2026-10-07T13:52:18.697508Z  INFO herdr::logging: pane child exited event="pane.exit" subsystem="pane" outcome="completed" pane_id=14 status="ExitStatus { code: 1, signal: Some(\"Hangup\") }"
2026-10-07T13:52:18.697547Z  INFO herdr::logging: pane child exited event="pane.exit" subsystem="pane" outcome="completed" pane_id=2 status="ExitStatus { code: 1, signal: Some(\"Hangup\") }"
2026-10-07T13:52:18.697567Z  INFO herdr::logging: pane child exited event="pane.exit" subsystem="pane" outcome="completed" pane_id=13 status="ExitStatus { code: 1, signal: Some(\"Hangup\") }"
2026-10-07T13:52:18.697586Z  INFO herdr::logging: pane child exited event="pane.exit" subsystem="pane" outcome="completed" pane_id=9 status="ExitStatus { code: 1, signal: Some(\"Hangup\") }"
2026-10-07T13:52:18.697656Z  INFO herdr::logging: pane child exited event="pane.exit" subsystem="pane" outcome="completed" pane_id=3 status="ExitStatus { code: 1, signal: Some(\"Hangup\") }"
2026-10-07T13:52:18.697729Z  INFO herdr::logging: pane child exited event="pane.exit" subsystem="pane" outcome="completed" pane_id=8 status="ExitStatus { code: 1, signal: Some(\"Hangup\") }"
2026-10-07T13:52:18.697728Z  INFO herdr::logging: pane child exited event="pane.exit" subsystem="pane" outcome="completed" pane_id=5 status="ExitStatus { code: 1, signal: Some(\"Hangup\") }"
2026-10-07T13:52:18.697818Z  INFO herdr::logging: pane child exited event="pane.exit" subsystem="pane" outcome="completed" pane_id=6 status="ExitStatus { code: 1, signal: Some(\"Hangup\") }"
2026-10-07T13:52:18.697831Z  INFO herdr::logging: pane child exited event="pane.exit" subsystem="pane" outcome="completed" pane_id=7 status="ExitStatus { code: 1, signal: Some(\"Hangup\") }"
2026-10-07T13:52:18.697851Z  INFO herdr::logging: pane child exited event="pane.exit" subsystem="pane" outcome="completed" pane_id=15 status="ExitStatus { code: 1, signal: Some(\"Hangup\") }"
2026-10-07T13:52:18.697851Z  INFO herdr::logging: pane child exited event="pane.exit" subsystem="pane" outcome="completed" pane_id=12 status="ExitStatus { code: 1, signal: Some(\"Hangup\") }"
2026-10-07T13:52:18.697865Z  INFO herdr::logging: pane child exited event="pane.exit" subsystem="pane" outcome="completed" pane_id=16 status="ExitStatus { code: 1, signal: Some(\"Hangup\") }"
2026-10-07T13:52:18.697891Z  INFO herdr::logging: pane child exited event="pane.exit" subsystem="pane" outcome="completed" pane_id=11 status="ExitStatus { code: 1, signal: Some(\"Hangup\") }"
2026-10-07T13:52:18.746189Z  INFO herdr::server::headless: completing server shutdown
2026-10-07T13:52:18.746620Z  INFO herdr::logging: session saved event="persist.save" subsystem="persist" outcome="ok" path=/home/mbv/.config/herdr/session.json workspaces=4
2026-10-07T13:52:18.746637Z  INFO herdr::server::headless: headless server exiting
2026-10-07T13:52:18.746775Z  INFO herdr::pane: pane session terminated pane=3 pid=4551 signal=Hangup
2026-10-07T13:52:18.746826Z  INFO herdr::pane: pane session terminated pane=12 pid=4614 signal=Hangup
2026-10-07T13:52:18.746862Z  INFO herdr::pane: pane session terminated pane=2 pid=4548 signal=Hangup
2026-10-07T13:52:18.746900Z  INFO herdr::pane: pane session terminated pane=10 pid=4575 signal=Hangup
2026-10-07T13:52:18.746945Z  INFO herdr::pane: pane session terminated pane=8 pid=4567 signal=Hangup
2026-10-07T13:52:18.746991Z  INFO herdr::pane: pane session terminated pane=4 pid=4554 signal=Hangup
2026-10-07T13:52:18.747030Z  INFO herdr::pane: pane session terminated pane=14 pid=4656 signal=Hangup
2026-10-07T13:52:18.747062Z  INFO herdr::pane: pane session terminated pane=9 pid=4572 signal=Hangup
2026-10-07T13:52:18.747088Z  INFO herdr::pane: pane session terminated pane=1 pid=4545 signal=Hangup
2026-10-07T13:52:18.747123Z  INFO herdr::pane: pane session terminated pane=5 pid=4557 signal=Hangup
2026-10-07T13:52:18.747149Z  INFO herdr::pane: pane session terminated pane=11 pid=4579 signal=Hangup
2026-10-07T13:52:18.747177Z  INFO herdr::pane: pane session terminated pane=13 pid=4635 signal=Hangup
2026-10-07T13:52:18.747187Z  INFO herdr::pane: pane session terminated pane=16 pid=4945 signal=Hangup
2026-10-07T13:52:18.747240Z  INFO herdr::pane: pane session terminated pane=7 pid=4563 signal=Hangup
2026-10-07T13:52:18.747250Z  INFO herdr::pane: pane session terminated pane=6 pid=4560 signal=Hangup
2026-10-07T13:52:18.747261Z  INFO herdr::pane: pane session terminated pane=15 pid=4672 signal=Hangup
2026-10-07T13:52:18.748501Z  INFO herdr::logging: herdr exiting event="app.shutdown" subsystem="server" outcome="completed" pid=4511
